episode,reward,steps
1,-10.0,15
2,-12.0,20
3,-10.9,25
4,-7.8999999999999995,5
5,-11.0,10
6,-0.29999999999999893,15
7,-11.2,15
8,-10.5,5
9,-11.0,10
10,-11.1,20
11,-10.5,5
12,-11.0,10
13,-11.5,30
14,-7.9,20
15,-10.0,30
16,-11.0,10
17,-11.5,15
18,-10.9,15
19,-11.0,10
20,-10.5,5
21,-10.5,5
22,-3.299999999999998,15
23,-11.5,15
24,-7.199999999999999,5
25,-9.299999999999999,5
26,-10.5,5
27,-10.5,5
28,-10.5,5
29,-11.0,10
30,-6.199999999999999,15
31,-11.1,20
32,-9.5,25
33,-9.299999999999999,15
34,-10.5,5
35,-11.5,15
36,-12.5,25
37,-10.5,5
38,-11.0,10
39,1.0000000000000053,40
40,-10.2,20
41,-11.0,10
42,-3.799999999999998,20
43,-5.499999999999999,10
44,-13.0,30
45,-11.5,15
46,-11.0,10
47,-8.0,20
48,-10.5,5
49,-6.3999999999999995,15
50,-12.0,20
51,-10.5,5
52,-10.5,5
53,-8.4,15
54,-11.5,15
55,-8.700000000000001,20
56,-10.2,5
57,-6.4,35
58,-4.3999999999999995,10
59,-10.5,5
60,-4.999999999999999,15
61,-6.5,15
62,-11.0,10
63,-4.399999999999999,10
64,-10.5,5
65,-10.5,5
66,-10.4,10
67,-10.5,5
68,-10.7,10
69,-11.0,10
70,-9.9,5
71,-12.0,20
72,-10.7,10
73,-8.5,15
74,-3.799999999999998,20
75,-10.799999999999999,20
76,-11.0,10
77,-7.699999999999999,15
78,-10.5,5
79,-3.1999999999999984,20
80,-10.5,5
81,-8.9,5
82,-9.9,5
83,-10.5,5
84,-11.5,15
85,-10.5,5
86,-4.6999999999999975,15
87,-10.2,5
88,-11.0,10
89,-10.2,5
90,-12.5,25
91,0.40000000000000746,45
92,-5.3,20
93,-12.5,25
94,-8.9,10
95,-3.3999999999999986,10
96,-10.1,10
97,-12.2,25
98,-11.0,10
99,-10.5,5
100,-6.4,15
101,-2.399999999999997,65
102,-7.299999999999994,45
103,-0.8999999999999968,20
104,-13.0,30
105,-13.0,30
106,-10.5,5
107,-7.199999999999999,5
108,-9.5,20
109,-9.3,25
110,-11.5,15
111,-11.0,10
112,-8.6,5
113,-9.799999999999999,10
114,-11.5,15
115,-10.1,10
116,-10.4,45
117,-12.5,25
118,-9.299999999999999,15
119,-7.4,20
120,-10.5,5
121,-10.5,5
122,-10.7,10
123,-12.2,25
124,-11.0,10
125,-11.2,15
126,-4.999999999999999,15
127,-6.8,20
128,-10.5,5
129,-10.5,5
130,-11.0,10
131,-10.5,5
132,-11.4,20
133,-11.0,10
134,-10.4,20
135,-9.799999999999999,10
136,-8.2,10
137,-10.6,15
138,-11.2,15
139,-10.5,5
140,-10.2,5
141,-11.5,15
142,-11.7,20
143,-11.0,10
144,-9.799999999999999,10
145,-9.4,20
146,-11.2,30
147,-11.0,10
148,-10.9,15
149,-11.5,15
150,-10.7,10
151,-10.6,15
152,-10.5,5
153,-10.5,5
154,-9.9,5
155,-10.7,10
156,-9.9,5
157,-12.0,20
158,-11.5,15
159,-10.2,5
160,-11.9,40
161,0.9000000000000021,20
162,12.099999999999989,40
163,-2.399999999999997,20
164,-12.5,25
165,-10.1,45
166,-11.5,15
167,-11.5,15
168,-10.799999999999999,20
169,-4.699999999999998,20
170,-10.5,5
171,-7.8999999999999995,5
172,-7.6,15
173,-1.3999999999999986,20
174,-11.0,10
175,-12.5,25
176,-10.5,5
177,-12.0,20
178,-11.0,10
179,-11.0,10
180,-10.1,10
181,-7.199999999999999,5
182,-8.6,15
183,-3.3999999999999986,15
184,-11.0,10
185,-10.1,25
186,-10.9,15
187,-1.9999999999999982,10
188,-7.699999999999999,15
189,-10.7,10
190,-0.9999999999999982,20
191,-10.7,10
192,-5.699999999999999,15
193,-11.0,10
194,-10.6,15
195,-11.0,10
196,1.8000000000000043,20
197,-6.9,15
198,-11.0,10
199,-5.199999999999996,20
200,-9.6,15
201,-10.5,5
202,-10.5,5
203,-10.5,5
204,-12.0,20
205,-6.9,20
206,-11.0,10
207,-10.5,5
208,-6.8,10
209,-11.4,20
210,-11.0,10
211,-10.5,5
212,-11.0,10
213,-0.3000000000000007,15
214,-7.199999999999999,5
215,-2.599999999999998,20
216,-10.9,15
217,-5.099999999999993,35
218,-10.5,5
219,-10.0,15
220,-10.5,5
221,-10.5,5
222,-11.5,15
223,-11.5,15
224,-12.0,20
225,-11.5,15
226,-9.9,5
227,-6.6,20
228,-5.599999999999993,25
229,-6.799999999999999,20
230,-11.0,10
231,-10.2,5
232,-11.0,10
233,-2.9999999999999902,40
234,-11.5,15
235,13.499999999999991,35
236,-10.5,5
237,-10.299999999999999,15
238,-6.0,15
239,-11.0,10
240,-11.5,15
241,-11.0,10
242,-10.5,5
243,-10.5,5
244,-12.5,25
245,-10.5,5
246,-10.5,5
247,-9.9,5
248,-11.0,10
249,-7.8999999999999995,5
250,-10.5,5
251,-6.499999999999998,20
252,-12.0,20
253,-10.5,5
254,-11.0,10
255,-10.5,5
256,-11.299999999999999,25
257,-10.299999999999999,15
258,-11.0,10
259,-10.5,5
260,10.299999999999999,50
261,-5.699999999999999,15
262,-10.1,25
263,-10.5,5
264,4.900000000000004,20
265,-9.2,5
266,-10.5,5
267,-5.799999999999999,10
268,-10.5,5
269,-9.6,5
270,-8.6,5
271,-7.8,35
272,-5.7,15
273,-11.0,10
274,-4.799999999999998,10
275,-11.1,20
276,-11.0,25
277,-10.5,5
278,-10.5,5
279,-9.2,10
280,-8.5,10
281,-11.5,15
282,-10.5,5
283,-3.6999999999999993,15
284,-10.5,5
285,-10.7,10
286,-11.0,10
287,-10.5,5
288,-10.4,10
289,-3.8999999999999924,30
290,-11.0,10
291,-12.4,30
292,-6.099999999999992,30
293,-0.3000000000000007,15
294,-10.2,5
295,-7.199999999999999,5
296,-9.9,20
297,-11.5,15
298,-9.1,10
299,-5.7,15
300,-10.5,5
301,-7.1,10
302,-2.599999999999998,20
303,-2.3999999999999986,20
304,-11.5,15
305,-10.5,5
306,-12.5,25
307,-11.0,10
308,-11.5,15
309,-10.6,15
310,-10.5,5
311,-10.5,5
312,-10.5,5
313,-10.5,5
314,-10.5,5
315,-10.4,25
316,-7.3,25
317,-11.0,10
318,-7.099999999999999,15
319,-5.399999999999998,20
320,4.200000000000003,20
321,-10.5,5
322,3.5000000000000036,20
323,-10.5,5
324,-10.5,5
325,-8.5,20
326,-10.5,5
327,-10.5,5
328,-6.799999999999995,30
329,-4.799999999999999,20
330,-0.9999999999999982,15
331,-10.5,5
332,-11.2,15
333,-6.8,20
334,-10.2,5
335,-11.0,10
336,-11.0,10
337,-5.6,15
338,11.99999999999997,65
339,-2.3999999999999977,20
340,-10.5,5
341,-9.7,15
342,5.999999999999998,35
343,-11.0,10
344,-2.799999999999998,20
345,-11.2,25
346,-9.5,20
347,-11.0,10
348,-5.3999999999999915,30
349,-0.5,20
350,-4.3,50
351,3.3000000000000025,40
352,-12.5,25
353,-9.9,5
354,-10.2,20
355,-10.9,15
356,-10.5,5
357,-2.299999999999997,20
358,-10.5,5
359,-10.5,5
360,-4.399999999999999,10
361,3.0999999999999943,30
362,-6.8999999999999995,25
363,-11.1,20
364,-10.5,5
365,-11.0,10
366,-2.099999999999998,20
367,-11.0,10
368,0.5000000000000018,20
369,-11.0,10
370,-6.499999999999999,10
371,-1.2999999999999972,15
372,-11.0,10
373,-10.5,5
374,-10.5,5
375,-10.5,5
376,12.699999999999983,65
377,-12.2,25
378,-10.5,5
379,-6.6,15
380,-11.0,10
381,-10.299999999999999,15
382,-11.1,20
383,-10.5,5
384,-9.3,20
385,-10.2,5
386,-11.5,15
387,-10.1,10
388,-10.5,5
389,0.40000000000000213,15
390,-8.9,10
391,-6.6,15
392,-11.5,15
393,-10.7,10
394,-8.6,30
395,-10.5,5
396,0.7000000000000028,20
397,-12.0,20
398,-2.3999999999999977,15
399,-10.5,5
400,-1.6999999999999993,20
401,-10.5,5
402,-12.0,20
403,-11.5,15
404,-7.199999999999999,10
405,-10.4,10
406,-11.5,15
407,0.7000000000000011,30
408,-4.199999999999999,20
409,-11.0,10
410,-11.5,15
411,5.900000000000004,35
412,-11.0,10
413,-10.5,5
414,-11.0,10
415,-6.5,5
416,-11.0,10
417,-7.199999999999999,5
418,-12.0,20
419,23.199999999999967,50
420,-7.199999999999999,5
421,-11.5,15
422,-10.5,5
423,-8.0,20
424,-10.5,5
425,5.329070518200751e-15,50
426,-10.3,30
427,-11.5,15
428,-3.3999999999999977,15
429,-11.9,25
430,-11.2,15
431,-6.3,15
432,-7.199999999999999,5
433,-11.0,10
434,-11.0,10
435,-11.5,15
436,-10.5,5
437,-10.1,20
438,-0.3000000000000025,20
439,-10.5,5
440,-0.9999999999999982,15
441,-12.0,20
442,-10.5,5
443,-7.199999999999999,5
444,2.600000000000003,20
445,-10.5,5
446,-10.5,5
447,-11.0,10
448,-5.199999999999999,20
449,-11.7,20
450,-1.200000000000001,20
451,-4.799999999999999,20
452,-10.2,5
453,-6.399999999999995,45
454,-11.0,10
455,-6.5,5
456,-6.1,15
457,-10.5,5
458,-7.1,15
459,-10.5,20
460,-11.0,10
461,-10.5,5
462,-10.5,5
463,-8.9,15
464,-10.5,5
465,-9.5,10
466,-2.3999999999999977,20
467,4.900000000000002,20
468,-11.0,10
469,-9.6,5
470,-9.9,5
471,-10.4,25
472,-11.5,15
473,-3.299999999999997,20
474,-10.6,15
475,-9.7,15
476,-8.1,20
477,-10.5,5
478,-11.0,10
479,-11.2,15
480,-11.0,10
481,20.09999999999998,40
482,-12.4,30
483,-7.699999999999999,10
484,-11.2,15
485,-11.0,10
486,-5.699999999999999,20
487,-10.5,5
488,-5.899999999999997,15
489,-10.1,10
490,-11.5,15
491,-8.6,20
492,-10.7,10
493,-4.299999999999998,20
494,-10.1,10
495,-11.0,10
496,-4.499999999999993,30
497,-11.0,10
498,-11.2,15
499,-11.0,10
500,-3.1999999999999957,20
501,-8.600000000000001,30
502,-10.2,5
503,-4.199999999999999,35
504,-11.1,20
505,-10.5,5
506,1.700000000000001,45
507,1.6000000000000032,20
508,-11.0,10
509,-2.799999999999999,20
510,-11.5,15
511,-11.0,10
512,7.3000000000000025,30
513,-6.899999999999999,20
514,-11.0,10
515,-12.0,20
516,-12.5,25
517,-12.1,30
518,-10.200000000000001,30
519,1.5000000000000036,20
520,-0.7999999999999989,20
521,-11.0,10
522,-10.5,20
523,-10.5,5
524,-9.799999999999999,10
525,-9.4,15
526,-9.5,20
527,-10.9,15
528,-11.0,10
529,-7.199999999999999,5
530,-10.5,5
531,-9.4,15
532,-8.6,5
533,-10.5,5
534,-8.2,5
535,1.4000000000000004,20
536,-10.5,5
537,-7.699999999999999,20
538,-11.0,10
539,-10.5,5
540,-7.199999999999999,5
541,-11.5,15
542,-10.1,10
543,-10.7,10
544,-10.5,5
545,-6.1,10
546,-9.299999999999999,15
547,-6.1,15
548,-11.0,10
549,-2.599999999999998,20
550,-10.5,5
551,0.9000000000000021,20
552,-11.0,10
553,-11.0,10
554,-10.5,5
555,-11.0,10
556,-7.699999999999999,20
557,-11.5,15
558,-7.8,15
559,-10.5,5
560,-8.8,10
561,-11.4,20
562,-10.5,5
563,-10.5,5
564,-4.699999999999998,20
565,-10.0,15
566,-11.0,10
567,-4.699999999999998,15
568,-11.0,10
569,-10.7,10
570,-8.5,10
571,-10.5,5
572,-11.5,15
573,-10.5,5
574,-11.0,10
575,-10.9,15
576,-11.0,10
577,0.3999999999999986,20
578,0.40000000000000213,15
579,-5.399999999999999,10
580,-11.5,15
581,-11.5,15
582,-5.999999999999998,15
583,-6.099999999999999,10
584,-1.6999999999999993,20
585,-10.5,5
586,-11.5,15
587,-10.5,5
588,-11.2,15
589,-12.5,25
590,-11.0,10
591,-11.0,10
592,-11.0,10
593,-4.799999999999999,20
594,-10.1,10
595,3.1000000000000014,40
596,-10.5,5
597,-4.099999999999998,15
598,-13.0,30
599,0.40000000000000036,15
600,-5.0999999999999925,30
601,-8.4,10
602,11.099999999999989,35
603,-2.599999999999998,35
604,-0.8999999999999968,20
605,3.5,20
606,-8.2,15
607,-12.5,25
608,-3.3999999999999986,10
609,13.799999999999978,45
610,-7.6,25
611,-9.9,5
612,-10.5,5
613,-9.200000000000001,25
614,-11.0,10
615,-9.6,15
616,-5.299999999999994,25
617,-10.799999999999999,20
618,-8.2,5
619,-10.4,10
620,4.900000000000004,20
621,-11.0,10
622,-10.9,15
623,3.200000000000001,20
624,-11.5,15
625,2.5000000000000018,20
626,-9.6,15
627,0.1000000000000032,20
628,-11.0,10
629,0.5,20
630,13.599999999999985,40
631,-3.3999999999999986,15
632,-12.5,25
633,-12.5,25
634,-1.9999999999999982,10
635,-11.0,10
636,-12.5,25
637,-10.5,5
638,-10.299999999999999,15
639,-4.899999999999985,50
640,-11.0,10
641,-11.0,10
642,-10.5,5
643,1.0999999999999996,20
644,2.2000000000000046,20
645,-0.7999999999999989,20
646,-12.0,20
647,-10.5,5
648,-10.5,5
649,-2.9999999999999973,15
650,0.40000000000000213,15
651,-8.299999999999997,45
652,-2.6999999999999984,10
653,1.2000000000000028,20
654,-11.0,10
655,-9.5,20
656,-4.6,15
657,-2.9999999999999982,20
658,2.8000000000000025,20
659,1.8000000000000025,15
660,6.399999999999997,35
661,2.200000000000003,20
662,-2.5999999999999988,15
663,-10.5,5
664,-9.2,20
665,-0.9999999999999982,20
666,3.5,20
667,-10.2,5
668,-9.9,5
669,-4.099999999999999,20
670,-8.1,10
671,-10.5,5
672,-9.1,15
673,-6.1,10
674,-10.5,5
675,-8.6,15
676,-4.3,15
677,-11.0,10
678,-10.7,10
679,12.499999999999991,35
680,3.200000000000001,20
681,-7.8999999999999995,5
682,-4.3999999999999995,20
683,-10.5,5
684,-5.899999999999993,30
685,-6.8999999999999995,20
686,-9.0,15
687,-11.5,15
688,20.699999999999974,50
689,16.499999999999986,65
690,-0.5,20
691,-10.2,20
692,-9.299999999999999,15
693,-11.0,10
694,3.5000000000000036,20
695,-9.7,15
696,-11.5,15
697,-9.9,15
698,6.999999999999998,35
699,6.3000000000000025,20
700,-11.5,15
701,-11.0,10
702,0.5,20
703,6.799999999999995,35
704,-10.5,5
705,-4.299999999999999,15
706,-9.1,15
707,5.600000000000003,20
708,-10.5,5
709,-12.5,25
710,-3.1999999999999984,15
711,-10.5,5
712,-10.2,5
713,12.799999999999988,35
714,0.6000000000000032,20
715,-10.5,5
716,-11.0,10
717,-10.2,5
718,-11.0,10
719,4.900000000000002,20
720,-3.3999999999999986,20
721,-1.299999999999999,20
722,-5.8,10
723,-4.6,15
724,-11.299999999999999,25
725,-3.1999999999999984,15
726,-10.5,5
727,-7.699999999999997,45
728,-11.2,15
729,-9.6,5
730,-11.5,15
731,-2.3999999999999977,15
732,-0.39999999999999325,30
733,-8.5,15
734,-3.799999999999998,15
735,-6.6,20
736,-1.6999999999999975,15
737,-10.5,5
738,-11.0,10
739,-3.5999999999999988,15
740,-7.5,20
741,-11.0,10
742,-10.1,20
743,-7.199999999999999,15
744,-7.5,15
745,1.8000000000000025,15
746,-10.5,5
747,-10.5,5
748,-11.0,10
749,0.5,20
750,-0.29999999999999716,15
751,-10.4,10
752,1.8000000000000025,15
753,-10.5,5
754,-10.2,5
755,0.40000000000000036,15
756,-1.6999999999999975,15
757,-10.5,5
758,-9.6,5
759,7.699999999999987,45
760,-7.9,10
761,5.799999999999999,35
762,-11.5,15
763,-7.1,15
764,-10.2,15
765,-11.0,10
766,-4.099999999999999,10
767,-10.5,5
768,-6.0,15
769,-11.5,15
770,-1.5,35
771,4.200000000000001,20
772,-10.5,5
773,0.1999999999999993,20
774,-9.6,25
775,-10.5,5
776,-1.0,15
777,-9.299999999999999,5
778,-1.0999999999999943,30
779,-10.5,5
780,-8.9,30
781,1.8000000000000025,15
782,3.5000000000000018,20
783,-1.399999999999995,30
784,-11.5,15
785,1.6000000000000032,20
786,-5.1,15
787,1.4000000000000004,20
788,-10.5,5
789,-10.5,5
790,-12.5,25
791,-9.299999999999999,5
792,-10.9,15
793,-10.5,5
794,-11.0,10
795,-11.5,15
796,-1.799999999999999,20
797,-11.0,10
798,-8.9,10
799,-10.1,10
800,-4.999999999999999,15
801,-8.0,15
802,-11.0,10
803,-6.6,15
804,-2.3999999999999977,15
805,-2.299999999999997,25
806,-10.5,5
807,1.400000000000004,35
808,-10.5,5
809,-10.2,5
810,2.5000000000000036,15
811,-11.0,10
812,-7.1,20
813,4.800000000000004,35
814,0.5000000000000018,20
815,2.5000000000000036,15
816,1.1000000000000014,15
817,-6.0,15
818,-10.5,5
819,-9.7,15
820,-9.0,20
821,1.8000000000000025,15
822,8.699999999999994,45
823,-6.699999999999999,15
824,-9.5,20
825,-2.599999999999998,15
826,-8.6,5
827,-10.5,5
828,-0.9999999999999982,15
829,-9.7,10
830,-10.5,5
831,-9.299999999999999,5
832,15.299999999999985,40
833,-12.5,25
834,1.1000000000000014,15
835,13.199999999999983,40
836,-10.7,10
837,-13.0,30
838,-10.7,10
839,16.699999999999974,50
840,-1.6999999999999993,20
841,8.299999999999992,50
842,-9.299999999999999,5
843,-11.0,10
844,-5.3,20
845,-5.499999999999999,20
846,-10.5,5
847,-5.3999999999999995,10
848,-2.9999999999999973,15
849,-11.0,10
850,-12.5,25
851,-10.5,5
852,1.3999999999999968,20
853,3.5000000000000018,20
854,2.5000000000000036,15
855,0.7000000000000028,20
856,-3.1999999999999957,35
857,-4.599999999999999,20
858,-8.6,5
859,-10.5,5
860,-0.5999999999999979,20
861,-10.1,25
862,-5.799999999999999,15
863,-10.5,5
864,-6.199999999999999,10
865,-11.5,15
866,-10.5,5
867,-7.199999999999999,5
868,-11.0,10
869,-11.0,10
870,-3.3999999999999986,20
871,-10.5,5
872,-10.5,5
873,-10.5,5
874,-6.3999999999999995,15
875,-4.199999999999998,20
876,-2.9999999999999982,15
877,-10.5,5
878,-10.5,5
879,-5.499999999999999,10
880,-10.4,10
881,-2.3999999999999977,15
882,0.09999999999999787,20
883,1.5,20
884,-8.5,20
885,-10.7,10
886,-10.5,5
887,5.600000000000003,20
888,-4.199999999999999,20
889,-11.5,15
890,-10.5,5
891,-7.199999999999999,5
892,-0.3000000000000007,15
893,-10.5,5
894,-8.1,10
895,4.200000000000005,20
896,-0.4999999999999982,20
897,-11.0,10
898,-10.5,5
899,-11.5,15
900,-11.5,15
901,-10.5,5
902,6.500000000000002,35
903,10.799999999999988,40
904,-10.5,5
905,-3.099999999999998,20
906,-11.0,10
907,-6.299999999999999,15
908,-12.5,25
909,-11.0,10
910,-11.5,15
911,-7.1,10
912,-4.299999999999995,25
913,-3.8999999999999995,20
914,17.799999999999983,50
915,-11.5,15
916,0.40000000000000213,15
917,-10.5,5
918,7.799999999999981,50
919,4.300000000000004,45
920,-11.0,10
921,-10.5,5
922,-10.9,15
923,-10.5,5
924,-10.5,5
925,-11.2,15
926,2.200000000000001,20
927,-10.5,5
928,-4.799999999999995,25
929,-11.299999999999999,25
930,-10.5,5
931,5.600000000000005,20
932,-7.6,20
933,-8.8,20
934,-11.0,10
935,-7.3999999999999995,10
936,-10.5,5
937,-10.5,5
938,-6.1,20
939,-10.5,5
940,-10.5,5
941,-7.499999999999999,10
942,-10.5,5
943,-1.9999999999999982,15
944,-9.9,5
945,-11.0,10
946,1.0999999999999979,35
947,-0.4999999999999982,20
948,1.9000000000000021,20
949,-11.5,15
950,4.900000000000004,20
951,1.1000000000000014,15
952,1.6999999999999975,50
953,22.29999999999996,65
954,-11.0,10
955,-10.5,5
956,0.40000000000000213,15
957,-11.5,15
958,2.8000000000000007,20
959,-7.699999999999999,15
960,-9.9,5
961,-0.8999999999999986,15
962,-6.399999999999999,15
963,-0.9999999999999982,20
964,1.1000000000000032,15
965,-4.799999999999999,20
966,-9.6,5
967,-1.0999999999999979,20
968,-8.2,10
969,4.099999999999998,35
970,-10.5,5
971,-10.7,10
972,-10.5,5
973,-2.8999999999999977,20
974,-1.0999999999999979,20
975,-9.1,10
976,-5.599999999999999,20
977,-10.5,5
978,-1.9999999999999964,20
979,-9.1,15
980,-10.5,5
981,-1.6999999999999975,20
982,-0.29999999999999716,15
983,-11.5,15
984,-1.0,15
985,-11.0,10
986,-10.2,5
987,11.499999999999988,40
988,-7.0,15
989,-5.199999999999999,20
990,-10.5,5
991,-2.6999999999999957,35
992,-12.5,25
993,-11.2,15
994,-7.6,25
995,17.899999999999977,50
996,18.99999999999998,50
997,-10.5,5
998,7.899999999999997,45
999,-11.0,10
1000,-3.799999999999999,15
1001,-10.5,5
1002,-7.6,20
1003,1.0999999999999979,35
1004,4.200000000000003,20
1005,-11.5,15
1006,4.099999999999998,35
1007,-4.399999999999999,20
1008,9.699999999999983,35
1009,-11.0,10
1010,-3.3999999999999977,20
1011,-11.5,15
1012,-6.6,20
1013,-11.5,15
1014,-1.5999999999999979,15
1015,7.499999999999995,45
1016,-0.3000000000000007,20
1017,-9.9,20
1018,-3.3999999999999977,20
1019,4.900000000000002,20
1020,-0.49999999999998934,45
1021,-11.0,10
1022,-0.29999999999999716,15
1023,-12.5,25
1024,0.40000000000000213,15
1025,-8.6,15
1026,-2.299999999999998,20
1027,-11.5,15
1028,-4.999999999999999,15
1029,10.099999999999978,50
1030,-3.5999999999999988,15
1031,-10.5,5
1032,-10.5,5
1033,-6.699999999999999,15
1034,-5.199999999999996,35
1035,16.999999999999986,40
1036,1.8000000000000025,20
1037,-5.2,20
1038,5.4999999999999964,40
1039,-10.5,5
1040,-1.3999999999999986,20
1041,17.399999999999984,45
1042,-13.0,30
1043,-10.5,5
1044,-10.5,5
1045,4.600000000000003,20
1046,-11.0,10
1047,-5.499999999999998,20
1048,4.200000000000005,20
1049,11.299999999999995,35
1050,-3.5999999999999988,15
1051,-10.5,5
1052,-9.5,30
1053,-11.0,10
1054,-0.8000000000000025,35
1055,-9.2,5
1056,-11.5,15
1057,6.999999999999977,50
1058,8.399999999999979,40
1059,-10.5,5
1060,4.899999999999997,35
1061,-5.599999999999998,20
1062,6.3000000000000025,20
1063,-11.0,10
1064,-11.5,15
1065,-1.299999999999999,15
1066,-2.3999999999999977,15
1067,-11.0,10
1068,-10.5,20
1069,-5.699999999999999,15
1070,-7.8999999999999995,5
1071,4.200000000000003,20
1072,9.599999999999993,45
1073,-0.7999999999999989,20
1074,-2.6999999999999984,15
1075,-2.4999999999999982,20
1076,-0.5999999999999979,15
1077,-7.199999999999999,5
1078,-3.599999999999998,20
1079,6.399999999999983,35
1080,-10.1,10
1081,-12.5,25
1082,7.89999999999999,45
1083,7.49999999999997,50
1084,10.799999999999992,35
1085,5.1999999999999975,40
1086,-3.099999999999998,15
1087,-11.0,10
1088,-11.0,10
1089,-11.0,10
1090,-9.3,20
1091,-1.6999999999999993,20
1092,-8.600000000000001,30
1093,2.200000000000003,20
1094,4.200000000000003,20
1095,-8.7,20
1096,-0.8999999999999986,15
1097,-11.0,10
1098,2.400000000000004,45
1099,-3.9999999999999973,20
1100,-1.0,15
1101,-0.5999999999999979,35
1102,-0.29999999999999893,15
1103,-12.0,20
1104,-2.599999999999997,15
1105,-10.5,5
1106,-11.0,10
1107,13.499999999999991,35
1108,-4.099999999999999,15
1109,-0.8999999999999986,20
1110,-10.5,5
1111,5.329070518200751e-15,35
1112,9.899999999999993,40
1113,1.4000000000000075,40
1114,-10.5,5
1115,-10.8,20
1116,8.299999999999992,35
1117,-9.9,30
1118,-7.1,20
1119,2.8000000000000025,20
1120,-11.0,10
1121,-10.5,5
1122,-10.5,5
1123,-11.2,15
1124,-11.0,10
1125,-3.299999999999998,15
1126,-2.999999999999993,30
1127,-10.5,5
1128,-10.5,5
1129,30.599999999999973,65
1130,9.799999999999992,35
1131,-0.1999999999999975,20
1132,-1.9999999999999982,15
1133,-11.0,10
1134,0.20000000000000107,20
1135,-11.0,10
1136,-8.6,5
1137,4.099999999999998,35
1138,14.099999999999982,50
1139,-11.0,10
1140,-11.0,10
1141,-12.5,25
1142,-10.2,5
1143,1.1000000000000032,15
1144,-3.4999999999999982,20
1145,9.099999999999996,45
1146,4.900000000000004,20
1147,4.0,40
1148,-6.7,20
1149,3.4000000000000004,45
1150,0.8000000000000025,15
1151,1.299999999999999,35
1152,8.999999999999991,40
1153,-7.300000000000001,25
1154,10.39999999999999,35
1155,-10.2,5
1156,-10.9,15
1157,-14.5,45
1158,-9.0,20
1159,0.40000000000000213,15
1160,-11.0,10
1161,15.599999999999989,40
1162,-3.3999999999999986,15
1163,-1.5999999999999979,15
1164,-8.9,10
1165,-7.199999999999999,5
1166,-10.5,5
1167,-1.4999999999999982,45
1168,-10.7,25
1169,6.3000000000000025,20
1170,5.999999999999995,35
1171,2.3000000000000025,20
1172,-10.5,5
1173,-10.4,10
1174,-3.6999999999999984,15
1175,-11.5,15
1176,-7.5,10
1177,32.699999999999974,70
1178,-8.8,15
1179,-7.699999999999999,25
1180,18.699999999999974,50
1181,-10.5,5
1182,1.8000000000000025,15
1183,-11.0,10
1184,-4.599999999999999,20
1185,-6.299999999999999,20
1186,-7.5,20
1187,5.100000000000005,40
1188,0.8000000000000025,15
1189,38.29999999999996,65
1190,11.599999999999993,35
1191,-9.799999999999999,10
1192,-10.5,5
1193,-9.1,15
1194,-10.4,10
1195,-4.399999999999994,25
1196,1.8000000000000043,20
1197,-11.0,10
1198,-10.5,5
1199,2.0999999999999996,20
1200,-10.5,5
1201,4.5000000000000036,40
1202,14.299999999999988,35
1203,-3.9999999999999982,20
1204,-12.5,25
1205,-10.299999999999999,15
1206,11.299999999999988,35
1207,21.29999999999997,50
1208,0.5000000000000018,20
1209,-5.299999999999998,20
1210,-2.4999999999999982,20
1211,-0.4999999999999982,20
1212,8.099999999999993,40
1213,-5.7999999999999945,25
1214,-10.5,5
1215,-10.5,5
1216,-11.0,10
1217,-9.7,15
1218,-1.1999999999999993,20
1219,1.1000000000000014,20
1220,-7.8,20
1221,27.399999999999984,50
1222,2.5000000000000018,20
1223,16.69999999999998,35
1224,-10.2,5
1225,-11.0,10
1226,5.999999999999984,40
1227,-11.5,15
1228,-7.699999999999999,20
1229,-5.299999999999998,15
1230,-1.4999999999999982,20
1231,-10.5,5
1232,-9.200000000000001,25
1233,16.999999999999986,35
1234,-7.3,15
1235,9.899999999999993,35
1236,8.6,35
1237,20.899999999999977,65
1238,-10.5,5
1239,-6.5,5
1240,-10.5,5
1241,6.3000000000000025,20
1242,-12.5,25
1243,17.69999999999998,40
1244,-10.5,5
1245,-13.0,30
1246,-5.099999999999999,10
1247,-3.3999999999999986,15
1248,-10.5,5
1249,-9.9,15
1250,-4.999999999999999,15
1251,-3.799999999999998,20
1252,-11.5,15
1253,-3.299999999999999,15
1254,-11.0,10
1255,-11.5,15
1256,-12.5,25
1257,-3.299999999999997,20
1258,-1.6999999999999975,15
1259,-11.0,10
1260,-11.5,15
1261,-5.1,20
1262,7.799999999999995,35
1263,-10.5,5
1264,3.200000000000003,20
1265,-0.29999999999999716,15
1266,-10.5,5
1267,3.5999999999999925,35
1268,12.599999999999985,40
1269,-11.0,10
1270,-11.0,10
1271,-11.0,10
1272,-11.0,10
1273,-6.3999999999999995,10
1274,-11.0,10
1275,-13.0,30
1276,-10.7,20
1277,-5.699999999999998,10
1278,29.699999999999953,65
1279,-10.5,5
1280,18.099999999999973,70
1281,9.199999999999998,45
1282,28.900000000000006,65
1283,-4.3,15
1284,-11.0,10
1285,-10.5,5
1286,43.89999999999996,70
1287,1.8000000000000025,15
1288,14.19999999999998,50
1289,-11.1,20
1290,1.4000000000000021,20
1291,-2.9999999999999982,15
1292,-10.5,5
1293,-4.699999999999998,20
1294,-12.0,20
1295,7.0999999999999925,45
1296,-10.5,5
1297,4.200000000000005,20
1298,-0.29999999999999716,15
1299,-11.0,10
1300,8.199999999999998,35
1301,3.100000000000005,40
1302,-11.0,10
1303,-10.6,15
1304,1.1000000000000032,15
1305,10.399999999999972,50
1306,-2.9999999999999947,25
1307,11.999999999999988,40
1308,-9.799999999999999,10
1309,21.49999999999998,70
1310,5.999999999999998,35
1311,1.9000000000000021,20
1312,-3.3999999999999986,10
1313,-11.0,10
1314,3.200000000000003,20
1315,-7.8999999999999995,5
1316,-10.5,5
1317,-10.5,5
1318,-1.6999999999999975,15
1319,-5.1,10
1320,-7.199999999999999,20
1321,-13.0,30
1322,-7.699999999999999,15
1323,-2.299999999999998,15
1324,0.40000000000000213,15
1325,-1.9999999999999982,10
1326,0.8000000000000025,15
1327,-3.3999999999999986,15
1328,-11.5,15
1329,-11.0,10
1330,34.69999999999999,65
1331,-6.4,15
1332,-10.5,5
1333,-11.5,15
1334,-11.0,10
1335,-10.5,5
1336,-0.6000000000000014,20
1337,-6.6,15
1338,33.799999999999976,65
1339,-4.599999999999993,25
1340,13.699999999999994,50
1341,-9.9,5
1342,-11.0,10
1343,-7.499999999999999,10
1344,-0.8999999999999986,20
1345,-3.5999999999999988,15
1346,0.10000000000000142,20
1347,-11.5,30
1348,-0.9000000000000004,35
1349,-10.5,5
1350,-4.3999999999999995,15
1351,0.10000000000000142,15
1352,-2.599999999999997,15
1353,3.200000000000003,20
1354,-10.5,5
1355,-3.8999999999999986,20
1356,-10.5,5
1357,-3.8999999999999995,20
1358,-10.5,5
1359,-10.6,15
1360,-11.2,15
1361,-11.5,15
1362,-8.4,15
1363,-6.699999999999999,15
1364,19.19999999999996,65
1365,-9.9,25
1366,5.999999999999988,50
1367,-11.0,10
1368,25.99999999999997,50
1369,-12.5,25
1370,2.900000000000002,20
1371,-11.0,10
1372,22.799999999999976,50
1373,21.799999999999955,65
1374,-5.8999999999999995,20
1375,-6.0,35
1376,-10.1,10
1377,2.100000000000003,20
1378,-3.3999999999999977,15
1379,-10.5,5
1380,-11.0,10
1381,-11.0,10
1382,-0.1999999999999993,20
1383,-3.3999999999999986,10
1384,14.199999999999983,50
1385,1.2000000000000028,20
1386,19.799999999999983,35
1387,-10.5,5
1388,-5.599999999999997,15
1389,0.8000000000000025,20
1390,1.1000000000000068,50
1391,9.299999999999999,35
1392,12.399999999999979,50
1393,-4.099999999999995,20
1394,21.199999999999974,45
1395,-10.5,5
1396,4.200000000000005,20
1397,-0.09999999999999964,40
1398,-9.2,15
1399,-11.0,10
1400,17.399999999999984,40
1401,11.099999999999996,35
1402,-2.8999999999999986,20
1403,-2.3999999999999986,20
1404,12.499999999999991,30
1405,22.49999999999998,50
1406,18.69999999999998,65
1407,0.8000000000000025,20
1408,-10.5,5
1409,0.20000000000000107,20
1410,-4.799999999999999,10
1411,-10.5,5
1412,5.600000000000005,20
1413,6.3000000000000025,20
1414,-4.6,15
1415,1.8000000000000025,20
1416,-11.0,10
1417,-10.5,5
1418,-2.8999999999999977,20
1419,-10.0,15
1420,-11.0,10
1421,-4.099999999999999,10
1422,6.499999999999991,35
1423,-4.399999999999999,15
1424,3.5000000000000036,20
1425,-9.9,5
1426,6.3000000000000025,20
1427,-0.1999999999999975,20
1428,11.099999999999975,70
1429,1.1000000000000014,15
1430,-11.0,10
1431,-10.5,5
1432,-11.0,10
1433,11.39999999999999,35
1434,3.5000000000000018,20
1435,13.199999999999994,50
1436,-4.999999999999999,15
1437,1.1000000000000014,15
1438,2.5000000000000036,20
1439,-4.799999999999999,10
1440,-11.0,10
1441,-0.29999999999999893,15
1442,1.5000000000000018,20
1443,-9.799999999999999,10
1444,6.999999999999995,35
1445,-10.5,5
1446,8.499999999999991,45
1447,1.1000000000000032,15
1448,-6.299999999999999,20
1449,-10.5,5
1450,4.200000000000005,20
1451,-5.099999999999999,10
1452,2.8000000000000025,20
1453,-2.799999999999999,45
1454,-11.0,10
1455,-12.5,25
1456,-10.5,5
1457,-11.0,10
1458,0.20000000000000107,20
1459,0.40000000000000036,15
1460,-10.5,5
1461,-11.0,10
1462,-9.799999999999999,10
1463,-3.3999999999999977,15
1464,-8.7,10
1465,0.8000000000000025,20
1466,4.900000000000004,20
1467,-3.1999999999999984,20
1468,-4.799999999999999,10
1469,-9.299999999999999,15
1470,-1.6999999999999993,20
1471,-11.0,10
1472,-10.5,5
1473,-12.5,25
1474,-10.7,10
1475,-11.0,10
1476,-10.5,5
1477,1.200000000000001,20
1478,2.5000000000000036,20
1479,-11.0,10
1480,-11.0,10
1481,-11.0,10
1482,19.799999999999983,40
1483,-8.2,15
1484,-2.3999999999999986,15
1485,15.899999999999983,50
1486,2.5000000000000036,15
1487,28.59999999999998,65
1488,16.999999999999986,50
1489,-10.4,10
1490,5.600000000000003,20
1491,4.200000000000005,20
1492,5.600000000000003,20
1493,-4.599999999999996,20
1494,16.29999999999999,35
1495,-5.199999999999996,20
1496,0.40000000000000213,15
1497,-10.6,15
1498,14.199999999999976,50
1499,5.600000000000005,20
1500,-10.5,5
1501,-9.6,5
1502,19.399999999999984,40
1503,-10.5,5
1504,2.600000000000003,20
1505,-8.1,10
1506,4.200000000000005,20
1507,-10.5,5
1508,-10.2,5
1509,-10.5,5
1510,-11.2,15
1511,-11.5,15
1512,-1.9999999999999982,15
1513,-10.5,5
1514,-14.5,45
1515,1.8000000000000025,15
1516,11.099999999999985,45
1517,32.69999999999997,65
1518,-1.6999999999999993,15
1519,-3.6999999999999984,15
1520,13.599999999999993,35
1521,5.600000000000005,20
1522,35.89999999999998,65
1523,-11.5,15
1524,0.8000000000000025,15
1525,-0.09999999999999787,20
1526,-3.5999999999999988,20
1527,10.499999999999991,35
1528,13.699999999999994,45
1529,-11.0,10
1530,-10.5,5
1531,-10.5,5
1532,6.799999999999988,35
1533,1.8000000000000025,15
1534,-8.4,15
1535,-11.5,15
1536,5.600000000000005,20
1537,24.399999999999984,50
1538,11.899999999999993,45
1539,-11.0,10
1540,-3.299999999999999,15
1541,8.299999999999999,35
1542,9.1,35
1543,-11.5,15
1544,-10.5,5
1545,8.4,35
1546,-10.5,5
1547,40.199999999999974,70
1548,-10.0,15
1549,17.09999999999998,45
1550,6.3000000000000025,20
1551,2.1000000000000014,20
1552,3.900000000000004,20
1553,20.399999999999984,65
1554,13.499999999999988,35
1555,1.799999999999999,20
1556,-3.3999999999999986,15
1557,-11.0,10
1558,-8.8,10
1559,-7.799999999999999,35
1560,-1.8999999999999986,15
1561,-4.199999999999999,15
1562,-4.299999999999999,15
1563,12.099999999999993,35
1564,-10.5,5
1565,8.099999999999975,50
1566,14.999999999999984,35
1567,1.6000000000000032,20
1568,23.899999999999977,50
1569,-0.5999999999999961,25
1570,27.299999999999983,65
1571,6.6,30
1572,2.600000000000003,20
1573,20.199999999999974,50
1574,1.9000000000000021,20
1575,1.1000000000000014,15
1576,-9.2,5
1577,22.599999999999973,50
1578,2.8000000000000025,20
1579,-4.799999999999999,10
1580,8.399999999999979,45
1581,-1.5999999999999996,20
1582,-2.6999999999999984,10
1583,-0.20000000000000107,20
1584,-4.099999999999999,10
1585,16.099999999999987,40
1586,1.8000000000000025,15
1587,-2.8999999999999986,15
1588,7.1999999999999975,40
1589,-11.5,15
1590,-8.200000000000001,20
1591,-0.1999999999999975,20
1592,16.49999999999997,45
1593,-0.4999999999999982,20
1594,-10.5,5
1595,-10.2,5
1596,28.39999999999997,50
1597,-4.799999999999999,10
1598,2.900000000000004,20
1599,-12.5,25
1600,-4.3999999999999995,15
1601,6.89999999999999,45
1602,-4.399999999999999,20
1603,-11.0,10
1604,3.900000000000002,20
1605,-10.2,5
1606,-11.0,10
1607,-9.9,5
1608,6.6999999999999975,35
1609,-12.5,25
1610,-10.2,5
1611,18.699999999999953,65
1612,-10.5,5
1613,3.200000000000001,20
1614,11.999999999999991,40
1615,2.1000000000000014,20
1616,-10.5,5
1617,23.299999999999976,50
1618,2.5000000000000036,15
1619,0.40000000000000036,15
1620,-8.4,10
1621,3.5000000000000036,20
1622,6.3000000000000025,20
1623,13.499999999999991,50
1624,-11.0,10
1625,21.099999999999973,50
1626,6.3000000000000025,20
1627,-3.999999999999999,15
1628,-6.699999999999999,20
1629,20.69999999999998,50
1630,4.900000000000002,20
1631,-1.5999999999999996,20
1632,1.8000000000000025,15
1633,12.599999999999993,35
1634,-11.5,15
1635,-11.0,10
1636,-11.5,15
1637,-7.1999999999999975,30
1638,-3.5999999999999908,45
1639,-12.5,25
1640,2.8000000000000025,20
1641,-4.099999999999999,10
1642,18.799999999999976,50
1643,2.3000000000000025,20
1644,-2.3999999999999977,15
1645,-11.0,10
1646,1.8000000000000025,15
1647,1.1000000000000014,15
1648,-11.0,10
1649,26.099999999999973,50
1650,-2.4999999999999982,20
1651,-11.0,10
1652,-11.0,10
1653,28.099999999999966,50
1654,-2.6999999999999984,15
1655,1.1000000000000032,15
1656,-9.0,20
1657,-10.5,5
1658,-11.0,10
1659,4.900000000000002,20
1660,-10.5,5
1661,3.3000000000000043,20
1662,-7.8999999999999995,5
1663,2.100000000000003,20
1664,-4.699999999999998,15
1665,-10.5,5
1666,42.79999999999998,85
1667,30.199999999999967,50
1668,-0.7999999999999989,20
1669,23.49999999999997,50
1670,25.399999999999984,50
1671,29.999999999999964,50
1672,0.5000000000000036,35
1673,-2.299999999999998,20
1674,1.8000000000000043,20
1675,3.600000000000003,20
1676,-10.5,5
1677,-12.5,25
1678,10.799999999999985,45
1679,0.3999999999999986,20
1680,-10.7,10
1681,40.199999999999974,85
1682,0.1000000000000032,20
1683,-12.5,25
1684,23.399999999999963,65
1685,-10.2,15
1686,13.499999999999991,45
1687,3.600000000000003,20
1688,33.29999999999996,50
1689,-8.9,5
1690,1.8000000000000025,15
1691,-1.7999999999999972,20
1692,-0.9999999999999982,15
1693,26.899999999999977,70
1694,1.8000000000000025,15
1695,-2.299999999999998,15
1696,-11.0,10
1697,17.599999999999987,45
1698,3.900000000000002,20
1699,-11.0,10
1700,16.29999999999999,35
1701,13.999999999999991,40
1702,10.999999999999988,35
1703,17.69999999999998,35
1704,-7.699999999999999,10
1705,18.299999999999976,50
1706,18.899999999999977,45
1707,4.200000000000005,20
1708,2.5000000000000036,15
1709,-3.1999999999999984,20
1710,13.599999999999985,45
1711,-7.6,15
1712,19.399999999999984,40
1713,17.299999999999983,40
1714,15.699999999999983,40
1715,14.599999999999989,35
1716,17.69999999999999,35
1717,-1.9999999999999982,15
1718,7.6,35
1719,0.8000000000000025,20
1720,-3.299999999999997,15
1721,-11.0,10
1722,20.09999999999998,45
1723,-6.699999999999999,10
1724,7.399999999999986,45
1725,-11.0,10
1726,5.600000000000003,20
1727,5.700000000000001,35
1728,24.99999999999997,50
1729,20.299999999999983,50
1730,-11.0,10
1731,-12.5,25
1732,-0.8999999999999986,15
1733,-3.5999999999999988,15
1734,7.199999999999994,35
1735,-11.0,10
1736,2.200000000000003,20
1737,-10.1,10
1738,11.499999999999988,35
1739,1.1000000000000032,15
1740,-2.6999999999999975,20
1741,-11.5,15
1742,-11.0,10
1743,0.8000000000000025,15
1744,-9.1,10
1745,-11.0,10
1746,14.199999999999983,50
1747,30.49999999999997,50
1748,2.5000000000000036,20
1749,-2.099999999999998,20
1750,-7.6,15
1751,23.299999999999976,50
1752,2.900000000000002,20
1753,1.8000000000000025,15
1754,-9.9,15
1755,26.299999999999976,50
1756,1.1000000000000032,15
1757,13.599999999999989,35
1758,-11.5,15
1759,1.0999999999999996,20
1760,21.899999999999977,50
1761,2.200000000000003,20
1762,1.799999999999999,20
1763,-1.4999999999999982,20
1764,-11.0,10
1765,-11.2,15
1766,25.299999999999955,90
1767,-10.5,5
1768,-11.5,15
1769,-5.999999999999999,35
1770,-9.1,10
1771,-10.5,5
1772,11.299999999999995,35
1773,22.299999999999976,50
1774,-3.6999999999999993,15
1775,-0.6999999999999975,20
1776,1.9000000000000021,20
1777,16.19999999999998,50
1778,15.999999999999984,35
1779,-10.5,5
1780,-9.9,5
1781,-11.0,10
1782,-12.5,25
1783,-9.2,20
1784,-0.4999999999999982,20
1785,17.19999999999999,40
1786,-6.699999999999999,10
1787,-0.8999999999999986,20
1788,-12.5,25
1789,-1.899999999999995,25
1790,14.69999999999999,35
1791,-9.299999999999999,15
1792,19.09999999999998,35
1793,-6.799999999999999,10
1794,20.299999999999976,50
1795,9.299999999999985,40
1796,-11.0,10
1797,0.10000000000000142,15
1798,-1.5999999999999996,20
1799,19.19999999999998,45
1800,7.000000000000002,20
1801,-2.299999999999998,15
1802,2.100000000000003,20
1803,23.699999999999974,50
1804,3.600000000000003,20
1805,-9.4,20
1806,-2.2999999999999883,45
1807,2.100000000000003,20
1808,-6.899999999999998,25
1809,-10.5,5
1810,-3.099999999999997,20
1811,-10.5,5
1812,1.1000000000000014,15
1813,-0.9999999999999982,15
1814,1.3999999999999986,20
1815,-3.3999999999999986,10
1816,-0.5999999999999979,15
1817,-11.0,10
1818,17.999999999999986,45
1819,3.0000000000000036,20
1820,-6.1,10
1821,3.900000000000004,20
1822,-11.0,10
1823,20.19999999999998,45
1824,18.99999999999998,45
1825,-10.4,10
1826,51.199999999999974,110
1827,6.3000000000000025,20
1828,0.6000000000000032,20
1829,2.5000000000000036,15
1830,0.40000000000000213,15
1831,-0.9999999999999982,15
1832,-10.2,5
1833,20.09999999999998,45
1834,22.79999999999997,50
1835,10.299999999999999,35
1836,38.69999999999997,65
1837,0.1000000000000032,20
1838,37.89999999999997,85
1839,4.4,45
1840,-11.0,10
1841,-11.0,10
1842,4.200000000000005,20
1843,-1.6999999999999993,15
1844,2.8000000000000025,20
1845,7.000000000000002,20
1846,6.3000000000000025,20
1847,0.40000000000000213,20
1848,-3.1999999999999984,20
1849,-10.5,5
1850,44.399999999999984,85
1851,-11.5,15
1852,-2.299999999999998,15
1853,-10.5,5
1854,1.6000000000000032,20
1855,-0.7999999999999989,20
1856,27.89999999999997,50
1857,-9.9,5
1858,-1.5999999999999979,20
1859,-0.9999999999999982,15
1860,8.799999999999978,70
1861,-7.199999999999999,15
1862,23.899999999999984,45
1863,-10.5,5
1864,6.3000000000000025,20
1865,-11.5,15
1866,-1.6999999999999993,15
1867,2.600000000000003,20
1868,-12.5,25
1869,15.199999999999976,40
1870,-8.2,5
1871,4.900000000000004,20
1872,21.599999999999973,40
1873,2.5000000000000036,20
1874,-12.5,25
1875,-4.899999999999999,20
1876,3.5000000000000036,35
1877,0.8000000000000025,15
1878,31.099999999999994,65
1879,-9.6,5
1880,2.5000000000000036,15
1881,-3.6999999999999975,15
1882,-10.0,25
1883,18.099999999999987,35
1884,-1.9999999999999982,15
1885,-5.299999999999998,20
1886,3.5000000000000036,20
1887,-1.8999999999999986,15
1888,22.99999999999997,50
1889,-6.6,20
1890,3.200000000000003,20
1891,0.9000000000000021,20
1892,32.09999999999997,65
1893,5.600000000000003,20
1894,-10.5,5
1895,0.40000000000000036,20
1896,-3.3999999999999986,20
1897,-2.6999999999999984,10
1898,40.39999999999998,65
1899,-2.1999999999999975,20
1900,-4.199999999999993,25
1901,-2.299999999999998,15
1902,-1.1999999999999993,20
1903,-11.5,15
1904,17.599999999999987,50
1905,0.5,20
1906,21.199999999999974,45
1907,20.89999999999997,45
1908,2.5000000000000018,20
1909,8.299999999999985,50
1910,0.40000000000000213,15
1911,-10.5,5
1912,15.299999999999981,40
1913,-10.5,5
1914,4.900000000000004,20
1915,19.799999999999983,35
1916,22.799999999999976,70
1917,-7.300000000000001,25
1918,-11.0,10
1919,-13.0,30
1920,3.900000000000004,20
1921,24.29999999999997,45
1922,-8.6,5
1923,2.100000000000003,20
1924,45.69999999999997,105
1925,2.5000000000000036,20
1926,23.599999999999973,50
1927,-2.6999999999999957,25
1928,35.6,65
1929,-7.5,10
1930,-7.4,25
1931,10.799999999999988,35
1932,34.6,70
1933,12.299999999999992,40
1934,3.900000000000004,20
1935,42.29999999999997,70
1936,4.600000000000003,20
1937,-10.5,5
1938,2.5000000000000036,15
1939,3.600000000000003,20
1940,7.000000000000002,20
1941,3.5000000000000018,20
1942,34.90000000000001,70
1943,-9.9,5
1944,-5.699999999999994,35
1945,-10.5,5
1946,15.99999999999998,40
1947,14.99999999999997,45
1948,6.3000000000000025,20
1949,26.99999999999997,50
1950,-8.5,10
1951,19.299999999999983,50
1952,-0.29999999999999893,15
1953,9.499999999999995,35
1954,-10.5,5
1955,-10.5,5
1956,0.40000000000000036,15
1957,21.19999999999998,50
1958,-0.5999999999999979,15
1959,-11.5,15
1960,4.900000000000004,20
1961,-2.4999999999999973,20
1962,12.299999999999988,40
1963,-4.299999999999999,15
1964,30.49999999999997,50
1965,-10.5,5
1966,4.200000000000001,20
1967,-11.0,10
1968,25.699999999999967,50
1969,0.9000000000000021,20
1970,14.099999999999989,40
1971,-10.6,15
1972,23.899999999999977,50
1973,-10.2,5
1974,-10.5,5
1975,-2.299999999999997,15
1976,3.3000000000000043,20
1977,4.600000000000003,20
1978,19.099999999999987,35
1979,-0.8999999999999986,15
1980,10.199999999999998,30
1981,-11.0,10
1982,-11.0,10
1983,2.5000000000000018,20
1984,-1.0999999999999979,20
1985,2.5000000000000036,15
1986,1.9000000000000021,20
1987,-12.5,25
1988,26.39999999999997,45
1989,-11.0,10
1990,1.9000000000000021,20
1991,12.89999999999999,35
1992,2.5000000000000036,15
1993,-10.5,5
1994,11.499999999999988,35
1995,5.600000000000005,20
1996,5.300000000000004,20
1997,-10.5,5
1998,-11.0,10
1999,-0.4999999999999982,20
2000,-11.0,10
2001,-1.5,20
2002,19.799999999999976,45
2003,45.19999999999997,65
2004,26.999999999999943,70
2005,0.10000000000000142,20
2006,-11.0,10
2007,25.99999999999998,45
2008,45.19999999999996,65
2009,-11.0,10
2010,40.199999999999974,70
2011,32.099999999999945,85
2012,-5.699999999999999,15
2013,36.59999999999997,65
2014,33.999999999999986,65
2015,26.99999999999997,50
2016,-3.8999999999999986,15
2017,-9.6,5
2018,42.79999999999995,90
2019,16.29999999999999,35
2020,-6.4,15
2021,1.3999999999999986,20
2022,-10.5,5
2023,-5.8,10
2024,2.8000000000000025,20
2025,7.4,35
2026,-10.5,5
2027,11.099999999999985,50
2028,-11.0,10
2029,1.1000000000000032,15
2030,-11.0,10
2031,3.900000000000004,20
2032,10.799999999999992,35
2033,26.699999999999974,50
2034,-10.5,5
2035,-0.8999999999999986,15
2036,-11.0,10
2037,13.099999999999996,45
2038,3.900000000000004,20
2039,-0.5999999999999979,20
2040,33.50000000000001,90
2041,-12.5,25
2042,25.099999999999973,50
2043,-10.5,5
2044,11.499999999999991,35
2045,-1.299999999999999,15
2046,15.599999999999989,40
2047,26.999999999999964,50
2048,-10.5,5
2049,21.099999999999973,50
2050,-10.7,10
2051,0.8000000000000025,15
2052,14.19999999999999,35
2053,0.40000000000000213,15
2054,-0.5999999999999979,15
2055,-11.0,10
2056,-2.5999999999999988,15
2057,58.899999999999956,125
2058,0.8000000000000007,20
2059,1.5000000000000036,20
2060,2.5000000000000036,15
2061,20.599999999999973,50
2062,6.3000000000000025,20
2063,-10.5,5
2064,6.9,35
2065,-1.2999999999999972,15
2066,-1.3999999999999986,20
2067,-1.0999999999999979,20
2068,-10.5,5
2069,-6.3,35
2070,2.5000000000000036,20
2071,12.299999999999992,35
2072,-4.899999999999993,25
2073,25.79999999999999,70
2074,1.9000000000000021,20
2075,-2.8999999999999986,15
2076,-6.8,20
2077,32.19999999999996,70
2078,24.89999999999994,70
2079,2.900000000000004,20
2080,4.300000000000004,20
2081,-10.5,5
2082,-1.8999999999999986,15
2083,12.899999999999993,30
2084,3.200000000000003,20
2085,-11.0,10
2086,0.9000000000000021,20
2087,8.799999999999992,35
2088,-8.9,5
2089,16.69999999999999,35
2090,-10.5,5
2091,-11.0,10
2092,10.699999999999987,35
2093,17.19999999999999,40
2094,9.199999999999998,35
2095,-9.6,5
2096,0.20000000000000107,20
2097,-6.299999999999999,20
2098,7.000000000000002,20
2099,49.099999999999945,70
2100,2.900000000000004,20
2101,23.699999999999974,45
2102,25.699999999999974,45
2103,-1.8999999999999986,15
2104,-1.1999999999999975,15
2105,1.6000000000000032,20
2106,11.39999999999999,35
2107,-11.0,10
2108,16.79999999999999,50
2109,-10.5,5
2110,-11.5,15
2111,-0.5999999999999996,15
2112,-10.5,5
2113,-1.3999999999999986,20
2114,38.29999999999999,70
2115,18.69999999999999,70
2116,11.499999999999991,30
2117,-2.299999999999997,25
2118,-10.5,5
2119,25.699999999999974,45
2120,-11.5,15
2121,14.499999999999988,40
2122,-7.199999999999999,5
2123,38.799999999999976,70
2124,16.29999999999999,35
2125,-2.1999999999999984,20
2126,41.69999999999998,85
2127,4.5,35
2128,14.799999999999988,40
2129,-11.0,10
2130,-0.9999999999999982,20
2131,37.29999999999996,85
2132,46.59999999999996,65
2133,18.399999999999984,35
2134,33.59999999999997,65
2135,13.599999999999985,40
2136,0.8000000000000025,15
2137,19.199999999999974,45
2138,-11.0,10
2139,-6.5,10
2140,46.19999999999997,65
2141,26.999999999999964,50
2142,28.799999999999947,65
2143,-12.5,25
2144,2.5000000000000036,15
2145,-11.0,10
2146,20.799999999999976,40
2147,25.69999999999998,45
2148,6.3000000000000025,20
2149,6.3000000000000025,20
2150,6.3000000000000025,20
2151,-11.0,10
2152,43.29999999999993,90
2153,-10.2,5
2154,3.200000000000003,20
2155,37.89999999999999,70
2156,-10.5,5
2157,21.899999999999977,45
2158,-10.5,5
2159,0.8000000000000025,15
2160,20.799999999999976,45
2161,-0.29999999999999716,15
2162,2.8000000000000025,20
2163,2.200000000000003,20
2164,-1.299999999999999,15
2165,-5.7,15
2166,-0.5999999999999979,15
2167,1.5000000000000018,20
2168,1.900000000000004,20
2169,-3.299999999999999,15
2170,14.999999999999966,50
2171,1.8000000000000025,20
2172,35.09999999999998,70
2173,34.699999999999974,70
2174,39.99999999999996,65
2175,2.900000000000002,20
2176,0.40000000000000213,15
2177,40.7,70
2178,-3.1999999999999984,20
2179,10.19999999999999,35
2180,2.0999999999999996,20
2181,-11.0,10
2182,-1.299999999999999,15
2183,-5.199999999999999,15
2184,-10.5,5
2185,3.5000000000000036,20
2186,-1.1999999999999975,15
2187,-1.9999999999999982,15
2188,2.8000000000000025,20
2189,22.699999999999974,45
2190,13.199999999999994,30
2191,-11.0,10
2192,-10.5,5
2193,5.600000000000003,20
2194,-0.5999999999999979,15
2195,-11.0,10
2196,16.09999999999998,50
2197,18.699999999999974,50
2198,17.099999999999987,50
2199,-10.5,5
2200,-11.5,15
2201,-0.5999999999999996,20
2202,0.6000000000000032,20
2203,-0.8999999999999986,15
2204,13.999999999999988,40
2205,-2.999999999999999,15
2206,39.49999999999994,85
2207,36.199999999999974,85
2208,36.29999999999996,65
2209,23.19999999999999,50
2210,22.29999999999997,50
2211,-7.8999999999999995,5
2212,40.299999999999976,65
2213,18.09999999999998,45
2214,44.89999999999996,70
2215,23.99999999999998,65
2216,31.899999999999963,50
2217,27.39999999999997,50
2218,4.900000000000004,20
2219,17.399999999999984,35
2220,-10.5,5
2221,1.1000000000000032,15
2222,-1.1999999999999975,15
2223,26.19999999999996,65
2224,39.29999999999998,70
2225,-10.5,5
2226,44.49999999999997,70
2227,38.799999999999955,65
2228,16.799999999999976,45
2229,-10.5,5
2230,28.499999999999964,50
2231,10.599999999999993,40
2232,-11.0,10
2233,17.499999999999986,45
2234,19.19999999999998,45
2235,3.3000000000000043,20
2236,40.79999999999997,70
2237,-1.5999999999999979,15
2238,19.399999999999977,45
2239,-11.0,10
2240,33.099999999999966,65
2241,-10.5,5
2242,12.69999999999999,45
2243,-11.0,10
2244,41.69999999999996,70
2245,-4.399999999999996,20
2246,-10.5,5
2247,-10.7,10
2248,4.600000000000003,20
2249,12.599999999999989,35
2250,45.09999999999996,70
2251,-1.5999999999999979,15
2252,10.199999999999994,35
2253,53.399999999999935,105
2254,23.299999999999976,50
2255,5.300000000000004,20
2256,58.50000000000002,90
2257,-2.6999999999999984,15
2258,2.200000000000003,20
2259,44.79999999999998,65
2260,5.600000000000005,20
2261,-10.5,5
2262,7.000000000000002,20
2263,4.600000000000003,20
2264,22.899999999999977,40
2265,30.199999999999967,50
2266,0.09999999999999964,20
2267,23.299999999999983,45
2268,30.49999999999997,50
2269,38.60000000000001,70
2270,-0.7999999999999989,20
2271,11.299999999999995,35
2272,6.3000000000000025,20
2273,1.8000000000000025,15
2274,4.600000000000003,20
2275,1.1000000000000014,20
2276,16.999999999999986,35
2277,-1.9999999999999982,15
2278,29.599999999999966,50
2279,16.69999999999999,35
2280,-10.5,5
2281,40.59999999999997,85
2282,1.3999999999999986,20
2283,26.699999999999974,45
2284,-10.5,5
2285,19.199999999999967,65
2286,18.799999999999976,50
2287,-2.6999999999999984,10
2288,9.899999999999993,35
2289,12.599999999999996,50
2290,6.3000000000000025,20
2291,14.69999999999999,40
2292,-10.5,5
2293,28.199999999999967,50
2294,-0.29999999999999893,15
2295,13.89999999999999,35
2296,18.09999999999998,40
2297,-10.5,5
2298,-3.3999999999999986,10
2299,2.200000000000003,20
2300,42.499999999999964,90
2301,46.09999999999995,85
2302,19.899999999999977,45
2303,-2.3999999999999986,20
2304,-11.0,10
2305,14.299999999999992,35
2306,-11.0,10
2307,48.99999999999994,70
2308,22.199999999999974,40
2309,31.199999999999974,50
2310,-8.9,5
2311,-10.5,5
2312,40.799999999999976,65
2313,-9.9,5
2314,-11.0,10
2315,4.900000000000004,20
2316,29.79999999999996,50
2317,1.6000000000000032,20
2318,42.49999999999995,65
2319,51.799999999999976,80
2320,1.1000000000000014,15
2321,-0.6999999999999975,20
2322,0.6000000000000032,20
2323,12.89999999999999,35
2324,5.600000000000005,20
2325,41.39999999999998,65
2326,2.3000000000000025,20
2327,2.5000000000000018,20
2328,39.49999999999997,65
2329,-10.5,5
2330,-6.6,15
2331,-5.699999999999999,10
2332,33.099999999999966,90
2333,-0.5999999999999979,20
2334,40.599999999999966,70
2335,44.89999999999997,70
2336,28.49999999999997,50
2337,54.59999999999996,105
2338,-1.8999999999999986,15
2339,-1.1999999999999975,15
2340,46.89999999999996,70
2341,5.5000000000000036,35
2342,38.89999999999995,65
2343,41.39999999999996,85
2344,-10.5,5
2345,16.29999999999999,35
2346,25.299999999999983,50
2347,3.600000000000003,20
2348,3.2000000000000046,20
2349,43.19999999999999,70
2350,17.399999999999984,45
2351,28.499999999999957,65
2352,-9.6,5
2353,-0.5999999999999979,15
2354,1.9000000000000021,20
2355,20.49999999999998,35
2356,-1.3000000000000007,20
2357,59.70000000000005,90
2358,18.399999999999984,40
2359,55.49999999999998,105
2360,35.59999999999997,70
2361,1.1000000000000014,20
2362,-12.0,20
2363,14.599999999999989,30
2364,6.3000000000000025,20
2365,-12.5,25
2366,38.899999999999984,70
2367,11.899999999999997,50
2368,6.3000000000000025,20
2369,-12.5,25
2370,55.9,90
2371,-2.799999999999999,20
2372,-3.3999999999999986,15
2373,9.299999999999999,35
2374,39.4,70
2375,4.200000000000005,20
2376,2.5000000000000036,15
2377,4.900000000000002,20
2378,18.799999999999983,40
2379,5.600000000000003,20
2380,-11.0,10
2381,-9.2,5
2382,0.6000000000000032,20
2383,48.09999999999998,125
2384,2.0999999999999996,20
2385,1.1000000000000032,15
2386,6.3000000000000025,20
2387,5.600000000000005,20
2388,19.099999999999987,35
2389,34.300000000000004,70
2390,-2.6999999999999975,15
2391,7.5999999999999925,35
2392,1.1000000000000032,15
2393,3.200000000000001,20
2394,-0.899999999999995,30
2395,-10.5,5
2396,45.19999999999994,90
2397,17.69999999999998,35
2398,15.699999999999987,40
2399,3.900000000000004,20
2400,-11.0,10
2401,37.899999999999956,85
2402,-10.5,5
2403,18.799999999999976,45
2404,-10.5,5
2405,16.999999999999986,35
2406,-1.0,15
2407,4.300000000000004,20
2408,-10.4,10
2409,42.499999999999986,70
2410,-0.09999999999999787,20
2411,-11.0,10
2412,5.600000000000005,20
2413,-10.5,5
2414,0.1000000000000032,20
2415,0.10000000000000142,15
2416,0.9000000000000021,20
2417,20.799999999999976,50
2418,4.900000000000004,20
2419,36.699999999999996,65
2420,-3.3999999999999986,15
2421,3.200000000000003,20
2422,41.899999999999935,85
2423,-4.799999999999998,15
2424,19.299999999999983,45
2425,-8.2,5
2426,12.099999999999996,45
2427,-5.3999999999999995,10
2428,29.199999999999974,50
2429,24.299999999999976,45
2430,13.399999999999993,80
2431,28.099999999999973,45
2432,1.1000000000000014,20
2433,40.39999999999994,85
2434,18.49999999999997,45
2435,0.40000000000000213,15
2436,47.599999999999945,65
2437,26.699999999999974,50
2438,45.09999999999996,70
2439,43.099999999999966,70
2440,-10.5,5
2441,24.299999999999976,40
2442,20.09999999999998,40
2443,31.19999999999996,50
2444,21.899999999999977,50
2445,-6.5,5
2446,-10.5,5
2447,40.89999999999996,65
2448,47.89999999999996,85
2449,-12.5,25
2450,-7.3,15
2451,-0.4999999999999982,20
2452,-9.1,10
2453,28.49999999999998,65
2454,-10.2,5
2455,-7.1,10
2456,3.200000000000003,20
2457,48.39999999999993,90
2458,17.799999999999983,45
2459,-3.299999999999998,20
2460,81.50000000000016,125
2461,54.09999999999999,90
2462,10.19999999999998,45
2463,29.499999999999964,50
2464,-0.7999999999999989,20
2465,47.799999999999976,110
2466,6.3000000000000025,20
2467,-5.099999999999999,10
2468,19.49999999999997,50
2469,19.09999999999998,35
2470,-11.0,10
2471,30.499999999999964,50
2472,1.8000000000000025,20
2473,49.79999999999997,90
2474,-10.5,5
2475,-10.5,5
2476,20.199999999999974,45
2477,-0.5999999999999979,15
2478,38.09999999999996,85
2479,20.59999999999998,45
2480,-2.8999999999999986,15
2481,38.39999999999997,90
2482,32.599999999999994,70
2483,47.69999999999993,90
2484,-8.9,5
2485,4.600000000000003,20
2486,3.5,20
2487,5.600000000000005,20
2488,-0.5999999999999979,20
2489,48.59999999999993,90
2490,48.999999999999964,70
2491,20.099999999999973,50
2492,2.5000000000000036,15
2493,-0.9999999999999964,20
2494,2.600000000000003,20
2495,38.099999999999966,65
2496,18.49999999999997,50
2497,55.69999999999998,90
2498,-3.299999999999997,15
2499,5.600000000000003,20
2500,13.499999999999977,45
2501,42.19999999999995,65
2502,-10.5,5
2503,7.000000000000002,20
2504,7.000000000000002,20
2505,29.899999999999963,50
2506,-0.29999999999999716,15
2507,39.19999999999996,85
2508,5.600000000000005,20
2509,50.99999999999993,90
2510,-11.0,10
2511,-1.8999999999999986,15
2512,18.399999999999984,35
2513,18.099999999999987,35
2514,-11.0,10
2515,48.99999999999998,75
2516,38.39999999999998,65
2517,59.500000000000036,125
2518,24.599999999999973,45
2519,-11.0,10
2520,-1.3999999999999986,40
2521,33.79999999999996,90
2522,-3.6999999999999993,10
2523,2.100000000000003,20
2524,17.29999999999999,40
2525,5.600000000000005,20
2526,4.600000000000003,45
2527,1.8000000000000025,15
2528,-10.5,5
2529,-2.9999999999999982,15
2530,61.100000000000016,95
2531,15.099999999999978,40
2532,15.599999999999985,35
2533,-11.0,10
2534,4.200000000000001,20
2535,82.10000000000022,125
2536,17.69999999999998,40
2537,-10.200000000000001,30
2538,23.199999999999967,50
2539,4.200000000000005,20
2540,-10.5,5
2541,20.799999999999983,40
2542,4.600000000000003,20
2543,24.29999999999996,60
2544,2.1000000000000014,20
2545,-11.0,10
2546,-10.5,5
2547,37.09999999999997,65
2548,54.89999999999994,70
2549,1.6000000000000032,20
2550,15.599999999999989,35
2551,-8.2,5
2552,-3.5999999999999988,15
2553,43.89999999999998,70
2554,-4.6,15
2555,2.600000000000003,20
2556,7.000000000000002,20
2557,6.3000000000000025,20
2558,24.299999999999976,45
2559,-2.6999999999999984,10
2560,14.399999999999983,40
2561,27.099999999999973,50
2562,1.8000000000000007,20
2563,41.89999999999997,85
2564,63.90000000000004,95
2565,-10.5,5
2566,-11.5,15
2567,-10.5,5
2568,6.3000000000000025,20
2569,24.699999999999974,50
2570,-0.8999999999999986,15
2571,10.599999999999996,35
2572,2.5000000000000018,20
2573,0.1000000000000032,15
2574,-11.0,10
2575,18.899999999999977,50
2576,0.10000000000000142,15
2577,38.399999999999956,70
2578,80.00000000000013,125
2579,-10.2,5
2580,18.69999999999998,40
2581,-6.3999999999999995,10
2582,63.40000000000003,100
2583,5.600000000000005,20
2584,1.8000000000000043,20
2585,3.2000000000000046,20
2586,2.200000000000003,20
2587,19.799999999999983,35
2588,44.29999999999998,85
2589,3.900000000000004,20
2590,-4.699999999999998,15
2591,44.19999999999998,90
2592,-13.0,30
2593,-2.1999999999999984,15
2594,28.899999999999984,65
2595,32.599999999999966,50
2596,1.8000000000000025,15
2597,-0.9999999999999982,15
2598,36.800000000000004,70
2599,-2.599999999999998,15
2600,-0.8999999999999986,15
2601,-9.2,5
2602,-4.299999999999997,20
2603,-10.5,5
2604,-11.0,10
2605,2.5000000000000036,20
2606,1.8000000000000025,15
2607,3.5000000000000036,20
2608,83.70000000000024,145
2609,-9.4,10
2610,22.399999999999984,50
2611,45.99999999999996,65
2612,21.699999999999974,50
2613,15.999999999999988,40
2614,5.600000000000003,20
2615,-2.299999999999998,15
2616,-7.8999999999999995,5
2617,12.999999999999991,35
2618,2.200000000000001,20
2619,1.1000000000000014,15
2620,-10.5,5
2621,-2.299999999999997,15
2622,89.80000000000021,125
2623,-10.5,5
2624,24.29999999999997,50
2625,-7.199999999999999,5
2626,39.09999999999995,95
2627,48.29999999999996,65
2628,-10.5,5
2629,4.900000000000004,20
2630,173.40000000000055,250
2631,47.79999999999998,80
2632,5.600000000000003,20
2633,-11.0,10
2634,58.99999999999998,105
2635,5.600000000000005,20
2636,-3.6999999999999993,10
2637,44.49999999999997,65
2638,-10.5,5
2639,-1.299999999999999,15
2640,50.79999999999995,70
2641,59.70000000000001,95
2642,45.79999999999996,80
2643,6.500000000000005,35
2644,6.000000000000005,25
2645,31.799999999999976,65
2646,9.499999999999991,40
2647,-10.5,5
2648,108.70000000000034,155
2649,-1.8999999999999986,15
2650,-8.7,10
2651,3.5000000000000036,20
2652,-11.7,20
2653,6.3000000000000025,20
2654,-10.4,10
2655,4.200000000000001,20
2656,2.5000000000000036,15
2657,17.899999999999984,50
2658,-1.5999999999999979,15
2659,2.900000000000002,20
2660,19.399999999999977,45
2661,-9.299999999999999,5
2662,-10.2,5
2663,1.9000000000000021,20
2664,-5.6,15
2665,-3.799999999999998,20
2666,-3.9999999999999982,15
2667,3.900000000000002,20
2668,-11.0,10
2669,-10.5,5
2670,42.199999999999974,70
2671,27.69999999999999,50
2672,25.699999999999967,50
2673,4.200000000000003,20
2674,9.899999999999997,35
2675,18.399999999999984,35
2676,43.99999999999996,85
2677,46.89999999999998,70
2678,-4.8999999999999995,15
2679,49.99999999999995,70
2680,3.900000000000004,20
2681,15.69999999999999,35
2682,17.099999999999987,35
2683,67.80000000000004,105
2684,-10.5,5
2685,-5.6,15
2686,-10.5,5
2687,1.5000000000000018,20
2688,32.79999999999997,70
2689,3.200000000000003,20
2690,4.900000000000004,20
2691,-12.5,25
2692,1.5000000000000018,20
2693,1.8000000000000025,15
2694,-0.5,20
2695,18.099999999999966,50
2696,1.8000000000000025,15
2697,22.599999999999987,50
2698,-10.5,5
2699,-10.5,5
2700,12.399999999999993,50
2701,5.600000000000003,20
2702,-2.9999999999999947,25
2703,-11.5,15
2704,24.49999999999997,50
2705,2.5000000000000036,20
2706,1.8000000000000025,15
2707,5.600000000000005,20
2708,-10.5,5
2709,82.00000000000018,130
2710,20.19999999999998,45
2711,47.199999999999974,70
2712,-10.5,5
2713,40.499999999999964,70
2714,85.40000000000018,130
2715,-11.0,10
2716,-9.1,15
2717,72.70000000000007,100
2718,-4.899999999999993,30
2719,74.40000000000006,105
2720,21.19999999999998,45
2721,23.99999999999998,50
2722,82.90000000000019,125
2723,-10.5,5
2724,-10.5,5
2725,16.999999999999986,35
2726,-7.4,10
2727,1.1000000000000032,15
2728,-0.5999999999999996,15
2729,82.60000000000018,125
2730,-10.7,10
2731,-10.5,5
2732,17.19999999999998,50
2733,6.3000000000000025,20
2734,2.5000000000000036,15
2735,1.1000000000000032,15
2736,30.499999999999964,50
2737,41.699999999999974,70
2738,-0.8999999999999986,15
2739,7.500000000000002,35
2740,36.899999999999984,70
2741,108.50000000000036,160
2742,-10.5,5
2743,-3.3999999999999986,10
2744,46.299999999999955,85
2745,79.30000000000011,110
2746,53.499999999999964,75
2747,0.40000000000000213,15
2748,-7.5,10
2749,9.89999999999999,35
2750,25.99999999999997,45
2751,44.89999999999995,65
2752,43.49999999999996,105
2753,2.5000000000000036,15
2754,-10.7,10
2755,1.1000000000000014,20
2756,-11.0,10
2757,-9.299999999999999,5
2758,30.399999999999963,90
2759,22.799999999999976,45
2760,0.7999999999999989,20
2761,44.499999999999964,65
2762,52.79999999999994,70
2763,79.20000000000022,125
2764,3.600000000000003,20
2765,18.699999999999974,50
2766,4.200000000000001,20
2767,43.49999999999998,70
2768,49.39999999999994,95
2769,-10.5,5
2770,50.099999999999945,70
2771,38.6,65
2772,55.899999999999984,100
2773,4.900000000000004,20
2774,2.5000000000000036,20
2775,4.600000000000003,20
2776,47.39999999999996,70
2777,7.799999999999999,45
2778,-7.199999999999999,5
2779,-1.9999999999999982,15
2780,76.10000000000014,125
2781,-0.9999999999999982,15
2782,5.600000000000003,20
2783,70.20000000000006,125
2784,-10.5,5
2785,4.600000000000003,20
2786,75.8000000000001,110
2787,4.900000000000004,20
2788,0.6000000000000032,20
2789,-12.5,25
2790,-3.9999999999999973,20
2791,84.60000000000015,125
2792,2.900000000000004,20
2793,17.799999999999955,65
2794,25.39999999999997,45
2795,-10.5,5
2796,-2.6999999999999975,15
2797,51.099999999999945,65
2798,-2.6999999999999984,10
2799,81.90000000000015,115
2800,149.3000000000005,210
2801,1.3000000000000025,20
2802,-2.299999999999999,45
2803,-2.6999999999999984,10
2804,-8.8,10
2805,-11.0,10
2806,23.89999999999997,45
2807,63.60000000000007,100
2808,24.99999999999997,45
2809,-4.599999999999998,20
2810,3.5000000000000036,20
2811,-1.5999999999999979,15
2812,-2.6999999999999984,15
2813,15.599999999999989,35
2814,5.600000000000003,20
2815,57.20000000000001,95
2816,1.1000000000000032,15
2817,71.5000000000001,125
2818,42.39999999999998,70
2819,93.1000000000002,125
2820,-10.5,5
2821,18.599999999999973,45
2822,26.49999999999997,50
2823,-2.099999999999998,20
2824,44.599999999999966,65
2825,2.8000000000000025,20
2826,7.000000000000002,20
2827,53.49999999999995,70
2828,67.30000000000005,100
2829,24.299999999999976,45
2830,-9.9,5
2831,-0.9999999999999982,15
2832,-10.5,5
2833,4.900000000000004,20
2834,82.40000000000018,125
2835,6.3000000000000025,20
2836,40.09999999999996,70
2837,0.40000000000000213,15
2838,3.5000000000000018,20
2839,30.899999999999963,50
2840,-0.8999999999999986,20
2841,-10.5,5
2842,45.09999999999999,70
2843,-10.5,5
2844,1.9000000000000021,20
2845,19.399999999999984,45
2846,-11.0,10
2847,4.200000000000005,20
2848,4.200000000000005,20
2849,2.5000000000000036,15
2850,1.2000000000000028,20
2851,70.80000000000008,95
2852,7.000000000000002,20
2853,30.199999999999967,50
2854,46.09999999999995,85
2855,27.69999999999998,50
2856,-10.5,5
2857,52.29999999999994,90
2858,29.79999999999997,50
2859,-10.5,5
2860,19.599999999999973,50
2861,-3.5999999999999988,15
2862,43.59999999999995,65
2863,-1.299999999999999,15
2864,-0.5999999999999979,15
2865,-10.5,5
2866,9.699999999999998,30
2867,20.099999999999973,45
2868,42.499999999999964,65
2869,21.099999999999973,45
2870,85.70000000000017,125
2871,5.600000000000005,20
2872,21.99999999999998,45
2873,5.600000000000005,20
2874,-3.299999999999998,15
2875,-1.8999999999999986,15
2876,-9.7,15
2877,84.90000000000016,125
2878,1.1000000000000014,15
2879,-1.299999999999999,15
2880,21.19999999999998,40
2881,3.5,20
2882,51.79999999999995,70
2883,46.399999999999956,90
2884,3.900000000000002,20
2885,25.99999999999998,50
2886,-4.699999999999999,10
2887,-6.9,15
2888,0.9000000000000021,20
2889,26.29999999999997,65
2890,29.799999999999976,50
2891,-10.5,5
2892,16.59999999999998,50
2893,1.1000000000000032,15
2894,35.69999999999998,65
2895,45.599999999999994,95
2896,6.3000000000000025,20
2897,3.600000000000003,20
2898,-1.4999999999999982,20
2899,3.900000000000002,20
2900,51.89999999999996,85
2901,41.399999999999984,70
2902,-11.0,10
2903,-10.5,5
2904,68.40000000000008,100
2905,-6.4,15
2906,0.40000000000000213,15
2907,-2.8999999999999986,15
2908,-10.2,5
2909,32.9,65
2910,13.39999999999999,45
2911,18.399999999999984,35
2912,18.399999999999984,35
2913,4.300000000000004,20
2914,155.70000000000053,210
2915,13.399999999999986,35
2916,47.29999999999997,70
2917,26.699999999999974,50
2918,5.600000000000003,20
2919,30.89999999999997,50
2920,5.600000000000003,20
2921,4.600000000000003,20
2922,-0.3999999999999986,20
2923,12.499999999999988,35
2924,47.29999999999995,70
2925,91.4000000000002,125
2926,39.59999999999996,65
2927,25.99999999999998,45
2928,-1.9999999999999982,10
2929,6.3000000000000025,20
2930,2.5000000000000036,15
2931,4.200000000000003,20
2932,7.000000000000002,20
2933,2.200000000000003,20
2934,23.699999999999974,50
2935,2.900000000000002,20
2936,41.89999999999996,65
2937,3.5000000000000036,20
2938,7.000000000000002,20
2939,-2.5999999999999988,15
2940,17.399999999999984,35
2941,66.30000000000005,100
2942,20.49999999999998,45
2943,13.999999999999988,40
2944,2.5000000000000036,15
2945,21.49999999999998,40
2946,4.900000000000002,20
2947,44.09999999999994,85
2948,46.899999999999956,85
2949,-2.299999999999998,15
2950,46.19999999999997,65
2951,1.5000000000000018,20
2952,4.600000000000003,20
2953,22.899999999999984,40
2954,4.900000000000004,20
2955,27.39999999999997,50
2956,-1.8999999999999986,20
2957,67.30000000000007,95
2958,84.40000000000019,125
2959,1.5000000000000036,20
2960,3.900000000000004,20
2961,21.99999999999997,50
2962,2.900000000000004,20
2963,64.30000000000005,95
2964,11.89999999999999,35
2965,3.900000000000002,20
2966,10.799999999999992,40
2967,-10.5,5
2968,-10.5,5
2969,2.5000000000000036,20
2970,6.3000000000000025,20
2971,42.79999999999999,70
2972,40.59999999999997,65
2973,1.1000000000000014,15
2974,4.300000000000004,20
2975,59.399999999999984,80
2976,-10.5,5
2977,42.29999999999997,70
2978,-10.5,5
2979,7.000000000000002,20
2980,-10.5,5
2981,-10.5,5
2982,20.49999999999998,35
2983,13.599999999999989,40
2984,47.599999999999966,70
2985,-2.499999999999999,20
2986,24.99999999999997,50
2987,79.80000000000018,125
2988,-11.0,10
2989,-2.5999999999999988,15
2990,-0.6000000000000014,20
2991,24.899999999999984,50
2992,21.19999999999998,40
2993,91.80000000000022,155
2994,2.200000000000001,20
2995,66.70000000000006,100
2996,-9.9,5
2997,41.89999999999996,70
2998,3.3000000000000043,20
2999,2.5000000000000036,15
3000,-10.5,5
3001,4.200000000000005,20
3002,30.199999999999967,50
3003,66.50000000000007,100
3004,55.49999999999999,95
3005,81.60000000000012,110
3006,3.900000000000004,20
3007,-7.199999999999999,5
3008,-10.5,5
3009,24.699999999999974,45
3010,47.79999999999995,70
3011,6.3000000000000025,20
3012,2.600000000000003,20
3013,89.9000000000002,130
3014,53.79999999999997,80
3015,-3.5999999999999943,25
3016,-2.8999999999999986,15
3017,0.5999999999999996,45
3018,1.1000000000000014,15
3019,161.10000000000053,250
3020,-5.199999999999999,15
3021,-10.5,5
3022,94.8000000000002,125
3023,124.10000000000039,180
3024,1.1000000000000032,15
3025,-10.2,5
3026,52.49999999999993,85
3027,0.10000000000000142,15
3028,3.900000000000002,20
3029,4.900000000000004,20
3030,3.2000000000000046,20
3031,4.200000000000005,20
3032,-10.2,5
3033,1.1000000000000014,15
3034,4.200000000000005,20
3035,0.8000000000000025,15
3036,69.50000000000006,100
3037,97.30000000000021,130
3038,23.99999999999998,45
3039,26.19999999999998,50
3040,48.399999999999956,85
3041,94.50000000000028,145
3042,97.70000000000032,145
3043,-0.09999999999999787,20
3044,-2.6999999999999975,15
3045,-0.5999999999999979,15
3046,3.3000000000000043,20
3047,5.600000000000005,20
3048,20.299999999999983,40
3049,-10.5,5
3050,21.299999999999976,45
3051,24.299999999999976,40
3052,30.199999999999967,50
3053,47.599999999999966,70
3054,4.300000000000004,20
3055,-10.5,5
3056,2.5000000000000036,15
3057,7.000000000000002,20
3058,33.99999999999996,50
3059,10.89999999999999,35
3060,20.09999999999998,45
3061,-8.9,5
3062,10.799999999999992,35
3063,136.4000000000004,175
3064,-9.9,5
3065,-4.599999999999998,15
3066,7.000000000000002,20
3067,23.99999999999998,45
3068,3.200000000000003,20
3069,0.9000000000000021,20
3070,27.099999999999966,50
3071,24.99999999999997,45
3072,-2.8999999999999986,15
3073,31.89999999999997,50
3074,99.50000000000026,145
3075,-10.5,5
3076,-9.9,5
3077,18.29999999999999,50
3078,-10.5,5
3079,22.599999999999987,45
3080,6.3000000000000025,20
3081,2.200000000000003,20
3082,109.50000000000034,155
3083,1.1000000000000014,20
3084,-10.5,5
3085,3.600000000000003,20
3086,24.299999999999976,40
3087,3.200000000000003,20
3088,3.600000000000003,20
3089,43.69999999999995,65
3090,31.89999999999997,50
3091,2.5000000000000036,15
3092,-3.6999999999999993,10
3093,15.299999999999988,30
3094,23.59999999999998,40
3095,0.8000000000000025,15
3096,-10.5,5
3097,-0.8999999999999986,20
3098,5.300000000000004,20
3099,-4.699999999999999,10
3100,52.09999999999996,70
3101,7.000000000000002,20
3102,7.000000000000002,20
3103,27.39999999999997,45
3104,11.699999999999994,35
3105,-2.8999999999999986,15
3106,38.09999999999998,70
3107,53.59999999999994,70
3108,-10.5,5
3109,68.20000000000005,100
3110,4.900000000000004,20
3111,170.20000000000064,250
3112,-10.5,5
3113,7.000000000000002,20
3114,25.39999999999997,50
3115,-11.0,10
3116,30.499999999999964,50
3117,75.70000000000009,105
3118,2.5000000000000036,15
3119,48.09999999999995,90
3120,1.8000000000000025,15
3121,7.000000000000002,20
3122,28.79999999999997,50
3123,53.199999999999946,70
3124,51.59999999999993,85
3125,45.09999999999996,70
3126,18.899999999999984,40
3127,74.40000000000008,115
3128,80.8000000000001,110
3129,63.30000000000002,95
3130,6.3000000000000025,20
3131,83.10000000000016,130
3132,43.89999999999996,65
3133,-10.5,5
3134,39.49999999999997,70
3135,1.5000000000000018,20
3136,1.8000000000000025,15
3137,99.00000000000023,125
3138,25.699999999999974,45
3139,6.3000000000000025,20
3140,42.39999999999998,65
3141,52.499999999999936,65
3142,113.5000000000003,160
3143,25.299999999999976,45
3144,17.399999999999984,35
3145,1.1000000000000014,15
3146,88.10000000000016,130
3147,-10.5,5
3148,16.99999999999997,45
3149,10.999999999999995,45
3150,153.40000000000055,225
3151,-3.3999999999999986,20
3152,54.89999999999994,70
3153,0.40000000000000213,15
3154,-3.299999999999999,15
3155,11.199999999999998,30
3156,5.600000000000003,20
3157,21.19999999999998,45
3158,-12.5,25
3159,42.499999999999964,70
3160,61.1,80
3161,63.30000000000002,95
3162,1.799999999999999,20
3163,27.39999999999997,45
3164,0.9000000000000021,20
3165,228.80000000000055,300
3166,-11.0,10
3167,51.099999999999945,65
3168,-1.1999999999999975,15
3169,1.5000000000000036,20
3170,81.00000000000011,110
3171,12.999999999999991,35
3172,49.799999999999955,70
3173,-2.6999999999999984,10
3174,84.30000000000015,125
3175,-8.9,5
3176,47.39999999999994,85
3177,63.100000000000016,110
3178,-10.5,5
3179,3.3000000000000043,20
3180,43.19999999999994,90
3181,44.99999999999997,70
3182,35.39999999999999,65
3183,6.3000000000000025,20
3184,17.69999999999998,40
3185,154.5000000000005,190
3186,3.2000000000000046,20
3187,-2.599999999999998,15
3188,21.599999999999973,45
3189,47.99999999999994,65
3190,21.19999999999998,40
3191,6.3000000000000025,20
3192,81.90000000000016,125
3193,-1.3999999999999986,20
3194,22.899999999999977,40
3195,0.40000000000000213,15
3196,86.0000000000002,125
3197,26.699999999999974,45
3198,-1.3999999999999986,20
3199,1.200000000000001,20
3200,3.900000000000004,20
3201,0.10000000000000142,20
3202,30.49999999999997,50
3203,-12.5,25
3204,-0.3999999999999986,20
3205,-11.0,10
3206,8.899999999999997,35
3207,24.599999999999945,65
3208,109.9000000000003,155
3209,104.80000000000025,130
3210,-11.0,10
3211,1.2000000000000028,20
3212,4.600000000000003,20
3213,21.899999999999977,40
3214,12.799999999999985,45
3215,7.000000000000002,20
3216,84.70000000000017,125
3217,51.49999999999993,85
3218,4.600000000000003,20
3219,54.99999999999998,95
3220,1.1000000000000032,15
3221,1.9000000000000021,20
3222,4.900000000000004,20
3223,2.5000000000000036,15
3224,51.69999999999999,80
3225,78.50000000000016,125
3226,54.599999999999945,75
3227,26.09999999999998,50
3228,24.99999999999997,40
3229,-1.200000000000001,20
3230,11.299999999999992,40
3231,48.79999999999996,75
3232,18.69999999999998,40
3233,4.600000000000003,20
3234,-0.8999999999999986,15
3235,-0.09999999999999787,20
3236,124.5000000000004,160
3237,130.90000000000043,185
3238,19.799999999999976,45
3239,-11.0,10
3240,4.200000000000003,20
3241,-0.9999999999999982,15
3242,-8.9,5
3243,27.699999999999974,50
3244,19.09999999999998,35
3245,79.40000000000016,125
3246,46.99999999999996,65
3247,57.99999999999999,100
3248,17.69999999999999,35
3249,48.699999999999946,70
3250,26.699999999999974,45
3251,127.8000000000003,160
3252,4.900000000000004,20
3253,29.099999999999966,50
3254,23.699999999999974,45
3255,27.39999999999997,45
3256,0.5000000000000018,20
3257,12.899999999999986,45
3258,5.600000000000005,20
3259,114.40000000000032,155
3260,7.000000000000002,20
3261,-0.29999999999999893,15
3262,5.600000000000005,20
3263,143.10000000000045,185
3264,1.1000000000000032,15
3265,-0.29999999999999716,15
3266,52.49999999999995,70
3267,26.699999999999967,50
3268,3.900000000000004,20
3269,4.900000000000004,20
3270,29.499999999999964,50
3271,72.20000000000007,95
3272,4.600000000000003,20
3273,178.20000000000053,235
3274,66.30000000000004,95
3275,66.80000000000004,95
3276,15.699999999999987,35
3277,-10.5,5
3278,116.50000000000034,160
3279,-10.5,5
3280,3.5000000000000036,20
3281,12.699999999999994,35
3282,2.100000000000003,20
3283,3.5000000000000036,20
3284,-4.299999999999998,15
3285,2.8000000000000025,20
3286,86.90000000000023,130
3287,-10.5,5
3288,-1.5999999999999925,35
3289,2.8000000000000025,20
3290,49.099999999999945,70
3291,11.999999999999995,35
3292,22.899999999999977,40
3293,48.499999999999936,85
3294,0.10000000000000142,15
3295,6.3000000000000025,20
3296,-10.5,5
3297,55.499999999999964,80
3298,64.20000000000026,125
3299,1.8000000000000025,15
3300,1.1000000000000032,15
3301,6.3000000000000025,20
3302,23.89999999999997,45
3303,1.2000000000000028,20
3304,1.5,20
3305,103.20000000000029,155
3306,5.600000000000003,20
3307,42.69999999999995,65
3308,2.5000000000000036,15
3309,14.399999999999986,45
3310,-10.5,5
3311,-10.5,5
3312,68.30000000000007,100
3313,-11.0,10
3314,45.69999999999996,70
3315,15.299999999999988,30
3316,3.3000000000000043,20
3317,5.600000000000005,20
3318,62.60000000000006,95
3319,29.499999999999964,50
3320,48.29999999999995,65
3321,54.89999999999994,70
3322,25.49999999999997,55
3323,74.60000000000008,95
3324,-10.5,5
3325,162.10000000000056,210
3326,63.100000000000016,95
3327,73.20000000000009,115
3328,67.80000000000005,100
3329,1.1000000000000014,15
3330,5.600000000000005,20
3331,178.70000000000053,235
3332,88.60000000000016,110
3333,-8.9,5
3334,47.29999999999999,95
3335,-1.6999999999999975,15
3336,23.699999999999974,45
3337,3.900000000000004,20
3338,-9.6,5
3339,3.3000000000000043,20
3340,1.9000000000000021,20
3341,2.5000000000000036,15
3342,2.5,20
3343,44.89999999999996,70
3344,1.9000000000000021,20
3345,28.399999999999963,50
3346,-9.6,5
3347,204.40000000000063,270
3348,3.1000000000000014,45
3349,87.10000000000018,125
3350,52.799999999999955,70
3351,17.69999999999999,35
3352,52.49999999999998,95
3353,-0.8999999999999986,15
3354,-10.2,5
3355,28.49999999999997,50
3356,21.899999999999977,40
3357,13.999999999999988,35
3358,0.8000000000000025,15
3359,14.299999999999992,40
3360,1.8000000000000025,15
3361,-9.2,5
3362,16.899999999999977,50
3363,67.40000000000005,95
3364,52.099999999999945,70
3365,-2.299999999999999,15
3366,31.89999999999997,50
3367,162.5000000000006,205
3368,45.59999999999995,65
3369,88.30000000000017,110
3370,85.60000000000022,125
3371,7.000000000000002,20
3372,-11.0,10
3373,21.19999999999998,40
3374,83.80000000000014,115
3375,89.8000000000002,130
3376,-3.3999999999999986,10
3377,-9.9,5
3378,45.299999999999955,65
3379,53.19999999999994,70
3380,-3.3999999999999986,10
3381,45.19999999999995,65
3382,57.6,85
3383,-9.2,5
3384,44.899999999999956,65
3385,27.099999999999966,50
3386,27.09999999999998,50
3387,73.90000000000009,100
3388,68.40000000000008,95
3389,24.99999999999997,45
3390,62.500000000000036,95
3391,7.000000000000002,20
3392,3.900000000000004,20
3393,-10.5,5
3394,27.39999999999997,45
3395,48.99999999999997,70
3396,128.1000000000004,160
3397,22.69999999999998,45
3398,125.70000000000039,160
3399,-10.5,5
3400,-2.299999999999997,25
3401,2.799999999999999,20
3402,-1.0999999999999996,20
3403,50.99999999999997,85
3404,1.2000000000000028,20
3405,30.899999999999963,50
3406,28.199999999999967,50
3407,0.10000000000000142,15
3408,81.80000000000011,105
3409,7.000000000000002,20
3410,88.60000000000016,125
3411,-10.5,5
3412,28.79999999999997,50
3413,-0.20000000000000107,20
3414,43.39999999999999,80
3415,15.599999999999985,35
3416,48.99999999999996,65
3417,29.79999999999996,50
3418,51.099999999999945,65
3419,63.800000000000104,105
3420,125.70000000000041,160
3421,4.600000000000003,20
3422,26.699999999999974,45
3423,4.600000000000003,20
3424,108.50000000000033,145
3425,46.99999999999994,65
3426,48.999999999999964,70
3427,235.90000000000072,300
3428,27.09999999999998,50
3429,1.8000000000000007,20
3430,22.299999999999976,45
3431,46.299999999999955,65
3432,5.300000000000004,20
3433,60.10000000000003,95
3434,7.000000000000002,20
3435,21.49999999999998,45
3436,41.699999999999996,65
3437,5.600000000000005,20
3438,192.6000000000007,250
3439,26.699999999999974,45
3440,1.1000000000000032,15
3441,1.1000000000000032,15
3442,4.200000000000005,20
3443,55.599999999999945,70
3444,95.40000000000023,130
3445,3.900000000000004,20
3446,0.40000000000000213,15
3447,104.80000000000027,130
3448,-1.3999999999999986,20
3449,96.60000000000024,130
3450,3.600000000000003,20
3451,83.40000000000013,110
3452,137.70000000000047,190
3453,98.40000000000026,155
3454,24.59999999999998,45
3455,63.900000000000055,95
3456,1.8000000000000025,15
3457,51.49999999999994,70
3458,72.90000000000008,95
3459,74.30000000000014,115
3460,4.200000000000005,20
3461,17.69999999999999,35
3462,-10.5,5
3463,-4.3999999999999995,10
3464,28.79999999999997,45
3465,-10.5,5
3466,3.900000000000004,20
3467,42.69999999999999,65
3468,252.90000000000074,300
3469,0.5,20
3470,2.900000000000002,20
3471,19.09999999999998,35
3472,35.79999999999996,65
3473,3.900000000000004,20
3474,-10.5,5
3475,7.000000000000002,20
3476,-1.6999999999999993,15
3477,19.399999999999984,40
3478,-10.5,5
3479,-11.0,10
3480,21.299999999999976,50
3481,18.399999999999984,35
3482,59.30000000000003,95
3483,20.99999999999998,50
3484,-10.5,5
3485,89.7000000000002,130
3486,2.0999999999999996,20
3487,38.79999999999996,70
3488,131.10000000000048,185
3489,2.600000000000003,20
3490,41.59999999999997,65
3491,45.49999999999997,70
3492,24.299999999999976,45
3493,-2.599999999999998,15
3494,51.39999999999996,70
3495,4.600000000000003,20
3496,0.10000000000000142,15
3497,-5.8,10
3498,59.399999999999984,80
3499,83.10000000000014,110
3500,113.10000000000034,160
3501,49.999999999999964,70
3502,80.90000000000019,125
3503,15.599999999999964,50
3504,22.599999999999973,50
3505,17.69999999999999,35
3506,6.3000000000000025,20
3507,181.50000000000054,240
3508,2.5000000000000036,15
3509,51.49999999999994,75
3510,-10.5,5
3511,48.79999999999995,70
3512,25.39999999999997,45
3513,-11.0,10
3514,18.799999999999983,40
3515,14.39999999999999,40
3516,24.299999999999976,40
3517,67.50000000000004,100
3518,97.70000000000024,130
3519,3.900000000000004,20
3520,176.40000000000055,235
3521,-10.5,5
3522,73.80000000000008,110
3523,159.90000000000052,225
3524,19.199999999999974,40
3525,-10.5,5
3526,-9.2,5
3527,0.10000000000000142,15
3528,-10.5,5
3529,72.20000000000007,105
3530,52.099999999999945,70
3531,85.00000000000021,145
3532,256.80000000000075,300
3533,139.00000000000048,185
3534,99.10000000000025,130
3535,1.1000000000000032,15
3536,43.39999999999996,65
3537,59.80000000000005,90
3538,18.799999999999976,45
3539,-1.299999999999999,15
3540,66.70000000000006,95
3541,4.900000000000002,20
3542,107.5000000000003,150
3543,0.8000000000000025,15
3544,138.0000000000004,195
3545,129.10000000000042,175
3546,85.70000000000017,125
3547,41.39999999999996,70
3548,95.6000000000002,125
3549,24.69999999999998,45
3550,81.70000000000013,110
3551,3.900000000000004,20
3552,14.39999999999999,35
3553,122.20000000000036,160
3554,-10.2,5
3555,90.60000000000028,145
3556,-8.9,5
3557,3.600000000000003,20
3558,51.399999999999956,70
3559,75.50000000000009,110
3560,7.000000000000002,20
3561,45.29999999999995,65
3562,1.8000000000000025,15
3563,-10.5,5
3564,22.59999999999998,40
3565,49.69999999999995,65
3566,95.20000000000023,130
3567,61.10000000000003,95
3568,17.399999999999984,35
3569,-0.5999999999999979,15
3570,28.89999999999997,50
3571,168.00000000000048,215
3572,24.699999999999974,45
3573,68.50000000000006,95
3574,0.20000000000000107,20
3575,189.90000000000063,235
3576,4.200000000000003,20
3577,17.999999999999986,40
3578,87.60000000000016,125
3579,-1.4999999999999982,20
3580,-0.5999999999999979,15
3581,86.90000000000016,125
3582,-1.5999999999999979,15
3583,49.599999999999966,80
3584,51.79999999999995,70
3585,1.8000000000000025,15
3586,50.39999999999994,65
3587,132.00000000000034,160
3588,96.90000000000028,145
3589,52.79999999999995,70
3590,45.19999999999995,65
3591,-0.8999999999999986,15
3592,-1.5999999999999996,15
3593,6.3000000000000025,20
3594,6.3000000000000025,20
3595,-3.299999999999997,15
3596,6.3000000000000025,20
3597,-10.2,5
3598,16.999999999999986,35
3599,103.80000000000025,130
3600,142.1000000000005,185
3601,22.599999999999973,45
3602,124.70000000000039,160
3603,1.5000000000000036,20
3604,66.80000000000005,100
3605,55.899999999999956,80
3606,20.899999999999977,45
3607,3.600000000000003,20
3608,61.70000000000005,95
3609,28.39999999999997,50
3610,54.89999999999994,70
3611,6.3000000000000025,20
3612,-10.5,5
3613,0.5000000000000018,20
3614,15.69999999999999,35
3615,-10.5,5
3616,65.00000000000004,95
3617,149.7000000000005,185
3618,137.9000000000005,185
3619,-10.7,10
3620,48.299999999999955,70
3621,22.99999999999998,45
3622,41.59999999999997,70
3623,53.399999999999984,85
3624,-9.9,5
3625,3.900000000000002,20
3626,-10.5,5
3627,3.200000000000003,20
3628,110.1000000000003,140
3629,2.5000000000000036,20
3630,16.69999999999999,35
3631,139.50000000000045,185
3632,20.49999999999998,35
3633,26.399999999999977,45
3634,107.60000000000034,150
3635,6.3000000000000025,20
3636,-2.5999999999999988,15
3637,101.90000000000028,145
3638,124.70000000000041,160
3639,4.600000000000003,20
3640,16.999999999999986,35
3641,72.60000000000008,100
3642,1.8000000000000007,20
3643,26.89999999999997,50
3644,53.49999999999994,70
3645,-4.999999999999999,15
3646,102.10000000000025,125
3647,27.69999999999996,70
3648,82.80000000000015,115
3649,-3.6999999999999984,15
3650,6.3000000000000025,20
3651,154.20000000000053,205
3652,72.50000000000007,95
3653,22.899999999999977,40
3654,17.799999999999983,40
3655,27.39999999999997,45
3656,48.69999999999995,65
3657,29.799999999999976,50
3658,2.5000000000000036,15
3659,15.699999999999983,35
3660,-9.9,5
3661,-0.29999999999999893,15
3662,96.30000000000025,130
3663,1.6000000000000032,20
3664,-0.1999999999999975,15
3665,64.70000000000005,100
3666,1.8000000000000025,15
3667,-10.5,5
3668,16.999999999999986,35
3669,177.80000000000064,210
3670,-10.2,5
3671,31.599999999999966,50
3672,0.40000000000000036,15
3673,-7.199999999999999,5
3674,54.19999999999994,70
3675,-10.5,5
3676,24.299999999999976,40
3677,-11.0,10
3678,120.90000000000035,160
3679,117.50000000000037,160
3680,26.49999999999997,50
3681,81.80000000000021,125
3682,3.600000000000003,20
3683,31.899999999999963,50
3684,-1.1999999999999975,15
3685,254.2000000000007,300
3686,15.599999999999989,35
3687,46.59999999999995,65
3688,88.70000000000019,125
3689,160.5000000000005,205
3690,27.49999999999998,50
3691,230.80000000000072,300
3692,81.60000000000014,110
3693,29.29999999999997,50
3694,-5.1,10
3695,-11.0,10
3696,21.19999999999998,40
3697,1.0999999999999979,20
3698,43.8,70
3699,-11.0,10
3700,14.699999999999987,40
3701,-0.1999999999999993,20
3702,150.0000000000005,185
3703,26.399999999999977,45
3704,22.899999999999977,45
3705,44.89999999999995,65
3706,187.70000000000059,235
3707,-9.9,5
3708,121.30000000000038,160
3709,24.99999999999997,45
3710,2.5000000000000036,20
3711,92.5000000000002,125
3712,67.80000000000007,100
3713,27.399999999999977,45
3714,-10.5,5
3715,18.099999999999987,35
3716,-10.5,5
3717,28.89999999999997,50
3718,3.200000000000003,20
3719,6.3000000000000025,20
3720,256.0000000000008,300
3721,1.8000000000000025,15
3722,27.79999999999997,50
3723,21.399999999999977,45
3724,236.80000000000067,300
3725,0.10000000000000142,15
3726,44.49999999999995,65
3727,5.600000000000003,20
3728,64.90000000000009,110
3729,22.899999999999977,40
3730,0.10000000000000142,15
3731,0.40000000000000213,15
3732,24.39999999999997,50
3733,-7.8999999999999995,5
3734,6.3000000000000025,20
3735,4.600000000000003,20
3736,16.69999999999999,35
3737,2.8000000000000025,20
3738,108.60000000000034,160
3739,4.900000000000002,20
3740,5.300000000000004,20
3741,1.1000000000000032,15
3742,112.90000000000036,160
3743,134.70000000000044,180
3744,103.90000000000023,130
3745,122.30000000000038,155
3746,54.29999999999996,80
3747,122.60000000000036,160
3748,2.5000000000000036,20
3749,31.19999999999996,50
3750,24.99999999999998,45
3751,3.200000000000001,20
3752,62.70000000000001,100
3753,5.600000000000003,20
3754,63.00000000000022,125
3755,3.3000000000000043,20
3756,50.399999999999956,75
3757,6.3000000000000025,20
3758,102.80000000000024,130
3759,4.600000000000003,20
3760,54.19999999999995,70
3761,0.10000000000000142,15
3762,1.8000000000000025,15
3763,1.8000000000000025,15
3764,-2.5999999999999988,15
3765,161.30000000000052,210
3766,202.1000000000005,265
3767,50.799999999999955,70
3768,149.7000000000005,190
3769,-10.5,5
3770,-11.0,10
3771,2.5000000000000036,15
3772,59.399999999999984,80
3773,245.80000000000055,300
3774,123.90000000000038,160
3775,110.60000000000032,160
3776,-1.9999999999999982,10
3777,25.299999999999976,50
3778,-10.5,5
3779,-4.199999999999999,15
3780,153.30000000000055,190
3781,-10.5,5
3782,46.299999999999955,65
3783,100.50000000000024,125
3784,1.9000000000000021,20
3785,51.099999999999945,65
3786,53.49999999999995,70
3787,47.69999999999994,70
3788,2.200000000000001,20
3789,1.9000000000000021,20
3790,62.400000000000055,95
3791,6.3000000000000025,20
3792,-11.5,15
3793,55.599999999999945,70
3794,18.399999999999984,35
3795,-10.2,5
3796,50.49999999999996,75
3797,2.600000000000003,20
3798,20.49999999999998,35
3799,153.80000000000047,185
3800,2.200000000000003,20
3801,-10.5,5
3802,259.00000000000074,300
3803,55.599999999999945,75
3804,-0.1999999999999975,15
3805,44.19999999999996,65
3806,183.10000000000068,210
3807,-10.5,5
3808,56.299999999999976,80
3809,127.80000000000035,155
3810,142.40000000000043,180
3811,-11.0,10
3812,49.799999999999955,70
3813,0.10000000000000142,15
3814,2.200000000000001,20
3815,2.900000000000002,20
3816,54.89999999999994,70
3817,61.600000000000016,95
3818,-1.299999999999999,15
3819,48.59999999999998,70
3820,134.7000000000004,175
3821,100.70000000000027,145
3822,153.5000000000005,185
3823,265.3000000000007,300
3824,51.599999999999945,75
3825,1.8000000000000025,15
3826,28.79999999999997,45
3827,66.30000000000005,95
3828,66.80000000000004,100
3829,22.199999999999974,45
3830,-10.5,5
3831,72.90000000000008,95
3832,257.30000000000086,300
3833,133.90000000000043,175
3834,78.80000000000013,110
3835,47.99999999999996,70
3836,105.8000000000003,155
3837,-4.699999999999999,10
3838,52.49999999999995,70
3839,185.30000000000064,240
3840,24.299999999999976,40
3841,0.3000000000000025,20
3842,108.40000000000032,150
3843,64.90000000000005,100
3844,-10.5,5
3845,54.89999999999994,70
3846,-9.9,5
3847,3.900000000000004,20
3848,0.20000000000000107,20
3849,45.19999999999999,80
3850,14.299999999999988,35
3851,0.10000000000000142,15
3852,13.999999999999991,35
3853,-10.5,5
3854,145.5000000000005,190
3855,13.699999999999987,40
3856,50.49999999999996,75
3857,132.80000000000044,175
3858,46.09999999999997,75
3859,138.60000000000045,175
3860,-11.0,10
3861,-0.29999999999999716,15
3862,1.9000000000000021,20
3863,0.9000000000000021,20
3864,18.799999999999983,35
3865,49.699999999999946,65
3866,259.70000000000084,300
3867,5.600000000000003,20
3868,22.59999999999998,40
3869,85.60000000000022,125
3870,23.599999999999973,40
3871,48.999999999999964,70
3872,239.50000000000085,295
3873,242.70000000000047,300
3874,-9.9,5
3875,251.2000000000006,300
3876,59.09999999999999,80
3877,94.80000000000021,130
3878,112.6000000000003,155
3879,-0.5999999999999979,15
3880,141.1000000000005,180
3881,-2.299999999999998,15
3882,29.49999999999997,50
3883,-3.5999999999999988,15
3884,0.10000000000000142,15
3885,0.10000000000000142,15
3886,22.199999999999974,40
3887,254.2000000000008,300
3888,168.3000000000006,205
3889,72.20000000000007,95
3890,0.8000000000000025,15
3891,186.60000000000053,235
3892,22.09999999999998,45
3893,150.30000000000047,180
3894,115.40000000000036,160
3895,89.00000000000018,130
3896,2.5000000000000036,15
3897,112.90000000000033,155
3898,97.70000000000022,125
3899,6.3000000000000025,20
3900,48.79999999999995,65
3901,31.199999999999967,50
3902,162.90000000000043,215
3903,29.199999999999974,50
3904,67.60000000000007,95
3905,21.699999999999974,50
3906,131.00000000000043,160
3907,19.099999999999987,35
3908,5.300000000000004,20
3909,26.699999999999974,45
3910,5.600000000000005,20
3911,-9.2,5
3912,52.79999999999995,70
3913,83.10000000000014,110
3914,25.79999999999997,50
3915,65.10000000000005,95
3916,254.00000000000077,300
3917,-10.5,5
3918,1.9000000000000021,20
3919,4.600000000000003,20
3920,87.60000000000015,110
3921,29.49999999999997,50
3922,4.200000000000005,20
3923,95.00000000000028,145
3924,98.30000000000021,130
3925,161.9000000000005,205
3926,2.5000000000000018,20
3927,180.20000000000056,235
3928,-9.1,20
3929,3.3000000000000043,20
3930,17.69999999999998,35
3931,2.600000000000003,20
3932,24.299999999999976,40
3933,6.3000000000000025,20
3934,196.60000000000068,235
3935,222.80000000000084,265
3936,3.600000000000003,20
3937,60.399999999999984,80
3938,54.899999999999956,70
3939,67.30000000000005,100
3940,2.600000000000003,20
3941,-3.6999999999999993,10
3942,26.399999999999977,45
3943,5.600000000000005,20
3944,-2.6999999999999984,10
3945,122.40000000000038,160
3946,-1.1999999999999975,15
3947,5.300000000000004,20
3948,24.299999999999976,40
3949,46.699999999999946,65
3950,19.499999999999986,40
3951,93.80000000000018,125
3952,-7.199999999999999,5
3953,-10.5,5
3954,48.39999999999995,70
3955,19.09999999999998,35
3956,1.8000000000000025,15
3957,-9.6,5
3958,-10.5,5
3959,163.5000000000003,235
3960,32.599999999999966,50
3961,123.70000000000039,160
3962,-10.5,5
3963,-0.1999999999999975,15
3964,-10.5,5
3965,24.99999999999997,40
3966,55.59999999999996,80
3967,15.599999999999989,35
3968,14.299999999999992,30
3969,95.00000000000021,130
3970,121.70000000000036,155
3971,51.39999999999995,70
3972,117.50000000000034,160
3973,-5.199999999999999,15
3974,192.8000000000007,235
3975,-8.9,5
3976,33.5,70
3977,18.399999999999984,35
3978,125.60000000000039,160
3979,230.9000000000008,270
3980,20.49999999999998,35
3981,5.600000000000003,20
3982,2.5000000000000036,15
3983,7.000000000000002,20
3984,154.50000000000054,205
3985,95.80000000000021,125
3986,65.80000000000005,100
3987,44.59999999999996,65
3988,153.8000000000005,185
3989,195.9000000000007,235
3990,6.3000000000000025,20
3991,4.600000000000003,20
3992,3.200000000000003,20
3993,4.300000000000004,20
3994,164.4000000000006,205
3995,40.79999999999998,65
3996,19.499999999999986,40
3997,29.79999999999997,50
3998,117.50000000000037,160
3999,-12.5,25
4000,-9.9,5
4001,126.60000000000036,160
4002,128.60000000000045,170
4003,-2.6999999999999984,10
4004,122.50000000000037,160
4005,1.2000000000000028,20
4006,18.09999999999998,40
4007,98.30000000000022,130
4008,151.80000000000047,190
4009,-10.5,5
4010,-10.5,5
4011,-11.0,10
4012,-0.09999999999999787,20
4013,14.999999999999988,35
4014,19.49999999999998,40
4015,93.40000000000019,125
4016,25.29999999999997,45
4017,45.19999999999995,65
4018,5.600000000000005,20
4019,221.00000000000057,300
4020,96.70000000000024,145
4021,-10.5,5
4022,246.6000000000008,300
4023,68.40000000000006,95
4024,70.10000000000007,100
4025,96.40000000000023,130
4026,95.90000000000022,125
4027,29.899999999999963,50
4028,19.09999999999998,40
4029,266.6000000000007,300
4030,239.80000000000078,295
4031,252.10000000000068,300
4032,254.20000000000076,300
4033,3.900000000000004,20
4034,28.099999999999966,50
4035,16.79999999999999,35
4036,24.299999999999976,45
4037,93.1000000000002,125
4038,4.900000000000004,20
4039,67.70000000000007,95
4040,148.2000000000005,185
4041,141.50000000000045,180
4042,-11.0,10
4043,93.10000000000021,130
4044,31.899999999999963,50
4045,15.19999999999999,40
4046,123.40000000000038,160
4047,94.80000000000021,125
4048,79.7000000000001,110
4049,44.49999999999994,65
4050,-10.5,5
4051,147.00000000000048,185
4052,58.09999999999997,80
4053,254.4000000000007,300
4054,244.70000000000087,300
4055,54.19999999999997,75
4056,175.30000000000058,235
4057,-3.3999999999999986,10
4058,258.40000000000083,300
4059,44.59999999999998,70
4060,240.80000000000067,300
4061,88.9000000000002,125
4062,4.600000000000003,20
4063,-10.5,5
4064,145.70000000000056,190
4065,240.90000000000086,300
4066,4.600000000000003,20
4067,-10.5,5
4068,49.69999999999995,65
4069,4.200000000000005,20
4070,7.000000000000002,20
4071,5.300000000000004,20
4072,58.80000000000002,95
4073,21.19999999999998,40
4074,21.59999999999998,45
4075,72.50000000000007,95
4076,52.499999999999936,65
4077,1.5000000000000018,20
4078,73.20000000000009,100
4079,20.49999999999998,35
4080,-0.5999999999999979,15
4081,28.099999999999973,45
4082,100.70000000000023,130
4083,23.89999999999997,45
4084,81.50000000000016,115
4085,55.999999999999964,75
4086,20.49999999999998,35
4087,126.80000000000038,160
4088,-2.299999999999998,15
4089,65.90000000000006,95
4090,-11.0,10
4091,20.09999999999998,45
4092,-0.8999999999999986,15
4093,5.600000000000005,20
4094,195.7000000000006,250
4095,46.99999999999996,70
4096,1.8000000000000025,15
4097,6.3000000000000025,20
4098,104.20000000000024,130
4099,118.10000000000034,160
4100,146.8000000000005,190
4101,5.600000000000005,20
4102,-0.8999999999999986,15
4103,-10.5,5
4104,18.099999999999987,35
4105,107.60000000000026,130
4106,83.10000000000014,130
4107,0.5000000000000018,20
4108,28.89999999999997,50
4109,1.2000000000000028,20
4110,1.9000000000000021,20
4111,-0.5999999999999996,15
4112,100.80000000000022,125
4113,-10.5,5
4114,57.80000000000002,95
4115,-0.5999999999999979,15
4116,205.90000000000072,250
4117,22.899999999999977,40
4118,30.89999999999997,50
4119,253.6000000000008,300
4120,113.70000000000037,160
4121,5.600000000000003,20
4122,31.199999999999967,50
4123,21.19999999999998,40
4124,118.90000000000035,155
4125,21.899999999999977,40
4126,109.00000000000027,130
4127,28.599999999999966,50
4128,1.1000000000000032,15
4129,124.50000000000037,155
4130,-10.5,5
4131,3.900000000000002,20
4132,92.8000000000002,125
4133,27.399999999999977,45
4134,69.70000000000007,100
4135,46.69999999999995,65
4136,52.39999999999992,85
4137,53.499999999999936,70
4138,50.99999999999992,85
4139,30.999999999999957,65
4140,-2.3999999999999986,20
4141,93.7000000000002,125
4142,83.60000000000015,110
4143,23.99999999999998,45
4144,2.5000000000000036,15
4145,-9.9,5
4146,45.299999999999976,70
4147,24.99999999999997,45
4148,48.89999999999995,75
4149,237.20000000000073,300
4150,0.10000000000000142,15
4151,1.1000000000000032,15
4152,6.3000000000000025,20
4153,23.299999999999976,45
4154,119.00000000000034,175
4155,24.69999999999998,45
4156,-10.5,5
4157,5.600000000000005,20
4158,80.00000000000013,110
4159,72.20000000000007,95
4160,259.7000000000008,300
4161,44.299999999999955,65
4162,4.900000000000004,20
4163,49.69999999999994,65
4164,139.70000000000044,180
4165,47.99999999999996,65
4166,28.799999999999983,50
4167,54.89999999999994,70
4168,53.899999999999956,80
4169,7.000000000000002,20
4170,28.79999999999997,50
4171,1.1000000000000032,15
4172,-1.0999999999999979,20
4173,45.99999999999995,65
4174,53.49999999999995,70
4175,1.8000000000000025,15
4176,49.79999999999993,85
4177,13.299999999999992,40
4178,116.80000000000034,155
4179,123.50000000000037,155
4180,53.89999999999994,70
4181,50.79999999999995,70
4182,128.30000000000038,160
4183,257.30000000000075,300
4184,-10.5,5
4185,47.69999999999995,65
4186,25.99999999999998,45
4187,16.899999999999984,40
4188,42.59999999999998,70
4189,-12.5,25
4190,81.10000000000011,110
4191,51.89999999999994,75
4192,30.199999999999974,50
4193,253.20000000000067,300
4194,-10.5,5
4195,74.80000000000008,105
4196,121.00000000000037,160
4197,4.200000000000001,20
4198,227.50000000000085,270
4199,-10.5,5
4200,24.699999999999974,45
4201,4.300000000000004,20
4202,141.10000000000042,185
4203,109.00000000000031,140
4204,265.10000000000076,300
4205,2.600000000000003,20
4206,43.799999999999976,70
4207,24.699999999999974,45
4208,92.5000000000002,125
4209,208.60000000000065,270
4210,58.69999999999998,80
4211,1.1000000000000032,15
4212,-10.5,5
4213,258.80000000000086,300
4214,-1.8999999999999986,15
4215,101.40000000000025,130
4216,-10.2,5
4217,20.899999999999977,45
4218,184.1000000000005,235
4219,119.80000000000035,150
4220,47.59999999999996,65
4221,-4.8999999999999995,15
4222,87.80000000000017,125
4223,102.50000000000023,125
4224,26.699999999999974,45
4225,15.799999999999988,40
4226,-10.5,5
4227,6.3000000000000025,20
4228,21.899999999999977,40
4229,3.2000000000000046,20
4230,4.300000000000004,20
4231,13.999999999999991,35
4232,44.899999999999956,65
4233,33.29999999999996,50
4234,56.69999999999995,75
4235,26.699999999999974,45
4236,265.0000000000008,300
4237,-9.6,5
4238,-11.0,10
4239,20.899999999999984,45
4240,-10.5,5
4241,51.399999999999956,70
4242,263.1000000000008,300
4243,19.799999999999976,45
4244,4.300000000000004,20
4245,2.3000000000000025,20
4246,3.3000000000000043,20
4247,45.89999999999997,70
4248,64.50000000000004,95
4249,46.09999999999996,90
4250,1.2000000000000028,20
4251,97.80000000000032,145
4252,6.3000000000000025,20
4253,260.4000000000008,300
4254,1.1000000000000032,15
4255,2.5000000000000036,15
4256,24.299999999999976,45
4257,129.1000000000004,160
4258,93.1000000000002,125
4259,52.49999999999994,70
4260,126.5000000000004,160
4261,76.0000000000001,100
4262,24.299999999999976,45
4263,7.000000000000002,20
4264,151.10000000000053,190
4265,33.99999999999996,50
4266,3.900000000000004,20
4267,67.30000000000007,95
4268,150.30000000000052,190
4269,62.50000000000001,95
4270,53.19999999999994,70
4271,78.80000000000011,110
4272,-10.5,5
4273,32.599999999999966,50
4274,-10.5,5
4275,95.50000000000021,125
4276,140.90000000000043,185
4277,-10.5,5
4278,3.600000000000003,20
4279,241.20000000000093,300
4280,133.20000000000033,175
4281,51.79999999999994,65
4282,145.50000000000048,185
4283,19.09999999999998,35
4284,121.40000000000035,155
4285,1.1000000000000014,15
4286,4.300000000000004,20
4287,92.40000000000019,125
4288,87.30000000000013,125
4289,31.599999999999966,50
4290,44.39999999999998,95
4291,4.300000000000004,20
4292,1.400000000000004,20
4293,31.899999999999963,50
4294,43.39999999999996,65
4295,25.99999999999998,45
4296,30.899999999999963,50
4297,-10.5,5
4298,-10.5,5
4299,92.50000000000018,130
4300,-1.9999999999999982,15
4301,129.6000000000003,185
4302,24.699999999999974,45
4303,230.0000000000009,300
4304,0.1000000000000032,15
4305,24.299999999999976,40
4306,7.000000000000002,20
4307,6.3000000000000025,20
4308,83.90000000000012,110
4309,77.80000000000008,110
4310,69.50000000000006,95
4311,3.600000000000003,20
4312,51.09999999999996,70
4313,163.00000000000054,210
4314,7.000000000000002,20
4315,24.199999999999974,50
4316,117.20000000000033,160
4317,135.30000000000055,190
4318,24.99999999999997,40
4319,1.5000000000000018,20
4320,-5.099999999999999,10
4321,11.899999999999993,35
4322,1.8000000000000025,15
4323,50.39999999999996,70
4324,10.199999999999998,40
4325,3.3000000000000043,20
4326,254.40000000000083,300
4327,-0.8999999999999986,15
4328,232.80000000000067,300
4329,44.99999999999995,65
4330,-9.9,5
4331,97.60000000000022,130
4332,119.60000000000034,155
4333,265.9000000000008,300
4334,84.80000000000014,110
4335,5.600000000000005,20
4336,94.6000000000002,125
4337,68.40000000000006,100
4338,105.80000000000031,150
4339,-10.5,5
4340,1.8000000000000007,20
4341,47.599999999999966,65
4342,5.600000000000005,20
4343,172.20000000000067,225
4344,6.3000000000000025,20
4345,51.799999999999955,70
4346,3.900000000000004,20
4347,132.1000000000004,155
4348,25.99999999999997,45
4349,11.899999999999993,35
4350,2.200000000000003,20
4351,0.9000000000000021,20
4352,261.8000000000008,300
4353,94.80000000000022,130
4354,5.600000000000003,20
4355,20.49999999999998,35
4356,22.59999999999998,40
4357,26.399999999999977,45
4358,27.39999999999997,45
4359,48.99999999999996,65
4360,174.10000000000056,210
4361,46.19999999999995,65
4362,250.60000000000065,300
4363,-11.0,10
4364,27.39999999999997,50
4365,28.099999999999966,45
4366,48.99999999999995,65
4367,105.90000000000026,130
4368,110.0000000000003,145
4369,18.799999999999983,40
4370,-2.1999999999999984,15
4371,97.60000000000022,125
4372,73.60000000000008,95
4373,246.00000000000094,295
4374,1.8000000000000025,15
4375,-11.0,10
4376,-0.9000000000000004,20
4377,49.099999999999945,70
4378,47.29999999999996,65
4379,-9.2,5
4380,258.80000000000075,300
4381,42.09999999999996,65
4382,51.099999999999945,65
4383,256.1000000000008,300
4384,148.70000000000053,190
4385,24.99999999999997,40
4386,53.49999999999995,70
4387,27.39999999999997,45
4388,67.70000000000007,100
4389,145.9000000000005,175
4390,1.2000000000000028,20
4391,205.6000000000007,250
4392,88.00000000000014,110
4393,69.80000000000005,95
4394,46.59999999999995,65
4395,-4.299999999999999,15
4396,134.4000000000004,160
4397,19.799999999999983,35
4398,114.00000000000034,160
4399,106.9000000000003,145
4400,120.30000000000035,155
4401,245.9000000000006,300
4402,87.60000000000015,110
4403,0.10000000000000142,15
4404,123.90000000000038,150
4405,1.1000000000000032,15
4406,255.20000000000073,300
4407,1.8000000000000025,15
4408,130.40000000000038,160
4409,264.10000000000076,300
4410,5.300000000000004,20
4411,85.10000000000014,110
4412,127.5000000000004,160
4413,49.69999999999995,70
4414,52.19999999999994,70
4415,143.10000000000045,185
4416,72.50000000000007,95
4417,139.40000000000043,175
4418,235.70000000000064,300
4419,22.899999999999977,40
4420,46.99999999999995,65
4421,-10.5,5
4422,3.3000000000000043,20
4423,-10.5,5
4424,263.30000000000075,300
4425,-2.5999999999999988,15
4426,71.50000000000007,95
4427,2.200000000000001,20
4428,18.399999999999984,40
4429,163.60000000000053,205
4430,72.60000000000007,110
4431,19.799999999999983,35
4432,218.00000000000077,265
4433,132.0000000000004,160
4434,0.5000000000000018,20
4435,169.30000000000055,205
4436,125.10000000000036,160
4437,54.19999999999995,70
4438,3.200000000000003,20
4439,2.5000000000000036,20
4440,32.599999999999966,50
4441,183.80000000000058,235
4442,105.60000000000025,130
4443,65.60000000000005,95
4444,239.2000000000008,295
4445,5.300000000000004,20
4446,-10.5,5
4447,145.10000000000048,175
4448,-10.5,5
4449,-8.9,5
4450,92.8000000000002,125
4451,148.30000000000047,185
4452,82.70000000000012,110
4453,53.59999999999997,85
4454,88.00000000000014,110
4455,-9.6,5
4456,-10.2,5
4457,4.600000000000003,20
4458,32.599999999999966,50
4459,260.50000000000074,300
4460,54.19999999999994,70
4461,71.50000000000007,95
4462,260.5000000000009,300
4463,268.7000000000006,300
4464,24.099999999999973,45
4465,6.3000000000000025,20
4466,3.3000000000000043,20
4467,31.899999999999963,50
4468,-10.9,15
4469,262.30000000000075,300
4470,-10.5,5
4471,120.50000000000031,155
4472,54.19999999999995,75
4473,5.600000000000005,20
4474,109.00000000000028,130
4475,68.80000000000005,95
4476,15.999999999999988,35
4477,45.899999999999956,65
4478,165.10000000000053,210
4479,272.0000000000007,300
4480,11.499999999999995,30
4481,2.5000000000000036,15
4482,84.40000000000015,110
4483,123.90000000000038,160
4484,21.59999999999998,40
4485,259.00000000000085,300
4486,177.9000000000006,205
4487,78.20000000000007,110
4488,66.30000000000004,95
4489,-9.9,5
4490,260.3000000000008,300
4491,137.20000000000044,180
4492,104.60000000000029,150
4493,102.80000000000024,125
4494,4.900000000000004,20
4495,142.20000000000047,185
4496,-9.9,5
4497,237.20000000000087,285
4498,112.20000000000033,145
4499,-10.5,5
4500,126.10000000000034,160
4501,86.20000000000013,110
4502,17.399999999999984,35
4503,18.799999999999983,35
4504,21.899999999999977,40
4505,0.8000000000000025,15
4506,239.30000000000078,300
4507,4.900000000000004,20
4508,102.80000000000025,130
4509,250.7000000000006,300
4510,2.3000000000000025,20
4511,97.60000000000021,125
4512,241.6000000000005,300
4513,19.799999999999983,35
4514,-10.5,5
4515,1.8000000000000025,15
4516,7.000000000000002,20
4517,4.600000000000003,20
4518,6.3000000000000025,20
4519,17.69999999999999,35
4520,190.20000000000059,240
4521,262.8000000000007,300
4522,102.00000000000026,130
4523,2.5000000000000036,15
4524,4.300000000000004,20
4525,166.5000000000006,210
4526,136.50000000000043,160
4527,-2.299999999999999,15
4528,1.8000000000000025,15
4529,168.80000000000058,210
4530,107.0000000000003,155
4531,95.80000000000022,125
4532,87.40000000000019,125
4533,130.7000000000004,175
4534,48.09999999999996,70
4535,67.70000000000005,95
4536,68.00000000000007,95
4537,32.29999999999996,50
4538,83.80000000000014,110
4539,264.5000000000007,300
4540,52.49999999999994,70
4541,44.69999999999995,65
4542,123.10000000000036,160
4543,262.9000000000007,300
4544,27.399999999999977,45
4545,4.600000000000003,20
4546,17.69999999999998,35
4547,134.10000000000042,160
4548,18.899999999999984,40
4549,-3.299999999999999,15
4550,262.6000000000008,300
4551,5.600000000000005,20
4552,97.60000000000024,130
4553,260.9000000000008,300
4554,116.30000000000034,145
4555,256.70000000000084,300
4556,52.09999999999996,70
4557,51.199999999999946,75
4558,52.09999999999996,70
4559,52.499999999999936,65
4560,25.799999999999976,45
4561,175.80000000000064,210
4562,-10.5,5
4563,20.19999999999998,40
4564,-0.8999999999999986,15
4565,-10.5,5
4566,233.50000000000088,300
4567,-12.5,25
4568,247.70000000000059,300
4569,7.000000000000002,20
4570,243.60000000000062,300
4571,69.10000000000005,100
4572,13.799999999999992,40
4573,267.2000000000007,300
4574,6.3000000000000025,20
4575,152.4000000000005,185
4576,87.20000000000014,110
4577,81.70000000000012,110
4578,80.30000000000011,110
4579,98.00000000000023,130
4580,67.40000000000005,95
4581,123.70000000000036,155
4582,3.900000000000004,20
4583,182.00000000000065,230
4584,-9.9,5
4585,15.299999999999988,35
4586,68.10000000000005,100
4587,244.4000000000007,300
4588,1.8000000000000025,15
4589,145.1000000000006,210
4590,146.20000000000047,185
4591,4.200000000000005,20
4592,4.900000000000004,20
4593,260.4000000000009,300
4594,28.099999999999973,45
4595,131.3000000000004,175
4596,24.99999999999997,40
4597,108.50000000000034,145
4598,97.00000000000023,125
4599,4.200000000000005,20
4600,4.600000000000003,20
4601,7.000000000000002,20
4602,212.4000000000007,255
4603,32.599999999999966,50
4604,68.00000000000007,100
4605,55.299999999999976,80
4606,16.69999999999999,35
4607,48.79999999999995,70
4608,2.5000000000000036,15
4609,1.1000000000000032,15
4610,46.99999999999995,65
4611,126.20000000000039,155
4612,67.10000000000005,95
4613,4.600000000000003,20
4614,-0.8999999999999986,15
4615,-4.199999999999999,15
4616,183.90000000000066,225
4617,256.0000000000008,300
4618,7.000000000000002,20
4619,63.30000000000002,95
4620,200.30000000000067,250
4621,140.30000000000047,185
4622,1.9000000000000021,20
4623,123.50000000000037,160
4624,256.80000000000075,300
4625,46.19999999999997,65
4626,133.8000000000004,160
4627,48.59999999999996,75
4628,143.7000000000005,175
4629,25.299999999999976,45
4630,78.1000000000001,110
4631,-1.1999999999999975,15
4632,29.79999999999996,50
4633,47.39999999999995,65
4634,221.70000000000078,265
4635,58.199999999999996,95
4636,104.80000000000025,130
4637,2.5000000000000036,15
4638,1.2000000000000028,20
4639,191.10000000000048,240
4640,250.70000000000076,300
4641,84.10000000000015,110
4642,70.80000000000007,95
4643,22.99999999999997,45
4644,54.19999999999994,70
4645,86.30000000000014,110
4646,15.69999999999999,35
4647,24.299999999999976,40
4648,84.80000000000021,125
4649,6.3000000000000025,20
4650,50.39999999999995,65
4651,156.60000000000056,190
4652,97.70000000000022,125
4653,52.79999999999994,70
4654,7.000000000000002,20
4655,122.10000000000036,155
4656,149.1000000000005,190
4657,-1.299999999999999,15
4658,-1.9999999999999982,10
4659,140.20000000000047,185
4660,53.59999999999995,75
4661,215.80000000000072,265
4662,182.10000000000062,215
4663,-10.5,5
4664,20.899999999999977,40
4665,172.3000000000006,205
4666,6.3000000000000025,20
4667,51.099999999999945,65
4668,257.4000000000008,300
4669,263.10000000000076,300
4670,130.40000000000038,160
4671,63.600000000000016,95
4672,101.40000000000023,130
4673,2.5000000000000036,15
4674,95.50000000000021,125
4675,100.40000000000023,125
4676,4.600000000000003,20
4677,240.30000000000075,300
4678,255.4000000000008,300
4679,0.20000000000000107,20
4680,-0.3999999999999986,20
4681,22.09999999999998,45
4682,23.699999999999974,45
4683,94.90000000000022,125
4684,151.1000000000005,185
4685,172.00000000000063,205
4686,-10.5,5
4687,146.40000000000046,185
4688,125.40000000000038,160
4689,13.599999999999993,30
4690,24.99999999999997,45
4691,6.3000000000000025,20
4692,56.29999999999995,70
4693,258.6000000000006,300
4694,3.2000000000000046,20
4695,42.19999999999995,65
4696,-10.5,5
4697,43.49999999999998,65
4698,175.90000000000066,205
4699,-0.8999999999999986,15
4700,-10.5,5
4701,6.3000000000000025,20
4702,123.70000000000036,155
4703,-4.8999999999999995,15
4704,24.99999999999997,40
4705,27.199999999999967,50
4706,25.99999999999998,45
4707,259.8000000000008,300
4708,266.10000000000065,300
4709,102.10000000000025,130
4710,111.50000000000036,155
4711,247.40000000000074,300
4712,-10.5,5
4713,43.19999999999996,65
4714,120.70000000000033,155
4715,54.29999999999995,75
4716,175.6000000000006,220
4717,25.99999999999998,45
4718,4.300000000000004,20
4719,270.6000000000007,300
4720,264.00000000000074,300
4721,0.3000000000000025,20
4722,205.00000000000065,250
4723,145.00000000000048,185
4724,0.3000000000000025,20
4725,15.699999999999983,40
4726,20.899999999999977,40
4727,-10.9,15
4728,127.10000000000036,160
4729,246.60000000000085,300
4730,-6.9,15
4731,-10.5,5
4732,19.49999999999998,40
4733,24.299999999999976,40
4734,19.09999999999998,35
4735,265.7000000000007,300
4736,140.40000000000046,185
4737,73.90000000000009,100
4738,192.50000000000065,235
4739,116.30000000000032,140
4740,-1.5999999999999996,15
4741,-1.5999999999999996,15
4742,190.10000000000068,235
4743,4.900000000000004,20
4744,213.10000000000056,270
4745,27.49999999999997,50
4746,54.19999999999994,70
4747,69.80000000000007,95
4748,2.5000000000000036,20
4749,52.79999999999995,70
4750,-1.9999999999999982,10
4751,-0.8999999999999986,15
4752,5.600000000000003,20
4753,2.900000000000004,20
4754,120.20000000000033,155
4755,125.20000000000036,160
4756,128.6000000000004,160
4757,266.2000000000008,300
4758,68.70000000000007,95
4759,254.50000000000065,300
4760,181.00000000000065,210
4761,266.30000000000075,300
4762,244.4000000000008,300
4763,2.5000000000000036,15
4764,54.89999999999994,70
4765,2.5000000000000036,15
4766,-11.0,10
4767,52.49999999999995,70
4768,4.300000000000004,20
4769,-0.29999999999999716,15
4770,128.6000000000004,160
4771,57.69999999999997,75
4772,22.59999999999998,45
4773,95.20000000000022,125
4774,30.29999999999997,50
4775,126.80000000000035,160
4776,60.99999999999999,95
4777,126.20000000000039,160
4778,198.20000000000067,250
4779,52.49999999999994,70
4780,235.00000000000068,300
4781,230.20000000000073,285
4782,82.10000000000012,110
4783,101.10000000000024,130
4784,6.3000000000000025,20
4785,29.899999999999963,50
4786,257.1000000000007,300
4787,141.20000000000047,180
4788,100.70000000000023,125
4789,258.90000000000055,300
4790,46.699999999999946,65
4791,257.80000000000075,300
4792,172.1000000000006,205
4793,123.50000000000037,160
4794,23.299999999999976,45
4795,164.70000000000056,205
4796,3.900000000000002,20
4797,258.8000000000008,300
4798,3.900000000000004,20
4799,87.90000000000013,110
4800,123.70000000000036,160
4801,197.70000000000067,235
4802,168.40000000000055,210
4803,144.30000000000044,180
4804,1.1000000000000032,15
4805,7.000000000000002,20
4806,229.60000000000082,265
4807,198.90000000000072,250
4808,4.900000000000004,20
4809,49.79999999999994,70
4810,188.10000000000062,235
4811,122.20000000000036,160
4812,30.499999999999964,50
4813,148.80000000000055,180
4814,264.4000000000008,300
4815,50.39999999999995,65
4816,216.1000000000007,265
4817,174.60000000000056,230
4818,121.70000000000039,155
4819,18.399999999999984,35
4820,129.0000000000004,160
4821,28.099999999999973,45
4822,7.000000000000002,20
4823,5.600000000000003,20
4824,128.6000000000004,160
4825,-2.999999999999999,15
4826,125.80000000000035,160
4827,70.80000000000007,95
4828,24.299999999999976,40
4829,125.20000000000039,160
4830,143.30000000000047,185
4831,237.10000000000082,290
4832,16.69999999999999,35
4833,5.600000000000005,20
4834,179.60000000000068,210
4835,-11.0,10
4836,53.89999999999994,70
4837,259.9000000000008,300
4838,-10.5,5
4839,3.900000000000004,20
4840,48.39999999999995,65
4841,123.50000000000037,160
4842,254.20000000000078,300
4843,3.600000000000003,20
4844,-2.6999999999999984,10
4845,134.9000000000005,175
4846,258.9000000000008,300
4847,23.59999999999998,40
4848,33.29999999999996,50
4849,4.600000000000003,20
4850,27.399999999999977,45
4851,259.80000000000075,300
4852,50.099999999999945,70
4853,201.0000000000006,250
4854,192.90000000000063,235
4855,173.00000000000054,205
4856,204.2000000000007,250
4857,259.60000000000076,300
4858,-10.5,5
4859,260.3000000000007,300
4860,66.70000000000006,95
4861,259.4000000000008,300
4862,101.40000000000026,130
4863,146.3000000000005,180
4864,219.70000000000073,265
4865,100.50000000000023,125
4866,51.29999999999994,75
4867,-0.29999999999999893,15
4868,157.9000000000005,210
4869,228.5000000000008,270
4870,176.90000000000063,215
4871,2.5000000000000036,15
4872,250.7000000000007,300
4873,252.5000000000008,300
4874,167.80000000000052,205
4875,175.50000000000065,205
4876,69.50000000000006,95
4877,54.89999999999994,70
4878,53.49999999999995,70
4879,124.40000000000035,155
4880,68.40000000000006,95
4881,250.40000000000066,300
4882,170.00000000000063,205
4883,4.900000000000004,20
4884,205.30000000000075,250
4885,274.60000000000053,300
4886,262.10000000000076,300
4887,67.70000000000006,95
4888,32.199999999999974,70
4889,119.60000000000036,155
4890,20.899999999999977,45
4891,175.80000000000055,210
4892,207.80000000000072,250
4893,51.799999999999955,70
4894,-10.5,5
4895,83.50000000000011,110
4896,27.79999999999997,50
4897,128.8000000000004,160
4898,57.69999999999997,75
4899,116.20000000000034,155
4900,2.5000000000000036,15
4901,50.099999999999945,65
4902,175.90000000000066,210
4903,1.200000000000001,20
4904,246.60000000000085,300
4905,183.50000000000068,215
4906,243.10000000000082,300
4907,83.40000000000012,110
4908,2.600000000000003,20
4909,124.50000000000037,160
4910,45.99999999999995,65
4911,86.20000000000016,110
4912,45.89999999999997,65
4913,5.600000000000003,20
4914,129.6000000000004,155
4915,173.10000000000062,205
4916,270.9000000000006,300
4917,71.60000000000007,100
4918,-1.1999999999999975,15
4919,245.50000000000085,300
4920,261.70000000000084,300
4921,30.29999999999997,50
4922,133.10000000000042,160
4923,-0.5999999999999979,15
4924,52.099999999999945,70
4925,56.29999999999995,70
4926,7.000000000000002,20
4927,127.60000000000039,160
4928,227.60000000000065,295
4929,162.60000000000053,210
4930,256.5000000000008,300
4931,268.1000000000007,300
4932,17.099999999999987,35
4933,50.799999999999955,70
4934,239.70000000000076,285
4935,256.7000000000008,300
4936,266.10000000000076,300
4937,50.69999999999997,70
4938,261.2000000000008,300
4939,234.20000000000076,295
4940,-8.9,5
4941,6.3000000000000025,20
4942,1.9000000000000021,20
4943,54.40000000000003,85
4944,262.50000000000074,300
4945,-2.299999999999998,15
4946,2.5000000000000036,15
4947,46.89999999999997,65
4948,-10.5,5
4949,269.9000000000007,300
4950,100.00000000000023,125
4951,55.29999999999996,75
4952,98.40000000000022,125
4953,1.8000000000000025,15
4954,122.30000000000038,160
4955,146.6000000000005,180
4956,45.29999999999995,65
4957,276.40000000000055,300
4958,-1.5999999999999996,15
4959,23.59999999999998,40
4960,112.1000000000003,140
4961,74.3000000000001,100
4962,4.600000000000003,20
4963,134.4000000000004,160
4964,70.50000000000009,100
4965,255.20000000000076,300
4966,-7.8999999999999995,5
4967,263.40000000000083,300
4968,-0.7999999999999989,20
4969,251.70000000000067,300
4970,65.80000000000005,100
4971,258.70000000000084,300
4972,103.50000000000024,125
4973,121.30000000000038,155
4974,48.299999999999976,70
4975,148.80000000000052,180
4976,24.399999999999977,45
4977,2.900000000000002,20
4978,275.70000000000056,300
4979,24.699999999999974,45
4980,68.10000000000007,95
4981,240.30000000000078,295
4982,183.00000000000057,215
4983,-11.0,10
4984,124.10000000000036,155
4985,4.600000000000003,20
4986,45.79999999999995,65
4987,175.50000000000063,205
4988,257.3000000000008,300
4989,3.3000000000000043,20
4990,262.6000000000009,300
4991,54.19999999999995,70
4992,29.499999999999964,50
4993,198.7000000000007,235
4994,24.49999999999997,50
4995,154.30000000000055,195
4996,-10.2,5
4997,216.4000000000007,265
4998,15.299999999999988,30
4999,267.6000000000007,300
5000,162.40000000000052,215
