episode,reward,steps
1,-10.5,5
2,-12.0,20
3,-10.5,5
4,-8.600000000000001,30
5,-10.5,5
6,-9.7,10
7,-8.9,20
8,-7.8999999999999995,15
9,-11.7,20
10,-7.1,10
11,-11.0,10
12,-8.3,20
13,-7.199999999999999,20
14,-10.7,10
15,-9.9,5
16,-11.0,10
17,-5.6999999999999975,15
18,-10.5,5
19,-7.5,10
20,-11.7,20
21,-7.8,15
22,-9.9,20
23,-9.6,20
24,-10.4,20
25,-11.0,10
26,-5.799999999999999,20
27,-2.3999999999999986,20
28,-7.199999999999999,5
29,-10.5,5
30,-7.099999999999999,15
31,-11.0,10
32,-6.299999999999999,15
33,-5.9,20
34,-4.799999999999999,20
35,-0.6999999999999975,20
36,-4.599999999999998,20
37,-10.5,20
38,0.6999999999999975,20
39,-1.5999999999999979,20
40,-11.5,15
41,2.100000000000003,20
42,-10.5,20
43,-12.0,20
44,-11.5,15
45,-12.0,20
46,-7.8,15
47,-9.1,10
48,-11.0,10
49,-10.5,5
50,-10.5,5
51,-7.299999999999999,20
52,-11.5,15
53,-10.299999999999999,15
54,-3.9999999999999982,15
55,-10.5,5
56,-10.9,15
57,-10.5,5
58,-10.5,5
59,-10.5,5
60,-11.0,10
61,-9.6,20
62,-8.7,15
63,-9.7,15
64,-2.6999999999999984,20
65,-4.599999999999992,40
66,-11.5,15
67,-11.5,15
68,-9.7,15
69,-11.2,15
70,1.4000000000000057,35
71,-10.5,5
72,-8.1,20
73,-6.399999999999999,15
74,-11.0,10
75,-11.0,10
76,-10.5,5
77,-12.0,20
78,-11.0,10
79,-10.5,5
80,-11.5,15
81,-8.4,20
82,-10.5,5
83,-9.6,5
84,-3.2999999999999963,20
85,-2.4999999999999964,35
86,-12.0,20
87,-6.699999999999999,20
88,-6.199999999999999,20
89,-5.2,20
90,-11.0,10
91,-10.0,15
92,-11.0,10
93,-13.0,30
94,-12.0,20
95,-4.799999999999999,10
96,-8.8,15
97,-10.799999999999999,20
98,-9.6,5
99,-2.799999999999998,20
100,-4.599999999999997,15
101,-9.8,20
102,-12.0,20
103,-11.0,10
104,-1.4999999999999964,35
105,-7.4,15
106,-5.6,15
107,-10.8,35
108,-10.1,10
109,-10.5,5
110,-6.499999999999998,10
111,-3.3999999999999977,15
112,-7.300000000000001,35
113,-11.0,10
114,-4.299999999999999,15
115,-6.5,20
116,-10.5,5
117,-11.0,10
118,-11.0,10
119,-11.0,10
120,-7.5,20
121,-11.5,15
122,-4.499999999999997,15
123,-7.699999999999994,45
124,-11.5,15
125,-10.7,10
126,-10.5,5
127,-8.4,10
128,-5.4999999999999964,20
129,-9.6,5
130,-10.8,20
131,-11.5,15
132,-4.999999999999999,15
133,-10.5,5
134,-4.299999999999997,15
135,1.5000000000000053,35
136,-11.0,10
137,-8.3,35
138,-11.0,10
139,-9.5,10
140,-7.799999999999999,15
141,-10.2,5
142,-7.699999999999998,35
143,-7.699999999999999,10
144,-6.599999999999999,20
145,-6.3999999999999995,10
146,-11.0,10
147,-10.2,20
148,-11.0,10
149,-7.8,15
150,-10.5,5
151,-11.0,10
152,-11.0,10
153,-9.299999999999999,5
154,-3.499999999999999,40
155,-11.5,15
156,-12.0,20
157,-9.4,15
158,-0.29999999999999716,20
159,-10.5,5
160,-10.5,5
161,-10.5,5
162,-10.5,5
163,-10.9,15
164,-9.299999999999999,5
165,-10.5,5
166,-7.199999999999999,5
167,-11.5,15
168,-2.8999999999999932,35
169,-11.0,10
170,0.40000000000000213,15
171,-11.0,10
172,-10.5,5
173,-10.700000000000001,35
174,-10.5,5
175,-11.0,10
176,-0.19999999999999574,20
177,-9.9,5
178,-11.0,10
179,0.40000000000000213,15
180,-7.3,15
181,-3.0999999999999943,35
182,-11.0,10
183,-11.1,20
184,-10.5,20
185,-14.2,45
186,-11.5,15
187,-12.5,25
188,-11.0,10
189,-2.099999999999998,35
190,-11.0,10
191,-11.5,15
192,9.299999999999999,55
193,-9.2,5
194,-10.2,35
195,-9.5,20
196,-1.9999999999999964,40
197,-8.8,10
198,-4.999999999999999,15
199,-11.5,15
200,-11.5,15
201,-8.1,15
202,-11.5,15
203,-9.0,20
204,-11.0,10
205,-10.5,5
206,-10.5,5
207,-10.5,5
208,-3.899999999999996,20
209,-10.5,5
210,-1.5999999999999979,20
211,-6.499999999999999,15
212,-10.6,15
213,-10.5,5
214,-4.399999999999998,20
215,-8.8,15
216,-9.7,15
217,-11.0,10
218,-9.799999999999999,10
219,-3.8999999999999977,20
220,4.200000000000001,20
221,-10.5,5
222,-12.5,25
223,-11.5,15
224,-4.599999999999999,15
225,-10.5,5
226,-3.6999999999999984,15
227,-7.199999999999999,5
228,-9.5,10
229,-2.1999999999999984,15
230,-9.799999999999999,10
231,2.100000000000003,20
232,-1.6999999999999922,35
233,-11.5,15
234,-10.5,5
235,-2.599999999999997,15
236,-4.699999999999994,35
237,-12.5,25
238,-11.5,15
239,-8.5,15
240,-10.5,5
241,-7.8999999999999995,15
242,-5.699999999999995,35
243,-7.8999999999999995,20
244,-10.799999999999999,20
245,-10.4,10
246,-9.9,5
247,-10.5,5
248,-10.5,5
249,-10.5,5
250,-10.0,15
251,-11.5,15
252,-11.7,20
253,-10.5,5
254,-10.5,5
255,-10.9,15
256,-11.5,15
257,-11.0,10
258,-10.7,10
259,-10.5,5
260,-7.1,15
261,-4.099999999999999,15
262,-11.0,10
263,-10.6,15
264,-10.5,5
265,-4.8,15
266,-11.0,10
267,-11.2,15
268,-10.5,5
269,-11.5,15
270,-4.8999999999999995,20
271,-7.6,20
272,-6.6,20
273,-10.5,5
274,-5.499999999999999,10
275,-10.5,5
276,-10.5,5
277,-13.500000000000002,35
278,-7.799999999999999,20
279,-11.7,20
280,-10.5,5
281,-6.199999999999996,35
282,-11.5,15
283,-4.799999999999998,20
284,-4.8999999999999995,20
285,-10.2,20
286,-10.5,5
287,-10.6,15
288,-6.8,20
289,-11.5,15
290,-10.5,5
291,-6.999999999999999,20
292,-11.5,15
293,-9.6,5
294,-7.8,20
295,-10.1,10
296,-11.2,15
297,-10.2,5
298,-9.799999999999999,10
299,-10.5,5
300,-11.0,10
301,-3.9999999999999982,15
302,-10.0,15
303,-9.299999999999999,15
304,-10.9,15
305,-8.7,15
306,-11.5,15
307,-11.5,15
308,-9.3,15
309,0.7000000000000011,35
310,-11.0,10
311,-7.8,15
312,-11.5,15
313,-9.299999999999999,5
314,-10.5,5
315,-10.1,20
316,1.7000000000000064,60
317,-11.5,15
318,-12.0,20
319,-7.199999999999996,40
320,-12.5,25
321,-10.5,5
322,-11.7,20
323,-10.5,5
324,-10.9,15
325,-6.199999999999999,15
326,-6.5,5
327,-2.7999999999999954,20
328,-11.2,15
329,-4.299999999999996,20
330,-12.2,25
331,-5.3999999999999995,10
332,-0.09999999999999787,35
333,-7.799999999999999,15
334,-11.2,15
335,-6.1,15
336,-10.799999999999999,20
337,-6.5,5
338,-11.0,10
339,-3.9999999999999902,35
340,-9.299999999999999,15
341,-10.5,5
342,-11.5,15
343,-9.3,20
344,-9.9,5
345,-8.7,15
346,-2.9999999999999956,35
347,-11.0,10
348,-4.499999999999999,20
349,-11.0,10
350,-6.8,20
351,-4.299999999999999,15
352,-2.599999999999997,30
353,-11.0,35
354,-6.199999999999999,20
355,-3.099999999999998,20
356,-10.5,5
357,-2.6999999999999966,20
358,-12.5,25
359,-7.9,15
360,-9.5,20
361,-10.6,15
362,-6.699999999999999,15
363,-11.0,10
364,-6.499999999999998,10
365,-4.3,20
366,-4.8999999999999995,15
367,-8.6,15
368,-11.0,10
369,-5.499999999999999,10
370,-8.7,20
371,-10.2,20
372,-11.0,10
373,-10.5,5
374,-10.5,5
375,-11.5,15
376,-10.5,5
377,-9.3,20
378,-8.899999999999999,15
379,-0.3000000000000007,15
380,-10.5,5
381,-10.2,5
382,-9.4,20
383,-11.0,10
384,-5.8999999999999995,20
385,-10.1,10
386,-8.6,5
387,-10.5,5
388,-1.3999999999999986,20
389,-10.9,15
390,-11.5,15
391,-9.6,5
392,-11.0,10
393,-10.5,5
394,-6.199999999999999,15
395,3.7000000000000153,60
396,-9.5,20
397,-7.8999999999999995,15
398,-7.199999999999999,5
399,-10.5,5
400,2.100000000000003,20
401,-10.6,25
402,3.200000000000001,40
403,4.500000000000009,40
404,-6.5,5
405,-5.5,20
406,-7.8999999999999995,5
407,-10.5,20
408,-10.9,15
409,-5.899999999999999,20
410,-7.7,20
411,-5.199999999999996,20
412,-10.4,10
413,-6.1,15
414,-11.0,10
415,-1.599999999999989,55
416,-6.999999999999999,15
417,-8.6,15
418,-11.0,10
419,-10.5,5
420,-9.9,5
421,-5.399999999999994,25
422,-6.499999999999999,35
423,-5.899999999999998,35
424,-5.3,20
425,-10.2,20
426,-4.599999999999999,20
427,-10.2,5
428,-10.6,15
429,-11.5,15
430,-9.799999999999999,10
431,-10.6,15
432,-11.5,15
433,17.999999999999986,65
434,-9.9,15
435,-7.699999999999999,20
436,-10.2,5
437,-10.9,15
438,-11.4,20
439,-11.0,10
440,-3.9999999999999982,20
441,-10.5,5
442,-10.2,5
443,-6.499999999999998,15
444,-11.2,15
445,-10.0,15
446,-11.0,10
447,-9.4,15
448,-2.8999999999999977,20
449,-10.2,5
450,-0.1999999999999993,20
451,-10.4,10
452,-10.5,5
453,10.999999999999988,40
454,-2.8999999999999986,15
455,-10.2,20
456,-1.0999999999999979,20
457,-9.2,20
458,-1.5999999999999979,20
459,-10.7,10
460,-10.5,5
461,11.39999999999999,35
462,2.4000000000000092,40
463,-9.799999999999999,10
464,-8.8,10
465,-10.9,15
466,-11.0,10
467,-7.8999999999999995,5
468,-10.5,5
469,-7.0,15
470,8.69999999999999,35
471,-4.7999999999999945,35
472,-10.1,10
473,-9.299999999999999,5
474,-8.9,10
475,-10.6,15
476,-10.6,15
477,-9.0,15
478,-5.6,15
479,-10.5,5
480,-11.0,10
481,1.1000000000000032,35
482,-0.29999999999999716,15
483,0.10000000000001208,75
484,-11.0,10
485,-9.2,15
486,-11.1,20
487,-10.299999999999999,15
488,-8.6,15
489,-11.0,10
490,-11.0,10
491,3.1000000000000103,55
492,-10.1,10
493,-10.5,5
494,-10.0,15
495,-8.6,15
496,-10.5,5
497,-6.6,20
498,-2.3999999999999977,20
499,-11.0,10
500,-12.000000000000002,35
501,-4.099999999999999,20
502,-6.2999999999999945,40
503,-10.6,15
504,-11.4,20
505,-11.4,20
506,-10.5,5
507,-8.9,20
508,-5.2,20
509,-8.6,5
510,-6.499999999999999,20
511,-4.3999999999999995,20
512,-10.5,5
513,-1.0000000000000018,20
514,-11.0,10
515,-6.199999999999999,20
516,-11.4,20
517,-10.6,15
518,-8.1,20
519,-9.6,5
520,-2.4999999999999973,20
521,-12.0,20
522,-11.0,10
523,-10.5,5
524,-11.0,10
525,-5.8999999999999995,15
526,-10.5,5
527,-4.499999999999999,20
528,-11.0,10
529,-10.5,5
530,-11.4,20
531,-5.3,15
532,-4.799999999999999,15
533,-9.6,5
534,-9.9,30
535,-11.0,10
536,-8.3,20
537,-11.0,10
538,-8.6,5
539,-7.1,20
540,-10.4,20
541,-11.5,15
542,-11.0,10
543,-11.0,10
544,-5.499999999999998,15
545,-12.0,20
546,-9.2,20
547,-10.2,20
548,-7.8,20
549,-11.7,20
550,-12.0,20
551,-7.800000000000001,20
552,-9.4,20
553,-9.5,20
554,-10.4,10
555,-5.899999999999997,20
556,-11.0,10
557,-7.699999999999999,20
558,-10.5,5
559,3.5,20
560,-4.799999999999999,20
561,-7.399999999999999,15
562,-5.999999999999997,30
563,-12.0,20
564,-2.9999999999999964,20
565,-11.0,10
566,-12.0,20
567,-11.4,20
568,-11.4,20
569,-8.8,20
570,-11.4,20
571,-9.5,20
572,-3.9999999999999964,20
573,-11.0,10
574,-8.2,20
575,-11.4,20
576,-9.6,20
577,-6.3,20
578,-2.8999999999999986,15
579,-10.2,20
580,-7.6,20
581,0.20000000000000462,35
582,-2.799999999999998,20
583,-5.6,15
584,-11.1,20
585,-12.0,20
586,-3.799999999999998,20
587,-5.2,20
588,-0.4999999999999982,20
589,-1.0999999999999979,20
590,-9.1,15
591,-10.2,5
592,-4.099999999999999,20
593,-10.8,35
594,-4.499999999999996,20
595,7.500000000000005,35
596,-5.2,20
597,-11.0,10
598,-7.199999999999999,20
599,-10.5,5
600,-10.5,5
601,-7.5,20
602,-10.5,20
603,-11.0,10
604,-4.399999999999995,35
605,9.099999999999989,55
606,-3.3999999999999986,20
607,6.1,35
608,-10.6,15
609,-10.5,5
610,-3.599999999999996,20
611,-10.5,5
612,-6.5,5
613,-9.7,15
614,0.40000000000000036,15
615,-3.299999999999999,15
616,-10.7,10
617,-10.9,15
618,-11.0,10
619,-10.1,10
620,-10.5,5
621,-9.7,15
622,-7.0,20
623,-11.0,10
624,-9.2,20
625,-8.2,10
626,-6.199999999999999,20
627,-4.8999999999999995,20
628,-3.6999999999999984,20
629,-5.2,20
630,-6.1,20
631,-9.9,5
632,-5.899999999999995,35
633,-10.0,15
634,-10.5,5
635,2.5000000000000036,20
636,-4.999999999999999,15
637,-4.799999999999998,15
638,-10.5,5
639,-11.2,15
640,-10.0,15
641,-5.3999999999999995,15
642,-8.1,15
643,0.1000000000000032,35
644,-11.2,15
645,-6.8999999999999995,35
646,0.7000000000000028,35
647,-7.6,15
648,-4.599999999999999,15
649,-5.699999999999998,15
650,-4.8999999999999995,20
651,-4.0,55
652,-9.4,15
653,-9.9,20
654,-11.0,10
655,-4.699999999999997,20
656,-10.5,5
657,-5.399999999999993,40
658,-9.9,5
659,-8.6,20
660,-10.5,5
661,-5.8,15
662,2.5000000000000036,20
663,-10.0,15
664,2.0000000000000053,35
665,-11.1,20
666,-4.299999999999999,20
667,0.09999999999999964,20
668,-4.3,20
669,-0.8999999999999986,15
670,-6.3999999999999995,15
671,-11.0,10
672,-10.2,5
673,-4.399999999999992,40
674,0.5000000000000018,20
675,-0.5999999999999872,55
676,-4.8999999999999995,20
677,-9.7,10
678,-6.199999999999999,20
679,-6.199999999999996,35
680,-5.3,20
681,-7.0,20
682,-10.2,5
683,-6.0,20
684,-7.199999999999999,20
685,0.5000000000000036,20
686,-11.7,20
687,-11.0,10
688,-10.5,5
689,-0.8999999999999986,20
690,-8.8,15
691,-7.6,15
692,-8.5,20
693,-11.1,20
694,-10.5,5
695,-11.1,20
696,-2.099999999999998,20
697,-10.5,5
698,-10.5,5
699,-8.2,20
700,2.8000000000000025,20
701,-6.199999999999999,20
702,-9.799999999999999,20
703,-11.0,10
704,-8.3,10
705,-4.299999999999996,20
706,-11.0,10
707,-4.3999999999999995,20
708,-10.4,10
709,-3.999999999999999,20
710,-10.7,10
711,-4.999999999999996,35
712,-10.5,5
713,-9.8,20
714,-1.5999999999999979,35
715,-3.699999999999995,35
716,-7.1,15
717,-6.399999999999995,40
718,-11.0,10
719,-9.3,35
720,0.8000000000000025,15
721,-10.5,5
722,-10.2,5
723,3.5000000000000036,40
724,-10.9,15
725,-10.2,5
726,-8.1,10
727,-10.5,20
728,-9.2,5
729,-9.2,20
730,-12.5,25
731,1.5000000000000124,80
732,0.10000000000000675,30
733,-12.5,25
734,-5.5,20
735,-8.600000000000001,35
736,1.6000000000000032,20
737,0.6000000000000032,20
738,-2.499999999999991,55
739,2.900000000000002,20
740,-11.0,10
741,-6.699999999999997,40
742,-11.0,10
743,8.599999999999993,55
744,-10.5,5
745,4.400000000000006,40
746,-10.5,5
747,-9.299999999999999,5
748,-10.2,5
749,4.700000000000006,35
750,-11.5,15
751,-12.5,25
752,3.6000000000000068,35
753,-10.7,10
754,-6.099999999999999,15
755,-10.5,5
756,-10.5,5
757,-9.799999999999999,10
758,-10.299999999999999,15
759,-11.2,15
760,-5.799999999999999,55
761,-7.199999999999999,15
762,-11.0,10
763,-6.5,5
764,-10.5,5
765,-4.399999999999998,15
766,-3.9999999999999973,15
767,-10.6,15
768,-10.6,15
769,-2.9999999999999973,15
770,2.600000000000003,35
771,-0.29999999999999893,15
772,-6.0,15
773,-10.5,5
774,-7.8999999999999995,15
775,2.100000000000005,35
776,-1.9999999999999982,15
777,-4.3999999999999995,10
778,3.900000000000011,55
779,-2.599999999999998,20
780,-4.099999999999999,15
781,-4.6,20
782,-9.799999999999999,10
783,-11.5,15
784,-4.299999999999997,15
785,1.799999999999999,35
786,-10.5,5
787,-5.999999999999999,15
788,-3.6999999999999984,15
789,-1.6999999999999957,35
790,-10.5,5
791,-6.5,20
792,-10.5,5
793,-14.200000000000001,45
794,3.5000000000000018,35
795,3.5000000000000036,20
796,2.8000000000000025,20
797,-6.5,20
798,-10.5,5
799,-11.0,10
800,-10.5,5
801,-1.9999999999999964,20
802,-10.5,5
803,-6.899999999999999,20
804,-1.7999999999999972,20
805,-8.3,20
806,-8.4,20
807,-7.8999999999999995,20
808,-11.0,10
809,-9.2,20
810,-5.999999999999994,40
811,-6.9,40
812,-10.5,5
813,-10.5,5
814,-10.0,15
815,-0.8999999999999968,20
816,-10.5,5
817,-10.5,5
818,3.8000000000000025,40
819,-5.5,20
820,-1.1999999999999975,20
821,-2.6999999999999957,35
822,-2.3999999999999977,15
823,-7.0,15
824,-10.9,15
825,-8.6,10
826,0.40000000000000213,15
827,2.200000000000001,20
828,-5.599999999999998,40
829,16.599999999999916,95
830,-5.099999999999999,15
831,-2.299999999999998,15
832,-10.5,5
833,-8.9,10
834,-11.0,10
835,-11.0,10
836,-1.0000000000000018,20
837,-11.0,10
838,-10.5,5
839,-9.799999999999999,10
840,-8.2,15
841,-11.4,20
842,-5.299999999999999,20
843,-13.0,30
844,-10.5,5
845,-11.0,10
846,-0.5,20
847,-9.6,5
848,-5.8999999999999995,20
849,-7.3999999999999995,20
850,1.0999999999999996,20
851,-7.199999999999999,20
852,-10.5,5
853,-6.799999999999999,20
854,-8.5,20
855,-10.5,5
856,2.6000000000000103,60
857,-10.5,5
858,-10.7,10
859,-2.1999999999999984,20
860,2.1000000000000014,20
861,-10.5,20
862,-6.199999999999999,20
863,-4.099999999999998,20
864,-6.3999999999999995,20
865,-5.499999999999999,10
866,-10.2,5
867,-12.4,30
868,-4.099999999999995,20
869,-10.7,10
870,-9.9,5
871,-10.9,15
872,-1.3999999999999986,35
873,1.1000000000000014,15
874,-2.9999999999999973,15
875,-1.9999999999999982,10
876,-7.5,35
877,-9.7,15
878,1.8000000000000025,15
879,5.19999999999999,75
880,-11.0,10
881,-4.099999999999999,10
882,-2.599999999999998,20
883,3.0000000000000018,40
884,-4.3999999999999995,35
885,-6.6,20
886,-1.8999999999999844,60
887,-10.2,5
888,-9.1,10
889,-6.199999999999999,20
890,-3.999999999999999,20
891,-1.1999999999999975,20
892,-6.199999999999999,20
893,-9.7,15
894,-10.5,5
895,-0.5,35
896,-0.7999999999999989,35
897,-10.5,5
898,9.699999999999976,155
899,-3.999999999999999,55
900,-9.799999999999999,10
901,-1.599999999999989,55
902,-8.5,15
903,-10.5,5
904,-0.5,20
905,-5.499999999999999,10
906,-7.0,20
907,-9.6,5
908,-1.1999999999999975,20
909,2.100000000000003,20
910,-10.5,5
911,-9.799999999999999,10
912,-6.5,20
913,-4.199999999999998,20
914,-2.2999999999999963,20
915,-4.799999999999999,20
916,-11.0,10
917,-1.4999999999999982,20
918,-11.0,10
919,-9.299999999999999,5
920,-8.9,10
921,-11.0,10
922,-10.5,5
923,9.599999999999993,35
924,-8.5,20
925,-2.1999999999999975,40
926,-10.5,5
927,-6.499999999999999,10
928,-11.0,10
929,-1.9999999999999982,10
930,-10.2,5
931,-9.299999999999999,5
932,-0.899999999999995,95
933,-12.0,20
934,-8.8,10
935,-1.8999999999999986,20
936,0.400000000000011,60
937,-10.5,5
938,-5.8,20
939,10.499999999999973,55
940,-8.7,40
941,-7.799999999999999,10
942,-5.5,20
943,0.8000000000000025,20
944,-0.5999999999999837,135
945,-3.0999999999999943,35
946,-5.0,20
947,-5.5,20
948,-9.799999999999999,10
949,-11.0,10
950,-2.3999999999999977,15
951,-5.0999999999999925,30
952,-9.6,5
953,-4.9,35
954,-8.4,15
955,-10.5,5
956,-10.5,5
957,-3.6999999999999975,15
958,-9.6,5
959,-10.2,5
960,-3.599999999999996,35
961,0.20000000000000284,35
962,-7.3999999999999995,15
963,-8.3,10
964,-3.099999999999998,35
965,-3.999999999999994,35
966,-10.5,5
967,-5.499999999999999,15
968,-5.899999999999999,15
969,-4.099999999999998,15
970,-5.8999999999999995,15
971,6.3000000000000025,20
972,-10.5,5
973,-10.0,15
974,-11.0,10
975,-8.2,10
976,1.1000000000000014,15
977,0.8000000000000025,15
978,-3.6999999999999984,15
979,9.89999999999999,35
980,-0.5,20
981,-10.2,5
982,-4.899999999999994,35
983,-3.0999999999999934,35
984,4.200000000000005,55
985,-6.6,15
986,-10.5,5
987,-6.499999999999998,15
988,-9.7,15
989,-0.8999999999999986,15
990,-1.1999999999999975,20
991,-8.4,35
992,-5.5,20
993,-2.9999999999999964,40
994,4.200000000000005,35
995,-10.5,5
996,1.500000000000007,35
997,-0.3000000000000007,15
998,-10.5,5
999,-8.2,15
1000,9.699999999999983,55
1001,-4.299999999999997,15
1002,-5.799999999999999,10
1003,-11.0,10
1004,-11.0,10
1005,-1.2999999999999972,15
1006,-9.299999999999999,5
1007,-8.2,10
1008,-8.8,10
1009,-5.6,20
1010,-3.599999999999998,20
1011,-6.199999999999999,20
1012,-5.1,20
1013,-11.0,10
1014,-8.5,20
1015,-8.2,10
1016,10.299999999999985,55
1017,-6.6,20
1018,-11.0,10
1019,-7.799999999999999,15
1020,-11.5,15
1021,-2.9999999999999973,15
1022,-7.199999999999999,10
1023,-9.9,5
1024,-7.1,10
1025,-6.5,20
1026,-5.8,20
1027,-5.7,15
1028,9.799999999999935,100
1029,1.1000000000000014,20
1030,-7.199999999999999,20
1031,-0.5999999999999996,15
1032,0.5000000000000036,20
1033,-10.5,5
1034,-3.8999999999999986,20
1035,-10.5,5
1036,-7.399999999999999,15
1037,-9.0,20
1038,-10.5,5
1039,-11.0,10
1040,-3.299999999999997,40
1041,-10.5,5
1042,-9.9,5
1043,-10.5,5
1044,4.000000000000005,55
1045,-5.999999999999998,15
1046,-3.199999999999994,35
1047,-6.599999999999998,15
1048,-6.8,20
1049,-11.0,10
1050,-1.9999999999999982,15
1051,-2.6999999999999975,15
1052,-6.699999999999999,15
1053,5.600000000000016,55
1054,-6.399999999999999,15
1055,12.699999999999969,55
1056,-7.0,15
1057,-6.399999999999999,15
1058,-10.5,5
1059,1.6000000000000085,35
1060,-9.1,10
1061,-0.5999999999999979,15
1062,-8.9,5
1063,-10.1,10
1064,-6.799999999999999,15
1065,-5.6,20
1066,-10.1,10
1067,-13.0,30
1068,-13.0,30
1069,-5.8999999999999995,20
1070,-11.0,10
1071,-1.699999999999985,60
1072,-3.4999999999999982,20
1073,-11.0,10
1074,-11.0,10
1075,-7.6,20
1076,-3.3999999999999986,20
1077,10.199999999999994,35
1078,-9.9,5
1079,-10.5,5
1080,-2.899999999999996,35
1081,-6.9,15
1082,-8.2,20
1083,-8.8,10
1084,-10.1,10
1085,-11.0,10
1086,-8.9,10
1087,-10.7,10
1088,-3.299999999999999,20
1089,-11.0,10
1090,7.999999999999988,40
1091,-4.499999999999999,20
1092,-3.1999999999999984,20
1093,-2.3999999999999986,40
1094,-6.199999999999999,10
1095,-10.4,10
1096,-7.0,15
1097,-10.5,5
1098,-6.199999999999999,20
1099,-2.499999999999999,20
1100,1.400000000000004,20
1101,-6.199999999999999,20
1102,4.699999999999992,75
1103,-10.5,5
1104,-4.599999999999999,15
1105,-2.9999999999999982,15
1106,4.900000000000006,35
1107,5.100000000000007,60
1108,-11.0,10
1109,-10.2,5
1110,-5.5,20
1111,-0.7999999999999989,40
1112,-0.5999999999999979,15
1113,8.6,35
1114,6.699999999999987,35
1115,-0.5999999999999996,15
1116,-11.0,10
1117,-3.299999999999999,20
1118,-8.8,15
1119,-0.5999999999999979,15
1120,-12.5,25
1121,-5.1,15
1122,-11.0,10
1123,-3.299999999999999,20
1124,-10.5,5
1125,-2.1999999999999797,75
1126,-11.0,10
1127,-11.0,10
1128,-11.0,10
1129,8.999999999999984,55
1130,-1.1999999999999993,35
1131,-1.8999999999999968,35
1132,-11.0,10
1133,-11.5,30
1134,9.799999999999956,135
1135,-10.5,5
1136,-8.5,15
1137,-0.4999999999999982,20
1138,1.800000000000015,80
1139,0.20000000000000284,30
1140,-5.8999999999999995,15
1141,-11.0,10
1142,11.099999999999989,35
1143,-0.8999999999999879,60
1144,-6.899999999999999,10
1145,-11.0,10
1146,-7.1,10
1147,-9.9,5
1148,-7.1,20
1149,-3.59999999999998,80
1150,-10.4,10
1151,4.300000000000004,20
1152,8.899999999999972,60
1153,5.499999999999989,40
1154,-6.899999999999999,10
1155,-1.3999999999999986,20
1156,3.5000000000000036,20
1157,-9.6,5
1158,4.70000000000001,60
1159,0.7000000000000028,20
1160,1.7000000000000028,35
1161,-2.6999999999999984,15
1162,-8.799999999999999,10
1163,13.799999999999992,50
1164,1.1000000000000139,75
1165,3.1000000000000068,40
1166,-0.5999999999999979,20
1167,-11.0,10
1168,0.40000000000000213,15
1169,-10.0,15
1170,-10.0,15
1171,5.399999999999999,35
1172,-10.7,10
1173,9.799999999999992,35
1174,0.6000000000000014,35
1175,1.2000000000000028,35
1176,-10.7,10
1177,-10.5,5
1178,11.399999999999954,75
1179,-10.4,10
1180,-11.0,10
1181,-10.299999999999999,15
1182,-6.199999999999999,15
1183,4.39999999999999,135
1184,6.199999999999983,40
1185,-2.3999999999999977,15
1186,-10.0,15
1187,12.399999999999986,100
1188,-10.6,15
1189,-10.5,5
1190,-2.79999999999999,60
1191,-7.9,10
1192,12.399999999999972,55
1193,-6.199999999999999,10
1194,-12.4,30
1195,-10.4,10
1196,7.000000000000002,35
1197,11.599999999999993,35
1198,-11.5,30
1199,-0.9999999999999982,15
1200,-10.5,5
1201,0.30000000000000426,40
1202,-11.0,10
1203,2.3000000000000007,40
1204,-5.800000000000001,35
1205,1.2000000000000028,20
1206,-12.5,25
1207,-10.2,5
1208,-5.5,20
1209,-2.7999999999999954,40
1210,-4.999999999999999,20
1211,0.800000000000006,35
1212,1.8000000000000025,15
1213,-10.5,5
1214,1.1000000000000014,15
1215,-3.799999999999999,20
1216,-5.59999999999999,80
1217,-8.1,20
1218,-4.6,20
1219,-14.5,45
1220,-11.0,10
1221,-13.0,30
1222,6.100000000000003,40
1223,3.9000000000000146,60
1224,-8.9,40
1225,2.900000000000013,80
1226,-9.799999999999999,10
1227,11.199999999999955,60
1228,-3.6999999999999984,15
1229,-10.5,5
1230,15.099999999999978,40
1231,-5.499999999999999,10
1232,-13.200000000000001,35
1233,3.5,40
1234,-7.4,20
1235,-2.3999999999999977,20
1236,-10.7,10
1237,3.5000000000000018,20
1238,-6.199999999999999,20
1239,4.300000000000015,60
1240,-1.8999999999999986,20
1241,-2.2999999999999883,100
1242,-7.1,15
1243,-1.6999999999999975,15
1244,2.100000000000005,35
1245,-1.1999999999999975,20
1246,-5.499999999999999,10
1247,9.299999999999999,100
1248,1.70000000000001,60
1249,-11.0,10
1250,-3.6999999999999984,15
1251,-0.9999999999999982,15
1252,-10.5,5
1253,8.099999999999978,40
1254,-3.099999999999998,15
1255,-11.0,10
1256,-1.9999999999999982,10
1257,2.9999999999999982,35
1258,-4.999999999999997,15
1259,-11.0,10
1260,-10.5,5
1261,4.200000000000003,35
1262,-11.0,10
1263,-10.5,5
1264,-6.5,20
1265,-4.699999999999998,15
1266,-11.0,10
1267,-10.5,5
1268,5.799999999999981,40
1269,-1.3000000000000007,15
1270,-4.699999999999985,80
1271,3.5000000000000036,35
1272,4.999999999999998,75
1273,6.3000000000000025,20
1274,3.9000000000000092,55
1275,-3.0999999999999988,20
1276,7.19999999999999,35
1277,1.1000000000000014,15
1278,2.300000000000008,55
1279,-5.499999999999999,10
1280,-8.7,15
1281,-3.3999999999999986,15
1282,-0.5999999999999979,15
1283,-1.0999999999999979,20
1284,-3.1999999999999984,20
1285,-10.5,5
1286,-4.6999999999999975,15
1287,-4.899999999999998,40
1288,-0.9999999999999982,15
1289,-10.5,5
1290,-6.5,10
1291,-0.8999999999999986,20
1292,-11.0,10
1293,-8.9,5
1294,-10.2,5
1295,-1.2999999999999972,20
1296,-1.5999999999999996,15
1297,-2.8999999999999986,15
1298,2.1000000000000085,55
1299,5.600000000000003,20
1300,-3.099999999999998,20
1301,0.6000000000000032,40
1302,-4.6,20
1303,-3.5999999999999988,20
1304,-5.5,20
1305,1.7000000000000064,40
1306,-5.6,20
1307,-7.0,35
1308,-1.299999999999999,40
1309,4.300000000000004,20
1310,1.3000000000000114,55
1311,-5.3,20
1312,-1.899999999999995,40
1313,28.49999999999995,120
1314,-5.7,20
1315,-2.299999999999998,15
1316,-11.0,10
1317,-6.5,10
1318,2.7000000000000064,40
1319,-10.5,5
1320,-11.0,10
1321,-5.1,20
1322,3.500000000000009,55
1323,9.399999999999915,100
1324,-1.5999999999999819,75
1325,1.1000000000000103,55
1326,-0.6999999999999851,75
1327,-3.299999999999992,60
1328,2.0000000000000018,40
1329,-9.799999999999999,10
1330,3.0000000000000124,60
1331,-3.3999999999999986,20
1332,-6.799999999999999,15
1333,-5.5,20
1334,-3.299999999999999,55
1335,-3.3999999999999986,20
1336,-5.699999999999993,40
1337,4.200000000000003,20
1338,-10.0,35
1339,1.3000000000000131,80
1340,8.1,55
1341,-10.5,5
1342,-5.3999999999999995,15
1343,12.899999999999958,60
1344,-5.5,20
1345,-6.4,15
1346,-10.7,10
1347,14.499999999999952,135
1348,7.0999999999999925,35
1349,0.40000000000000036,15
1350,-9.299999999999999,5
1351,3.600000000000012,80
1352,-6.699999999999997,40
1353,-11.0,10
1354,-7.199999999999999,20
1355,-10.4,10
1356,0.5000000000000053,40
1357,-11.0,10
1358,-0.8999999999999986,35
1359,7.299999999999999,100
1360,6.799999999999992,80
1361,-2.399999999999978,80
1362,-3.1999999999999957,20
1363,-11.0,10
1364,1.4000000000000075,60
1365,-2.7999999999999936,55
1366,3.800000000000015,60
1367,3.6000000000000085,80
1368,-1.3000000000000007,35
1369,-11.0,10
1370,-6.499999999999999,10
1371,3.600000000000003,35
1372,-3.799999999999999,20
1373,-11.0,10
1374,46.49999999999995,160
1375,4.899999999999999,75
1376,-5.5,20
1377,-12.1,30
1378,-11.0,10
1379,7.6999999999999975,60
1380,1.8000000000000025,15
1381,15.899999999999965,55
1382,-6.3,15
1383,-3.1999999999999957,55
1384,-11.2,15
1385,-1.799999999999999,20
1386,-8.8,10
1387,-2.3999999999999932,55
1388,-8.9,10
1389,-4.3999999999999995,15
1390,-6.1,20
1391,-10.0,15
1392,2.700000000000008,55
1393,-10.7,10
1394,-2.3999999999999977,15
1395,1.3000000000000185,80
1396,-10.5,5
1397,4.000000000000011,55
1398,-4.499999999999997,15
1399,-11.0,10
1400,-6.199999999999998,10
1401,-10.1,10
1402,-9.1,35
1403,-10.7,10
1404,-4.299999999999993,40
1405,1.8000000000000025,15
1406,-4.199999999999992,40
1407,10.799999999999967,140
1408,-6.8,20
1409,2.0000000000000053,40
1410,1.8000000000000043,35
1411,3.3000000000000096,55
1412,-5.5,20
1413,-3.999999999999993,40
1414,1.0000000000000018,40
1415,-8.5,20
1416,-7.3,15
1417,-5.9,35
1418,9.60000000000001,95
1419,-8.8,15
1420,-10.0,15
1421,-7.300000000000001,35
1422,-10.299999999999999,15
1423,4.699999999999999,35
1424,1.8000000000000025,20
1425,-8.5,10
1426,-6.499999999999999,15
1427,-10.4,10
1428,8.300000000000002,75
1429,-3.6999999999999975,15
1430,-1.2999999999999918,40
1431,-11.0,10
1432,-10.1,20
1433,-4.6,20
1434,4.200000000000005,20
1435,-6.8,20
1436,-8.2,40
1437,-11.0,10
1438,-10.2,5
1439,-5.399999999999998,20
1440,-9.799999999999999,10
1441,-6.799999999999999,15
1442,2.900000000000002,20
1443,0.10000000000000675,55
1444,-3.499999999999999,20
1445,-11.0,10
1446,-11.0,10
1447,-1.3999999999999808,80
1448,-13.0,30
1449,-10.1,10
1450,24.399999999999935,95
1451,-11.0,10
1452,2.300000000000006,40
1453,-10.299999999999999,15
1454,8.699999999999998,115
1455,-11.0,10
1456,-6.199999999999999,35
1457,-11.0,10
1458,-6.6,20
1459,0.29999999999999893,40
1460,-4.3999999999999995,15
1461,3.600000000000005,55
1462,5.600000000000003,20
1463,-6.0,15
1464,-2.3999999999999986,20
1465,-5.8999999999999995,20
1466,-10.9,15
1467,-10.5,5
1468,8.600000000000007,95
1469,3.4000000000000234,115
1470,-10.5,5
1471,-10.2,5
1472,-11.5,15
1473,-2.3999999999999977,15
1474,-0.9999999999999982,15
1475,-7.9,10
1476,-7.299999999999999,15
1477,-10.5,5
1478,-9.799999999999999,10
1479,8.1,35
1480,-0.1999999999999975,15
1481,5.400000000000006,115
1482,-0.2999999999999865,60
1483,-1.1999999999999975,15
1484,-10.5,5
1485,3.9000000000000163,100
1486,5.300000000000004,55
1487,8.299999999999988,120
1488,-9.5,10
1489,-10.1,10
1490,-11.0,10
1491,-7.199999999999999,35
1492,-4.599999999999998,60
1493,-5.5,20
1494,-3.3999999999999977,20
1495,-10.2,5
1496,1.900000000000004,40
1497,-2.299999999999998,20
1498,-2.3999999999999897,75
1499,1.9000000000000021,40
1500,0.8000000000000114,55
1501,0.4000000000000039,20
1502,-2.1999999999999904,60
1503,-4.699999999999999,20
1504,0.40000000000000213,15
1505,-0.49999999999998224,75
1506,-10.5,5
1507,7.599999999999971,100
1508,-3.199999999999994,40
1509,-6.699999999999996,40
1510,-0.8999999999999968,20
1511,11.500000000000002,160
1512,7.700000000000015,80
1513,-2.5999999999999988,15
1514,-11.0,10
1515,-5.199999999999995,35
1516,-4.6,20
1517,4.5000000000000036,35
1518,2.500000000000016,95
1519,10.69999999999999,115
1520,-1.9999999999999964,20
1521,3.5000000000000107,55
1522,-7.8,15
1523,-10.0,15
1524,-10.2,5
1525,-5.5,20
1526,0.9000000000000288,115
1527,-0.29999999999999893,15
1528,1.1000000000000032,15
1529,-7.3,20
1530,-0.899999999999995,40
1531,-3.5999999999999988,20
1532,0.10000000000002274,100
1533,6.499999999999977,100
1534,-3.799999999999999,20
1535,-0.6999999999999869,100
1536,-8.2,10
1537,-5.5,20
1538,3.900000000000013,60
1539,-6.099999999999995,35
1540,-10.7,10
1541,1.7000000000000064,55
1542,7.600000000000003,55
1543,-11.2,15
1544,4.100000000000001,100
1545,-1.2999999999999883,55
1546,-3.399999999999979,80
1547,-10.2,5
1548,-10.6,15
1549,-5.899999999999996,35
1550,-10.5,5
1551,5.499999999999993,75
1552,3.1000000000000085,55
1553,9.399999999999936,200
1554,3.3000000000000203,115
1555,-6.199999999999996,35
1556,5.500000000000009,55
1557,1.1000000000000103,55
1558,-9.7,15
1559,1.0000000000000107,55
1560,-5.499999999999996,35
1561,-1.7999999999999954,40
1562,-9.1,15
1563,13.199999999999923,155
1564,-1.9999999999999982,15
1565,1.2434497875801753e-14,55
1566,11.69999999999993,195
1567,-9.9,5
1568,-1.8999999999999897,55
1569,5.7000000000000295,155
1570,1.0000000000000302,135
1571,-1.4999999999999858,60
1572,1.0000000000000089,55
1573,-0.6999999999999851,95
1574,-0.29999999999999716,20
1575,-8.6,15
1576,0.1000000000000032,35
1577,-2.8999999999999977,20
1578,2.1000000000000103,55
1579,1.0000000000000284,140
1580,-6.199999999999999,20
1581,1.2000000000000028,20
1582,0.70000000000001,100
1583,-2.299999999999997,20
1584,-5.8,20
1585,-8.3,15
1586,-3.6999999999999975,15
1587,-5.8999999999999995,20
1588,-4.8999999999999995,20
1589,0.4000000000000288,115
1590,3.4000000000000092,80
1591,-7.299999999999999,40
1592,-4.3,20
1593,3.0000000000000213,120
1594,1.2434497875801753e-14,100
1595,-4.099999999999995,60
1596,-6.2999999999999945,40
1597,-5.8999999999999915,75
1598,-3.8999999999999737,135
1599,10.099999999999989,115
1600,-4.6,20
1601,-5.499999999999996,35
1602,2.5000000000000018,35
1603,-7.299999999999999,15
1604,-4.699999999999999,15
1605,-7.6,15
1606,1.7000000000000082,55
1607,-10.9,15
1608,-10.0,15
1609,1.5000000000000089,55
1610,1.2000000000000028,35
1611,-6.199999999999996,35
1612,-10.0,15
1613,-3.1999999999999957,55
1614,-4.399999999999999,15
1615,-4.999999999999984,80
1616,-3.6999999999999975,15
1617,-10.5,5
1618,-6.999999999999995,80
1619,-10.2,5
1620,0.5000000000000036,20
1621,-7.8,20
1622,-1.8999999999999861,60
1623,-7.5,20
1624,-10.2,5
1625,-1.4999999999999822,80
1626,-1.0999999999999979,20
1627,-5.8999999999999995,20
1628,-11.0,10
1629,-6.099999999999989,80
1630,-0.4999999999999982,20
1631,-5.399999999999984,80
1632,-4.299999999999996,60
1633,1.5999999999999996,40
1634,-4.6,20
1635,0.40000000000000213,35
1636,-10.5,5
1637,-4.599999999999982,80
1638,3.4000000000000092,135
1639,-10.7,10
1640,2.4000000000000234,115
1641,13.499999999999934,235
1642,0.8000000000000274,135
1643,-3.3999999999999932,60
1644,-6.0,15
1645,4.30000000000001,80
1646,5.100000000000007,55
1647,-0.8999999999999648,115
1648,-4.599999999999995,35
1649,-9.799999999999999,10
1650,-4.799999999999999,15
1651,9.200000000000022,160
1652,-5.5999999999999925,40
1653,0.10000000000000142,20
1654,-6.199999999999999,20
1655,-2.199999999999987,60
1656,4.100000000000012,55
1657,-0.6999999999999869,55
1658,-1.5999999999999979,15
1659,5.599999999999982,75
1660,-4.399999999999981,80
1661,5.700000000000001,60
1662,-6.799999999999997,40
1663,-4.6,20
1664,6.899999999999986,120
1665,-10.5,5
1666,-2.299999999999998,20
1667,-4.8999999999999995,20
1668,-5.199999999999998,15
1669,-0.8999999999999986,15
1670,11.49999999999998,195
1671,-0.20000000000000107,20
1672,-6.099999999999988,80
1673,-3.9999999999999822,100
1674,-11.0,10
1675,-6.199999999999999,20
1676,-11.0,10
1677,15.199999999999777,295
1678,-3.099999999999973,135
1679,12.59999999999994,235
1680,-1.8999999999999968,20
1681,5.999999999999988,200
1682,1.5000000000000533,200
1683,-2.5999999999999694,140
1684,16.89999999999985,300
1685,9.600000000000028,160
1686,-7.5,15
1687,-2.899999999999981,75
1688,-10.5,5
1689,-3.3999999999999977,15
1690,5.99999999999997,135
1691,2.3000000000000274,115
1692,-7.6,15
1693,-5.499999999999995,35
1694,2.70000000000001,55
1695,-7.3,35
1696,-11.0,10
1697,-5.799999999999991,75
1698,0.20000000000000462,40
1699,-4.799999999999999,55
1700,-2.299999999999997,35
1701,38.99999999999976,300
1702,-1.0999999999999677,120
1703,16.199999999999882,155
1704,-11.0,10
1705,10.800000000000013,175
1706,2.900000000000043,200
1707,27.099999999999923,300
1708,-4.6999999999999815,80
1709,-6.199999999999999,20
1710,-0.09999999999999787,20
1711,-3.199999999999994,40
1712,2.8000000000000167,80
1713,-10.5,5
1714,-0.9999999999999787,100
1715,37.299999999999834,300
1716,2.700000000000017,80
1717,-9.4,15
1718,-9.7,15
1719,21.09999999999983,255
1720,9.69999999999988,295
1721,-3.3999999999999826,75
1722,2.4000000000000217,175
1723,41.09999999999972,300
1724,-4.799999999999999,55
1725,-10.5,5
1726,25.79999999999991,300
1727,36.49999999999976,300
1728,14.199999999999898,260
1729,3.2000000000000295,220
1730,12.899999999999922,240
1731,11.699999999999891,240
1732,-0.1999999999999975,20
1733,5.100000000000007,195
1734,36.89999999999974,300
1735,16.999999999999915,180
1736,-5.699999999999987,80
1737,-1.799999999999999,35
1738,-6.499999999999994,75
1739,-0.8999999999999986,15
1740,-2.099999999999998,20
1741,4.900000000000011,55
1742,-2.1999999999999975,35
1743,-3.6999999999999984,15
1744,3.0000000000000124,115
1745,-9.799999999999999,10
1746,-4.399999999999999,15
1747,-7.399999999999999,15
1748,-2.6999999999999975,15
1749,-3.299999999999999,15
1750,-10.5,5
1751,-10.2,5
1752,-5.8999999999999995,20
1753,-6.5,20
1754,-11.0,10
1755,-7.299999999999995,80
1756,-11.0,10
1757,4.8000000000000025,40
1758,14.699999999999905,100
1759,8.800000000000024,160
1760,37.69999999999979,300
1761,4.999999999999988,200
1762,4.799999999999992,80
1763,-0.5999999999999961,20
1764,5.999999999999995,195
1765,-0.399999999999995,35
1766,33.19999999999984,300
1767,19.099999999999923,155
1768,20.199999999999868,255
1769,9.100000000000007,175
1770,-4.399999999999999,15
1771,11.699999999999994,175
1772,37.49999999999982,300
1773,-9.4,15
1774,-11.0,10
1775,-0.6999999999999904,55
1776,31.59999999999984,300
1777,14.899999999999968,180
1778,7.400000000000018,180
1779,28.899999999999874,300
1780,2.100000000000014,75
1781,20.299999999999883,195
1782,37.29999999999984,300
1783,47.79999999999981,300
1784,0.6000000000000192,80
1785,-2.699999999999994,40
1786,-7.3,15
1787,-7.6,40
1788,-5.699999999999994,40
1789,0.8000000000000025,20
1790,4.100000000000007,40
1791,16.199999999999854,300
1792,-9.6,15
1793,-5.8999999999999915,75
1794,14.799999999999935,155
1795,8.79999999999995,135
1796,46.1999999999998,300
1797,-7.6,10
1798,20.799999999999763,295
1799,34.09999999999982,300
1800,20.599999999999888,260
1801,-10.7,10
1802,15.999999999999934,160
1803,3.900000000000011,75
1804,-10.5,5
1805,27.199999999999868,155
1806,-8.1,15
1807,37.39999999999983,300
1808,2.1000000000000103,55
1809,-1.3000000000000007,15
1810,28.399999999999935,300
1811,12.799999999999967,160
1812,-0.5999999999999659,135
1813,45.99999999999986,300
1814,7.19999999999999,115
1815,11.199999999999969,115
1816,14.899999999999872,275
1817,-9.5,10
1818,15.49999999999991,115
1819,7.600000000000003,55
1820,4.900000000000002,35
1821,-10.5,5
1822,8.099999999999946,140
1823,-1.799999999999999,20
1824,-2.499999999999975,100
1825,5.2999999999999865,120
1826,1.7000000000000117,60
1827,4.500000000000018,100
1828,11.799999999999946,200
1829,-1.3999999999999968,40
1830,-2.4999999999999787,80
1831,3.1999999999999993,35
1832,9.499999999999973,195
1833,-10.2,5
1834,0.1000000000000032,35
1835,-2.299999999999992,55
1836,37.09999999999986,300
1837,-5.5,20
1838,-8.7,15
1839,6.399999999999958,80
1840,40.099999999999824,220
1841,18.199999999999825,200
1842,3.7000000000000153,180
1843,4.499999999999986,140
1844,46.69999999999975,300
1845,-4.999999999999997,60
1846,-6.799999999999999,10
1847,20.299999999999898,200
1848,55.29999999999987,300
1849,26.199999999999882,215
1850,-7.1,35
1851,29.499999999999865,240
1852,32.39999999999985,300
1853,50.59999999999982,300
1854,-1.3999999999999826,75
1855,35.29999999999992,210
1856,23.099999999999923,155
1857,0.70000000000001,60
1858,1.4000000000000306,115
1859,-11.0,10
1860,33.39999999999988,195
1861,-11.0,10
1862,-0.9999999999999982,15
1863,-11.0,10
1864,-7.3,15
1865,-0.49999999999998757,55
1866,-1.9999999999999982,15
1867,-10.1,10
1868,-0.4999999999999858,60
1869,-2.8999999999999897,60
1870,16.9999999999999,240
1871,-10.1,10
1872,0.400000000000011,55
1873,31.99999999999988,300
1874,-4.3999999999999995,20
1875,-4.7999999999999945,40
1876,45.49999999999986,300
1877,30.099999999999838,300
1878,-11.0,10
1879,7.199999999999973,200
1880,1.1000000000000032,35
1881,-10.5,5
1882,-10.4,10
1883,-0.19999999999998863,55
1884,7.89999999999999,215
1885,61.19999999999981,300
1886,13.999999999999956,95
1887,22.299999999999905,240
1888,-1.4999999999999858,60
1889,66.3999999999998,300
1890,-10.7,10
1891,4.800000000000001,35
1892,15.699999999999973,170
1893,0.7000000000000117,60
1894,30.299999999999777,300
1895,17.899999999999913,160
1896,2.3000000000000203,140
1897,-7.8,15
1898,-11.0,10
1899,34.99999999999986,255
1900,11.899999999999915,300
1901,63.099999999999845,300
1902,44.09999999999979,300
1903,34.599999999999845,275
1904,10.899999999999965,100
1905,6.9,35
1906,-7.6,40
1907,-5.799999999999993,100
1908,49.6999999999998,300
1909,39.699999999999875,300
1910,5.400000000000011,55
1911,7.799999999999967,75
1912,10.499999999999966,55
1913,19.499999999999794,275
1914,0.7000000000000117,55
1915,2.10000000000003,135
1916,1.2000000000000224,135
1917,-10.5,5
1918,25.599999999999902,300
1919,-4.999999999999999,15
1920,-10.5,5
1921,1.0000000000000284,140
1922,52.09999999999981,300
1923,-7.8,20
1924,-5.299999999999997,60
1925,-2.2999999999999794,80
1926,-3.7999999999999723,100
1927,36.499999999999844,300
1928,59.89999999999986,300
1929,-8.4,15
1930,21.699999999999946,135
1931,18.39999999999987,240
1932,-7.4,15
1933,4.499999999999993,75
1934,-10.4,10
1935,-11.0,10
1936,-4.699999999999999,15
1937,0.5000000000000142,80
1938,25.39999999999985,220
1939,-10.5,5
1940,47.59999999999981,280
1941,2.6000000000000014,35
1942,0.2000000000000135,55
1943,-2.3999999999999977,15
1944,10.499999999999995,115
1945,-11.0,10
1946,0.09999999999999964,35
1947,15.499999999999984,95
1948,-7.699999999999999,15
1949,4.400000000000004,75
1950,4.500000000000007,55
1951,-10.2,5
1952,65.89999999999986,300
1953,26.299999999999848,215
1954,-11.0,10
1955,5.599999999999957,140
1956,20.399999999999892,200
1957,0.40000000000000746,40
1958,30.59999999999983,200
1959,17.69999999999991,160
1960,1.599999999999996,35
1961,50.89999999999981,300
1962,16.199999999999903,195
1963,-10.4,10
1964,0.10000000000000142,15
1965,-4.3999999999999995,10
1966,8.599999999999996,35
1967,58.59999999999983,300
1968,48.19999999999984,300
1969,-11.0,10
1970,13.099999999999982,120
1971,-5.599999999999993,40
1972,-11.0,10
1973,9.599999999999968,75
1974,-3.9999999999999982,15
1975,-0.7999999999999883,70
1976,32.099999999999945,190
1977,42.59999999999989,275
1978,-0.09999999999999964,35
1979,1.70000000000001,60
1980,6.10000000000001,100
1981,-8.5,20
1982,3.2000000000000135,60
1983,7.105427357601002e-15,55
1984,72.99999999999982,300
1985,21.499999999999943,155
1986,-8.6,10
1987,-9.9,5
1988,5.0000000000000036,55
1989,-0.6999999999999797,80
1990,-8.3,20
1991,17.599999999999916,115
1992,20.49999999999993,160
1993,23.799999999999926,180
1994,8.299999999999999,100
1995,68.19999999999987,300
1996,45.79999999999989,300
1997,10.09999999999995,75
1998,-3.999999999999993,40
1999,27.699999999999925,195
2000,32.19999999999995,175
2001,-10.4,10
2002,-11.0,10
2003,51.4999999999999,235
2004,41.99999999999993,195
2005,-10.5,5
2006,11.899999999999997,100
2007,2.500000000000016,75
2008,23.29999999999994,215
2009,-9.5,10
2010,65.69999999999987,300
2011,28.29999999999993,300
2012,33.69999999999982,280
2013,-6.299999999999996,40
2014,-11.0,10
2015,9.999999999999988,160
2016,11.899999999999897,200
2017,35.09999999999984,260
2018,21.199999999999868,235
2019,14.399999999999922,215
2020,46.199999999999825,300
2021,15.799999999999882,135
2022,17.899999999999856,200
2023,8.099999999999975,120
2024,39.99999999999983,300
2025,24.299999999999905,160
2026,14.999999999999892,200
2027,28.499999999999787,260
2028,48.59999999999979,300
2029,-11.0,10
2030,26.199999999999925,275
2031,39.49999999999985,300
2032,48.09999999999981,300
2033,-2.6999999999999984,15
2034,1.100000000000012,75
2035,13.399999999999986,115
2036,50.59999999999988,300
2037,1.9000000000000128,60
2038,-0.6999999999999655,140
2039,11.299999999999985,120
2040,51.89999999999992,300
2041,2.8000000000000167,120
2042,59.199999999999875,300
2043,16.099999999999937,140
2044,14.399999999999958,180
2045,-7.8,20
2046,27.199999999999804,260
2047,57.7999999999999,300
2048,-11.0,10
2049,10.099999999999996,115
2050,13.59999999999996,195
2051,2.0000000000000266,135
2052,-2.6999999999999975,15
2053,-6.0,15
2054,21.999999999999922,95
2055,-4.5,55
2056,3.600000000000005,55
2057,43.499999999999865,295
2058,-0.8999999999999986,15
2059,57.999999999999865,300
2060,44.39999999999987,295
2061,54.499999999999865,300
2062,28.699999999999925,155
2063,2.7000000000000117,55
2064,87.70000000000027,300
2065,-3.099999999999988,75
2066,56.49999999999985,300
2067,-10.7,10
2068,6.1999999999999265,140
2069,49.09999999999985,300
2070,3.5000000000000195,120
2071,-0.39999999999999325,40
2072,-6.300000000000001,15
2073,30.199999999999875,300
2074,55.99999999999981,300
2075,-10.1,10
2076,29.099999999999916,200
2077,13.299999999999942,140
2078,50.79999999999985,295
2079,75.10000000000018,300
2080,-1.7999999999999936,40
2081,63.299999999999855,300
2082,53.99999999999983,300
2083,12.799999999999995,110
2084,30.799999999999883,215
2085,25.999999999999858,270
2086,13.899999999999961,70
2087,-10.5,5
2088,55.3999999999999,215
2089,-9.9,5
2090,11.29999999999997,55
2091,12.100000000000007,95
2092,31.79999999999989,160
2093,3.400000000000004,55
2094,17.999999999999964,135
2095,65.39999999999984,300
2096,-10.7,10
2097,15.099999999999964,135
2098,63.79999999999987,300
2099,-10.2,5
2100,20.299999999999883,195
2101,48.499999999999844,300
2102,21.399999999999963,135
2103,-10.2,5
2104,10.699999999999969,80
2105,101.20000000000064,300
2106,28.699999999999918,135
2107,-3.199999999999994,40
2108,63.99999999999998,210
2109,-6.299999999999999,15
2110,53.699999999999974,190
2111,-10.5,5
2112,4.400000000000004,55
2113,-2.799999999999991,50
2114,-4.799999999999993,40
2115,-10.2,5
2116,-10.1,10
2117,18.199999999999946,130
2118,-8.1,20
2119,-6.1,20
2120,4.200000000000012,100
2121,78.70000000000022,300
2122,14.599999999999943,140
2123,95.3000000000004,300
2124,4.200000000000005,70
2125,9.199999999999969,120
2126,-3.1999999999999975,35
2127,8.299999999999999,55
2128,-8.1,20
2129,-5.6000000000000005,20
2130,0.8000000000000078,50
2131,102.50000000000063,300
2132,73.09999999999992,300
2133,71.3999999999999,300
2134,41.09999999999994,175
2135,5.099999999999998,35
2136,3.6999999999999993,35
2137,30.799999999999926,220
2138,14.799999999999981,75
2139,-5.199999999999999,15
2140,11.599999999999957,75
2141,6.300000000000006,35
2142,-4.299999999999999,15
2143,27.199999999999925,155
2144,76.9999999999999,300
2145,7.10000000000001,75
2146,-7.8,20
2147,-10.4,10
2148,-10.5,5
2149,32.59999999999993,140
2150,27.999999999999936,130
2151,81.4000000000001,300
2152,19.799999999999912,140
2153,19.099999999999888,135
2154,85.50000000000027,300
2155,45.1999999999999,260
2156,8.499999999999984,50
2157,-3.9999999999999964,60
2158,8.500000000000005,70
2159,-1.8999999999999986,40
2160,13.499999999999984,70
2161,17.499999999999943,130
2162,-10.4,10
2163,48.999999999999865,300
2164,25.299999999999926,120
2165,78.20000000000013,300
2166,79.0000000000003,300
2167,36.39999999999989,200
2168,71.4999999999999,300
2169,71.8999999999999,300
2170,93.00000000000021,300
2171,7.200000000000005,75
2172,21.599999999999973,115
2173,7.999999999999966,120
2174,-10.5,5
2175,-4.999999999999999,15
2176,59.89999999999986,300
2177,31.59999999999993,280
2178,71.69999999999995,300
2179,63.499999999999886,300
2180,23.19999999999996,120
2181,-11.0,10
2182,-11.0,10
2183,77.00000000000024,300
2184,83.60000000000015,300
2185,8.799999999999999,50
2186,-9.2,10
2187,14.999999999999952,135
2188,25.19999999999998,110
2189,50.4999999999999,210
2190,50.09999999999986,235
2191,2.800000000000008,55
2192,61.99999999999997,300
2193,8.699999999999962,135
2194,75.49999999999993,300
2195,-6.1,15
2196,10.599999999999975,55
2197,25.699999999999946,155
2198,-6.4,15
2199,4.500000000000009,55
2200,16.099999999999916,135
2201,50.09999999999988,215
2202,52.3999999999999,300
2203,73.70000000000017,300
2204,-1.3999999999999773,95
2205,3.0000000000000107,75
2206,9.099999999999989,120
2207,48.09999999999989,300
2208,1.0000000000000213,80
2209,5.900000000000004,180
2210,-10.7,10
2211,21.199999999999925,180
2212,19.999999999999957,130
2213,-0.4999999999999858,60
2214,17.9999999999999,240
2215,-10.4,10
2216,6.599999999999996,120
2217,22.199999999999868,220
2218,-10.5,5
2219,12.399999999999979,100
2220,60.09999999999985,300
2221,31.59999999999976,280
2222,23.599999999999895,260
2223,-7.699999999999999,15
2224,-7.3,15
2225,-9.1,20
2226,53.69999999999982,300
2227,-8.9,10
2228,18.199999999999868,200
2229,48.199999999999825,300
2230,14.199999999999948,145
2231,54.79999999999986,300
2232,62.599999999999845,300
2233,-0.3999999999999808,75
2234,18.699999999999925,155
2235,41.69999999999983,300
2236,44.09999999999991,295
2237,-10.7,10
2238,31.999999999999915,155
2239,0.8000000000000149,135
2240,22.899999999999913,155
2241,-2.2999999999999794,75
2242,-4.399999999999992,50
2243,2.1000000000000227,115
2244,8.100000000000035,155
2245,-4.199999999999999,55
2246,19.19999999999998,115
2247,4.200000000000001,35
2248,-10.5,5
2249,4.500000000000016,115
2250,11.89999999999993,215
2251,-5.59999999999999,75
2252,12.599999999999982,115
2253,33.99999999999982,300
2254,45.39999999999987,300
2255,13.099999999999875,195
2256,51.099999999999845,300
2257,34.89999999999985,300
2258,35.39999999999986,300
2259,29.299999999999933,300
2260,-10.2,5
2261,11.999999999999938,220
2262,13.699999999999926,220
2263,1.6000000000000174,100
2264,-5.399999999999984,80
2265,20.699999999999847,180
2266,-2.5999999999999988,20
2267,37.69999999999984,300
2268,43.699999999999775,300
2269,-10.5,5
2270,44.99999999999983,300
2271,32.899999999999885,300
2272,41.19999999999979,300
2273,36.99999999999985,300
2274,6.899999999999965,135
2275,45.299999999999784,300
2276,19.399999999999885,135
2277,7.300000000000027,155
2278,4.200000000000003,20
2279,32.79999999999988,300
2280,46.099999999999774,300
2281,38.29999999999982,300
2282,-7.5,35
2283,42.29999999999981,300
2284,-5.599999999999996,35
2285,43.099999999999795,300
2286,37.49999999999986,300
2287,44.69999999999985,300
2288,44.39999999999986,300
2289,10.199999999999976,275
2290,13.799999999999946,200
2291,22.799999999999912,240
2292,-10.2,5
2293,0.10000000000001386,100
2294,34.899999999999864,300
2295,-0.9999999999999982,15
2296,25.899999999999828,260
2297,-1.6999999999999993,15
2298,46.89999999999981,300
2299,24.29999999999989,215
2300,-2.299999999999999,15
2301,45.59999999999988,300
2302,-10.7,10
2303,32.79999999999989,275
2304,-0.7999999999999883,55
2305,10.599999999999971,195
2306,-10.2,5
2307,21.099999999999774,280
2308,-3.3999999999999932,40
2309,52.79999999999981,300
2310,32.09999999999984,300
2311,-2.1999999999999975,40
2312,20.199999999999854,215
2313,5.500000000000009,55
2314,38.1999999999999,240
2315,57.39999999999986,300
2316,6.19999999999999,35
2317,-4.09999999999998,80
2318,40.399999999999864,280
2319,-3.9999999999999982,15
2320,12.599999999999953,140
2321,-0.5999999999999979,15
2322,-0.9999999999999982,15
2323,13.799999999999942,115
2324,3.500000000000016,75
2325,58.299999999999784,300
2326,27.599999999999888,195
2327,20.899999999999928,100
2328,11.299999999999995,100
2329,-1.9999999999999982,15
2330,53.59999999999998,215
2331,56.1,275
2332,61.699999999999775,300
2333,64.99999999999989,300
2334,14.899999999999979,120
2335,4.400000000000006,100
2336,45.09999999999991,215
2337,26.59999999999988,220
2338,61.99999999999987,300
2339,-1.9999999999999982,15
2340,73.60000000000007,300
2341,27.399999999999928,120
2342,24.299999999999912,160
2343,-10.5,5
2344,-2.099999999999998,20
2345,-9.2,10
2346,5.9,50
2347,16.799999999999947,135
2348,82.50000000000024,300
2349,95.3000000000006,300
2350,82.30000000000004,300
2351,69.80000000000008,240
2352,-3.6999999999999993,15
2353,51.39999999999998,175
2354,16.79999999999997,75
2355,64.1000000000001,275
2356,55.100000000000115,195
2357,54.69999999999994,155
2358,-11.0,10
2359,-6.699999999999999,15
2360,114.0000000000004,300
2361,31.299999999999933,130
2362,19.49999999999997,115
2363,43.0999999999999,170
2364,-9.799999999999999,10
2365,19.59999999999995,95
2366,22.999999999999957,75
2367,40.09999999999996,115
2368,-6.3,15
2369,36.09999999999994,130
2370,76.00000000000033,240
2371,65.30000000000011,260
2372,13.799999999999978,80
2373,89.20000000000037,300
2374,3.2000000000000117,60
2375,1.9000000000000004,40
2376,79.90000000000018,300
2377,12.599999999999971,75
2378,99.50000000000065,300
2379,9.899999999999975,75
2380,28.79999999999992,135
2381,72.99999999999997,300
2382,30.799999999999983,100
2383,8.399999999999986,60
2384,-11.0,10
2385,31.199999999999918,180
2386,25.899999999999956,100
2387,7.100000000000017,100
2388,-3.499999999999991,40
2389,28.599999999999937,160
2390,27.999999999999957,100
2391,-6.9,20
2392,-6.199999999999999,20
2393,-4.199999999999999,20
2394,31.29999999999989,140
2395,35.099999999999994,130
2396,113.5000000000007,300
2397,83.30000000000058,280
2398,-10.5,5
2399,4.000000000000007,55
2400,118.40000000000062,300
2401,-4.699999999999999,15
2402,-10.2,5
2403,34.29999999999996,115
2404,40.19999999999988,195
2405,80.3000000000002,270
2406,11.49999999999998,55
2407,-10.5,5
2408,11.799999999999978,55
2409,1.800000000000006,55
2410,12.299999999999999,95
2411,5.899999999999995,55
2412,20.299999999999997,110
2413,93.80000000000028,300
2414,16.099999999999973,115
2415,63.00000000000016,215
2416,38.99999999999989,155
2417,70.69999999999989,300
2418,70.80000000000005,300
2419,53.099999999999916,220
2420,66.00000000000013,275
2421,51.09999999999991,240
2422,16.899999999999928,140
2423,35.29999999999994,200
2424,39.19999999999988,200
2425,7.299999999999985,60
2426,63.90000000000034,280
2427,-0.5999999999999979,35
2428,89.10000000000053,275
2429,99.20000000000049,300
2430,108.60000000000055,300
2431,10.899999999999997,70
2432,5.6999999999999975,35
2433,-5.6,15
2434,99.90000000000059,300
2435,42.0999999999999,135
2436,68.50000000000013,270
2437,16.399999999999977,75
2438,25.899999999999963,95
2439,39.69999999999997,115
2440,93.80000000000045,300
2441,-9.9,5
2442,67.70000000000034,300
2443,59.20000000000005,190
2444,-4.8999999999999995,20
2445,48.59999999999997,160
2446,39.39999999999998,160
2447,59.19999999999998,240
2448,22.19999999999991,100
2449,6.899999999999986,80
2450,9.399999999999993,100
2451,47.99999999999992,160
2452,119.20000000000053,300
2453,111.70000000000044,300
2454,5.800000000000008,55
2455,61.000000000000036,195
2456,37.19999999999995,130
2457,-10.5,5
2458,100.10000000000052,270
2459,102.20000000000039,300
2460,68.20000000000022,215
2461,6.500000000000005,55
2462,-0.29999999999999893,15
2463,88.80000000000025,300
2464,18.299999999999976,70
2465,103.00000000000051,300
2466,116.20000000000066,300
2467,124.9000000000007,300
2468,14.699999999999962,60
2469,48.79999999999994,155
2470,68.80000000000013,195
2471,117.90000000000062,300
2472,-6.1,15
2473,51.29999999999997,155
2474,134.40000000000072,295
2475,-7.0,40
2476,-0.20000000000000462,40
2477,9.300000000000006,70
2478,-9.799999999999999,10
2479,19.599999999999945,140
2480,-0.49999999999999645,20
2481,43.39999999999996,170
2482,-10.1,20
2483,-10.2,5
2484,-5.499999999999993,40
2485,-3.6999999999999975,20
2486,32.6,100
2487,-5.8999999999999995,20
2488,-6.299999999999999,20
2489,4.100000000000005,40
2490,36.19999999999998,100
2491,18.099999999999966,80
2492,120.60000000000063,300
2493,34.99999999999994,140
2494,9.200000000000005,70
2495,56.09999999999997,175
2496,22.79999999999997,75
2497,-10.5,5
2498,100.30000000000048,270
2499,14.599999999999982,50
2500,113.20000000000047,300
2501,2.6000000000000085,50
2502,39.99999999999998,130
2503,10.69999999999999,50
2504,23.099999999999966,75
2505,10.799999999999978,55
2506,21.499999999999964,70
2507,106.50000000000043,300
2508,100.6000000000006,295
2509,16.399999999999956,95
2510,48.89999999999989,195
2511,29.69999999999994,130
2512,0.7000000000000011,50
2513,95.60000000000035,300
2514,76.79999999999995,300
2515,-6.799999999999999,15
2516,-10.2,5
2517,91.90000000000036,300
2518,6.599999999999989,60
2519,44.399999999999935,180
2520,-10.2,5
2521,21.999999999999936,120
2522,-3.3999999999999977,20
2523,52.99999999999988,260
2524,-7.000000000000001,40
2525,45.3999999999999,220
2526,54.79999999999992,240
2527,7.000000000000009,75
2528,40.99999999999989,160
2529,43.99999999999997,160
2530,31.49999999999998,110
2531,91.50000000000028,300
2532,89.5000000000005,275
2533,-8.0,15
2534,24.099999999999966,115
2535,5.799999999999992,40
2536,-10.5,5
2537,0.40000000000000213,15
2538,5.200000000000005,35
2539,17.59999999999995,95
2540,64.20000000000006,190
2541,1.700000000000001,35
2542,44.89999999999997,110
2543,77.70000000000033,270
2544,68.6000000000002,275
2545,98.50000000000034,255
2546,94.30000000000032,300
2547,12.899999999999979,75
2548,24.99999999999998,115
2549,112.20000000000063,300
2550,89.30000000000025,300
2551,28.499999999999943,120
2552,20.99999999999995,100
2553,103.90000000000035,300
2554,5.200000000000012,60
2555,-0.5999999999999961,20
2556,-3.499999999999999,20
2557,20.89999999999997,100
2558,61.00000000000008,270
2559,9.599999999999964,80
2560,35.19999999999994,130
2561,-10.2,5
2562,21.29999999999992,130
2563,5.100000000000001,35
2564,46.49999999999992,155
2565,51.89999999999993,155
2566,110.10000000000039,300
2567,3.000000000000009,60
2568,1.1000000000000032,15
2569,-2.299999999999997,20
2570,-10.5,5
2571,-2.1999999999999975,40
2572,72.10000000000018,215
2573,116.60000000000066,300
2574,104.90000000000035,300
2575,123.50000000000055,300
2576,122.7000000000005,300
2577,0.7000000000000028,20
2578,-3.6999999999999993,15
2579,-10.5,5
2580,32.099999999999945,115
2581,-10.5,5
2582,-9.9,5
2583,-10.2,5
2584,22.899999999999984,65
2585,125.80000000000058,295
2586,28.499999999999986,95
2587,99.30000000000048,235
2588,-10.5,5
2589,112.20000000000043,300
2590,-10.4,10
2591,-3.799999999999999,20
2592,51.39999999999993,200
2593,-5.1999999999999975,35
2594,45.199999999999946,120
2595,-10.5,5
2596,6.700000000000012,80
2597,65.09999999999994,160
2598,24.199999999999967,100
2599,-6.799999999999999,20
2600,-0.8999999999999968,20
2601,49.89999999999997,195
2602,-1.9999999999999947,40
2603,6.500000000000002,80
2604,-6.199999999999999,20
2605,115.40000000000067,300
2606,1.4000000000000057,40
2607,8.000000000000009,75
2608,82.80000000000004,300
2609,85.3000000000002,300
2610,64.30000000000024,215
2611,75.40000000000023,270
2612,78.50000000000037,235
2613,6.000000000000002,55
2614,68.10000000000016,195
2615,27.89999999999995,95
2616,28.799999999999883,200
2617,26.499999999999957,155
2618,38.39999999999992,155
2619,82.80000000000034,295
2620,108.20000000000054,300
2621,34.699999999999946,135
2622,28.099999999999945,95
2623,97.40000000000043,300
2624,106.10000000000053,300
2625,86.50000000000034,300
2626,63.10000000000016,260
2627,-6.8,20
2628,90.20000000000027,300
2629,85.00000000000027,300
2630,91.90000000000029,300
2631,78.50000000000024,300
2632,69.1999999999999,300
2633,95.30000000000028,300
2634,94.10000000000032,300
2635,108.80000000000055,300
2636,96.7000000000004,300
2637,46.6999999999999,200
2638,32.899999999999935,150
2639,95.70000000000026,300
2640,27.199999999999946,95
2641,87.20000000000034,300
2642,110.40000000000052,300
2643,63.50000000000001,170
2644,121.00000000000045,300
2645,-1.6999999999999993,15
2646,104.00000000000054,300
2647,18.599999999999923,95
2648,-0.8999999999999932,35
2649,121.60000000000073,300
2650,66.6000000000002,215
2651,38.49999999999996,110
2652,-8.8,15
2653,5.5000000000000036,50
2654,111.70000000000054,300
2655,63.1,210
2656,10.899999999999983,90
2657,-8.9,20
2658,98.00000000000033,300
2659,44.899999999999956,120
2660,27.699999999999974,100
2661,120.70000000000057,300
2662,130.90000000000072,300
2663,113.40000000000046,300
2664,134.5000000000007,300
2665,64.10000000000007,235
2666,-10.2,5
2667,112.9000000000004,300
2668,0.10000000000001208,60
2669,115.30000000000037,300
2670,-10.5,5
2671,127.20000000000061,300
2672,56.30000000000009,130
2673,126.00000000000074,300
2674,140.80000000000058,300
2675,15.699999999999983,70
2676,4.299999999999999,50
2677,45.400000000000006,130
2678,3.200000000000003,40
2679,129.6000000000006,300
2680,-9.9,5
2681,91.10000000000026,210
2682,-10.5,5
2683,100.0000000000005,250
2684,129.30000000000055,300
2685,4.299999999999997,35
2686,0.09999999999999787,50
2687,48.49999999999994,155
2688,123.7000000000006,300
2689,119.40000000000053,300
2690,116.20000000000041,300
2691,79.80000000000028,235
2692,133.90000000000057,300
2693,63.40000000000003,160
2694,29.89999999999995,155
2695,96.90000000000045,300
2696,108.50000000000063,300
2697,98.90000000000055,300
2698,-10.2,5
2699,45.19999999999997,180
2700,-1.0999999999999943,40
2701,-4.199999999999998,20
2702,-9.9,5
2703,79.60000000000022,300
2704,15.199999999999976,95
2705,92.60000000000026,300
2706,93.8000000000003,300
2707,10.099999999999989,55
2708,87.80000000000032,300
2709,-9.9,5
2710,84.30000000000051,295
2711,77.1000000000002,300
2712,103.30000000000035,300
2713,13.599999999999982,55
2714,11.099999999999993,100
2715,102.70000000000034,300
2716,107.50000000000053,300
2717,112.60000000000053,300
2718,102.70000000000041,300
2719,30.799999999999947,130
2720,104.60000000000035,300
2721,118.00000000000038,300
2722,94.10000000000043,275
2723,78.60000000000025,260
2724,20.099999999999945,95
2725,28.299999999999983,135
2726,-10.2,5
2727,101.1000000000004,300
2728,98.4000000000003,300
2729,116.8000000000006,300
2730,84.80000000000028,235
2731,109.00000000000065,300
2732,12.79999999999995,75
2733,67.90000000000016,260
2734,70.30000000000014,295
2735,91.90000000000025,300
2736,112.6000000000006,300
2737,41.69999999999995,155
2738,6.4000000000000075,80
2739,99.20000000000026,300
2740,90.9000000000003,300
2741,78.80000000000025,220
2742,129.20000000000059,300
2743,112.70000000000064,300
2744,95.60000000000039,260
2745,91.00000000000036,235
2746,32.49999999999994,115
2747,124.50000000000054,300
2748,29.799999999999947,95
2749,53.89999999999992,160
2750,24.59999999999995,100
2751,0.40000000000000213,15
2752,-3.1999999999999984,15
2753,70.60000000000002,155
2754,128.20000000000076,300
2755,49.499999999999936,130
2756,135.80000000000052,300
2757,66.50000000000001,155
2758,132.80000000000064,300
2759,-10.2,5
2760,134.8000000000007,300
2761,12.19999999999999,50
2762,164.0000000000005,300
2763,107.50000000000054,275
2764,-4.399999999999999,30
2765,137.00000000000074,300
2766,146.8000000000005,300
2767,-3.099999999999998,30
2768,132.90000000000057,300
2769,91.80000000000042,270
2770,37.19999999999993,110
2771,-1.399999999999995,40
2772,152.4000000000004,300
2773,128.20000000000059,300
2774,22.099999999999966,70
2775,115.80000000000068,300
2776,24.599999999999937,130
2777,-9.9,20
2778,-10.5,5
2779,39.29999999999998,130
2780,-10.8,20
2781,49.29999999999997,160
2782,31.499999999999964,130
2783,85.00000000000026,190
2784,4.1000000000000085,50
2785,-11.0,10
2786,114.70000000000046,300
2787,90.8000000000004,260
2788,95.70000000000036,220
2789,55.80000000000002,130
2790,-0.3999999999999968,40
2791,-3.1999999999999966,20
2792,76.50000000000018,250
2793,130.8000000000006,300
2794,114.00000000000063,300
2795,109.80000000000058,300
2796,123.90000000000065,300
2797,142.80000000000052,300
2798,133.30000000000052,300
2799,15.39999999999995,100
2800,138.90000000000057,300
2801,145.70000000000056,300
2802,7.099999999999996,50
2803,-9.9,5
2804,82.50000000000017,190
2805,6.4,50
2806,-1.9999999999999982,10
2807,48.400000000000006,150
2808,143.80000000000058,300
2809,136.00000000000054,300
2810,145.10000000000034,300
2811,100.80000000000057,270
2812,144.80000000000072,300
2813,36.89999999999994,115
2814,39.99999999999999,120
2815,47.89999999999998,130
2816,124.40000000000057,300
2817,-4.999999999999999,20
2818,110.30000000000057,300
2819,100.50000000000043,300
2820,94.90000000000043,240
2821,122.40000000000063,300
2822,101.90000000000057,300
2823,44.09999999999994,140
2824,54.89999999999991,155
2825,125.40000000000057,300
2826,84.00000000000027,220
2827,-10.5,5
2828,59.299999999999976,175
2829,114.60000000000065,300
2830,131.4000000000007,300
2831,9.099999999999996,60
2832,43.39999999999995,135
2833,122.20000000000059,300
2834,3.9000000000000057,35
2835,-9.9,5
2836,21.69999999999996,75
2837,19.999999999999957,75
2838,126.00000000000063,300
2839,71.40000000000018,225
2840,131.30000000000055,300
2841,44.89999999999994,115
2842,135.80000000000052,300
2843,145.1000000000006,300
2844,-9.9,5
2845,142.5000000000006,300
2846,135.2000000000006,300
2847,37.69999999999993,115
2848,32.79999999999993,115
2849,88.50000000000027,190
2850,46.39999999999998,145
2851,149.00000000000037,300
2852,117.6000000000005,270
2853,-9.799999999999999,10
2854,32.49999999999994,130
2855,67.20000000000002,160
2856,133.60000000000062,300
2857,40.799999999999976,100
2858,140.8000000000007,300
2859,-8.2,20
2860,42.79999999999997,120
2861,42.599999999999994,130
2862,64.7000000000001,180
2863,124.90000000000069,300
2864,120.70000000000068,300
2865,111.1000000000005,300
2866,119.20000000000054,300
2867,134.60000000000065,300
2868,84.30000000000028,240
2869,124.10000000000062,300
2870,115.10000000000056,300
2871,121.4000000000006,300
2872,130.50000000000068,300
2873,3.200000000000003,40
2874,-3.299999999999998,40
2875,-10.2,5
2876,4.000000000000002,50
2877,102.30000000000071,300
2878,63.50000000000012,190
2879,-10.5,5
2880,126.00000000000065,300
2881,0.8000000000000007,50
2882,118.60000000000065,300
2883,59.70000000000015,180
2884,136.10000000000053,300
2885,119.30000000000061,300
2886,130.9000000000007,300
2887,-10.5,5
2888,127.10000000000065,300
2889,20.79999999999997,100
2890,108.1000000000004,300
2891,22.49999999999995,110
2892,130.10000000000053,300
2893,42.79999999999995,170
2894,134.5000000000006,300
2895,126.5000000000007,300
2896,6.999999999999995,50
2897,101.80000000000042,300
2898,34.499999999999964,130
2899,102.50000000000041,300
2900,113.5000000000007,300
2901,139.3000000000006,300
2902,116.90000000000062,300
2903,109.70000000000074,300
2904,95.8000000000004,240
2905,140.30000000000055,300
2906,87.7000000000003,235
2907,129.70000000000067,300
2908,135.2000000000007,300
2909,143.7000000000006,300
2910,108.60000000000036,300
2911,131.30000000000058,300
2912,141.70000000000076,300
2913,125.20000000000066,300
2914,-10.5,5
2915,-10.5,5
2916,138.40000000000063,300
2917,140.70000000000053,300
2918,42.39999999999998,125
2919,149.20000000000064,300
2920,135.9000000000006,300
2921,137.10000000000065,300
2922,128.00000000000065,300
2923,-10.2,5
2924,132.10000000000065,300
2925,146.10000000000065,300
2926,42.99999999999996,100
2927,123.10000000000066,300
2928,152.20000000000076,300
2929,135.40000000000072,300
2930,138.30000000000072,300
2931,128.6000000000006,300
2932,144.20000000000056,300
2933,125.00000000000068,300
2934,131.9000000000006,300
2935,118.6000000000006,300
2936,-9.9,5
2937,111.10000000000063,285
2938,43.099999999999966,130
2939,41.69999999999999,110
2940,39.199999999999974,145
2941,19.19999999999998,65
2942,128.50000000000063,300
2943,150.30000000000052,300
2944,3.9999999999999982,50
2945,138.30000000000067,300
2946,23.699999999999946,85
2947,113.3000000000004,300
2948,131.4000000000006,300
2949,134.0000000000006,300
2950,125.20000000000056,300
2951,134.2000000000006,300
2952,133.80000000000064,300
2953,109.70000000000061,300
2954,62.000000000000064,180
2955,132.7000000000007,300
2956,126.40000000000063,300
2957,-1.5999999999999979,15
2958,127.50000000000068,300
2959,130.70000000000053,300
2960,131.50000000000068,300
2961,130.50000000000065,300
2962,61.800000000000004,155
2963,-10.5,5
2964,124.2000000000007,300
2965,127.70000000000061,300
2966,-10.5,5
2967,112.70000000000046,300
2968,118.0000000000005,300
2969,126.60000000000069,300
2970,128.70000000000067,300
2971,127.90000000000072,300
2972,135.10000000000062,300
2973,20.699999999999967,70
2974,127.0000000000007,300
2975,125.10000000000059,300
2976,90.80000000000028,210
2977,110.10000000000056,300
2978,121.10000000000065,300
2979,124.70000000000051,300
2980,126.20000000000056,300
2981,140.6000000000005,300
2982,133.60000000000076,300
2983,136.30000000000067,300
2984,134.20000000000067,300
2985,24.499999999999957,105
2986,63.6000000000001,180
2987,134.20000000000073,300
2988,45.0,130
2989,126.20000000000064,300
2990,133.70000000000078,300
2991,131.60000000000065,300
2992,146.70000000000064,300
2993,127.90000000000069,300
2994,-10.5,5
2995,110.1000000000006,285
2996,-10.5,5
2997,24.39999999999997,70
2998,124.80000000000055,300
2999,126.40000000000067,300
3000,34.19999999999997,145
3001,76.00000000000016,185
3002,76.10000000000024,205
3003,140.30000000000072,300
3004,120.00000000000053,300
3005,18.199999999999974,65
3006,25.699999999999932,95
3007,125.70000000000059,300
3008,-1.6999999999999975,15
3009,110.00000000000045,300
3010,116.90000000000065,300
3011,126.50000000000064,300
3012,126.20000000000064,300
3013,96.2000000000005,280
3014,122.10000000000066,300
3015,128.00000000000063,300
3016,101.5000000000004,300
3017,-10.2,5
3018,77.9000000000003,240
3019,117.50000000000055,300
3020,1.8000000000000007,40
3021,115.10000000000052,300
3022,120.1000000000006,300
3023,109.70000000000064,300
3024,127.20000000000067,300
3025,12.799999999999967,80
3026,112.70000000000051,300
3027,114.10000000000042,300
3028,-10.2,5
3029,121.90000000000062,300
3030,28.499999999999957,120
3031,136.90000000000063,300
3032,139.70000000000059,300
3033,31.399999999999935,120
3034,123.00000000000068,300
3035,64.60000000000007,175
3036,122.90000000000062,300
3037,11.299999999999988,100
3038,42.89999999999993,120
3039,117.00000000000061,300
3040,114.10000000000042,300
3041,110.80000000000055,300
3042,123.70000000000063,300
3043,120.20000000000061,300
3044,114.00000000000057,300
3045,115.90000000000045,300
3046,125.30000000000058,300
3047,94.50000000000051,260
3048,-10.5,5
3049,-10.5,5
3050,53.699999999999974,180
3051,121.90000000000065,300
3052,8.699999999999994,100
3053,-1.0000000000000018,20
3054,100.10000000000045,300
3055,120.90000000000056,300
3056,20.49999999999997,100
3057,117.10000000000052,300
3058,68.10000000000011,240
3059,93.30000000000022,300
3060,41.499999999999986,160
3061,133.90000000000066,300
3062,-9.9,5
3063,103.90000000000038,300
3064,102.90000000000036,300
3065,81.00000000000044,300
3066,73.70000000000024,240
3067,107.70000000000054,300
3068,105.7000000000004,300
3069,99.60000000000042,300
3070,-10.5,5
3071,107.70000000000053,300
3072,103.00000000000043,300
3073,115.10000000000055,300
3074,114.50000000000067,300
3075,-10.5,5
3076,106.60000000000043,300
3077,115.40000000000055,300
3078,-9.9,5
3079,47.89999999999996,130
3080,108.90000000000069,300
3081,6.8000000000000025,50
3082,107.70000000000041,300
3083,110.1000000000006,300
3084,111.00000000000057,300
3085,118.9000000000006,300
3086,102.50000000000055,300
3087,83.30000000000028,210
3088,106.90000000000042,300
3089,122.30000000000057,300
3090,106.90000000000042,300
3091,13.999999999999973,80
3092,70.90000000000012,190
3093,118.2000000000006,300
3094,117.80000000000054,300
3095,-1.0999999999999979,50
3096,64.20000000000009,190
3097,120.70000000000057,300
3098,39.99999999999996,130
3099,116.20000000000043,300
3100,127.50000000000072,300
3101,98.70000000000043,270
3102,71.40000000000009,210
3103,127.50000000000063,300
3104,118.20000000000057,300
3105,119.60000000000066,300
3106,124.2000000000006,300
3107,108.50000000000043,300
3108,51.99999999999994,160
3109,121.20000000000073,300
3110,122.50000000000054,300
3111,-10.2,5
3112,113.70000000000053,300
3113,124.90000000000066,300
3114,125.6000000000007,300
3115,129.9000000000006,300
3116,128.30000000000067,300
3117,129.0000000000006,300
3118,117.30000000000057,300
3119,121.80000000000044,300
3120,122.20000000000066,300
3121,129.40000000000063,300
3122,113.60000000000058,295
3123,124.80000000000057,300
3124,132.8000000000007,300
3125,117.80000000000057,300
3126,138.20000000000056,300
3127,82.10000000000024,235
3128,127.30000000000058,300
3129,56.50000000000001,155
3130,122.0000000000007,300
3131,151.00000000000063,300
3132,127.10000000000065,300
3133,132.70000000000067,300
3134,138.0000000000006,300
3135,121.90000000000056,300
3136,137.30000000000064,300
3137,-10.5,5
3138,134.8000000000007,300
3139,97.70000000000039,235
3140,123.70000000000041,300
3141,-10.2,5
3142,121.60000000000065,300
3143,126.40000000000069,300
3144,73.20000000000026,220
3145,117.30000000000051,300
3146,49.79999999999992,135
3147,120.3000000000006,300
3148,-6.1,40
3149,140.0000000000007,300
3150,-6.199999999999999,20
3151,143.3000000000006,300
3152,145.70000000000067,300
3153,127.70000000000066,300
3154,52.799999999999955,125
3155,128.4000000000007,300
3156,139.40000000000063,300
3157,131.00000000000065,300
3158,114.40000000000047,300
3159,83.70000000000034,235
3160,114.6000000000005,300
3161,118.80000000000057,300
3162,17.499999999999986,95
3163,-10.2,5
3164,111.80000000000061,295
3165,52.299999999999955,155
3166,24.199999999999953,95
3167,117.90000000000067,300
3168,130.40000000000066,300
3169,-10.2,5
3170,129.70000000000067,300
3171,24.099999999999973,100
3172,46.29999999999996,125
3173,131.10000000000068,300
3174,119.10000000000056,300
3175,135.00000000000063,300
3176,60.59999999999996,160
3177,77.80000000000021,220
3178,22.299999999999947,100
3179,123.40000000000062,300
3180,125.90000000000065,300
3181,46.39999999999996,160
3182,-10.2,5
3183,135.60000000000062,300
3184,122.30000000000057,300
3185,94.2000000000003,235
3186,128.4000000000006,300
3187,134.30000000000055,300
3188,135.80000000000064,300
3189,4.200000000000001,40
3190,128.30000000000067,300
3191,93.20000000000036,235
3192,117.20000000000053,300
3193,117.50000000000058,300
3194,31.999999999999943,100
3195,129.00000000000068,300
3196,135.80000000000067,300
3197,130.00000000000068,300
3198,126.60000000000063,300
3199,128.8000000000007,300
3200,123.90000000000069,300
3201,129.6000000000007,300
3202,-10.2,5
3203,-10.5,5
3204,125.0000000000007,300
3205,35.099999999999945,145
3206,91.70000000000027,205
3207,139.60000000000053,300
3208,128.20000000000067,300
3209,132.20000000000073,300
3210,2.3000000000000043,50
3211,-2.6999999999999966,45
3212,129.50000000000065,300
3213,129.10000000000062,300
3214,115.90000000000057,300
3215,107.50000000000053,300
3216,114.60000000000039,300
3217,113.00000000000041,300
3218,111.20000000000054,300
3219,29.59999999999996,95
3220,40.79999999999993,145
3221,116.8000000000007,300
3222,114.7000000000004,300
3223,120.50000000000054,300
3224,108.70000000000041,300
3225,139.8000000000008,300
3226,27.199999999999953,105
3227,123.6000000000005,300
3228,133.10000000000065,300
3229,107.60000000000059,285
3230,133.1000000000008,300
3231,122.00000000000063,300
3232,79.9000000000002,225
3233,111.50000000000045,300
3234,-10.2,5
3235,86.00000000000034,270
3236,107.00000000000044,300
3237,93.10000000000029,270
3238,93.10000000000039,300
3239,101.4000000000005,295
3240,20.89999999999992,130
3241,9.899999999999983,50
3242,30.69999999999999,130
3243,-5.899999999999995,25
3244,7.299999999999999,50
3245,-10.2,5
3246,104.8000000000004,300
3247,22.99999999999995,105
3248,56.19999999999994,210
3249,96.60000000000039,300
3250,107.50000000000063,300
3251,113.70000000000059,300
3252,101.90000000000043,300
3253,97.30000000000054,300
3254,105.60000000000048,300
3255,103.30000000000061,300
3256,100.00000000000043,300
3257,104.70000000000057,300
3258,124.8000000000007,300
3259,109.50000000000051,300
3260,124.10000000000069,300
3261,130.90000000000066,300
3262,123.60000000000063,300
3263,138.50000000000068,300
3264,120.30000000000064,300
3265,127.2000000000007,300
3266,143.00000000000065,300
3267,121.2000000000006,300
3268,142.70000000000053,300
3269,139.60000000000065,300
3270,142.10000000000068,300
3271,64.19999999999997,155
3272,132.00000000000068,300
3273,-6.6,15
3274,141.10000000000062,300
3275,5.4,45
3276,-10.5,5
3277,139.30000000000064,300
3278,150.20000000000073,300
3279,51.199999999999974,130
3280,109.2000000000005,270
3281,136.2000000000007,300
3282,138.60000000000065,300
3283,-10.5,5
3284,142.7000000000007,300
3285,137.00000000000065,300
3286,137.70000000000067,300
3287,13.799999999999992,65
3288,132.40000000000072,300
3289,124.3000000000006,300
3290,73.90000000000012,205
3291,143.6000000000006,300
3292,-9.9,20
3293,123.80000000000068,300
3294,133.2000000000006,300
3295,116.70000000000059,300
3296,129.6000000000007,300
3297,96.40000000000038,235
3298,121.70000000000067,300
3299,117.00000000000061,300
3300,-10.799999999999999,20
3301,120.30000000000055,300
3302,27.29999999999997,100
3303,108.20000000000049,300
3304,88.40000000000045,300
3305,123.00000000000055,300
3306,-5.199999999999999,20
3307,88.40000000000029,300
3308,110.80000000000041,300
3309,-7.8999999999999995,20
3310,127.00000000000064,300
3311,76.40000000000012,240
3312,118.30000000000064,300
3313,122.90000000000063,300
3314,23.09999999999995,100
3315,106.40000000000039,300
3316,115.50000000000041,300
3317,124.90000000000067,300
3318,58.19999999999995,160
3319,-10.2,20
3320,-1.3999999999999968,40
3321,130.60000000000068,300
3322,122.10000000000045,300
3323,120.00000000000061,300
3324,128.00000000000048,300
3325,-3.799999999999998,35
3326,123.10000000000056,300
3327,130.80000000000067,300
3328,77.70000000000019,215
3329,12.299999999999985,55
3330,94.70000000000039,240
3331,123.70000000000061,300
3332,131.70000000000064,300
3333,-0.19999999999999218,35
3334,-10.5,5
3335,24.699999999999946,95
3336,35.199999999999925,115
3337,22.699999999999953,95
3338,129.80000000000058,300
3339,-5.299999999999995,25
3340,133.00000000000063,300
3341,55.499999999999936,155
3342,125.40000000000067,300
3343,129.20000000000067,300
3344,126.40000000000067,300
3345,122.50000000000065,300
3346,134.4000000000007,300
3347,117.00000000000053,300
3348,118.70000000000067,300
3349,126.60000000000069,300
3350,138.10000000000062,300
3351,61.89999999999994,155
3352,124.90000000000069,300
3353,120.60000000000059,300
3354,126.20000000000067,300
3355,126.2000000000006,300
3356,134.20000000000067,300
3357,134.80000000000067,300
3358,128.60000000000068,300
3359,-3.299999999999998,15
3360,145.6000000000006,300
3361,136.50000000000068,300
3362,129.10000000000068,300
3363,31.999999999999943,95
3364,-10.5,5
3365,133.10000000000062,300
3366,85.00000000000023,235
3367,126.80000000000062,300
3368,-10.5,5
3369,89.00000000000037,235
3370,120.90000000000055,300
3371,136.40000000000057,300
3372,131.50000000000065,300
3373,61.89999999999994,155
3374,24.899999999999963,95
3375,79.30000000000025,240
3376,113.60000000000048,300
3377,130.6000000000007,300
3378,-10.5,5
3379,135.00000000000065,300
3380,134.50000000000063,300
3381,128.00000000000065,300
3382,126.10000000000066,300
3383,140.60000000000056,300
3384,130.2000000000007,300
3385,127.00000000000065,300
3386,117.30000000000052,300
3387,125.2000000000007,300
3388,114.00000000000055,300
3389,-10.5,5
3390,110.90000000000053,300
3391,135.30000000000064,300
3392,124.20000000000068,300
3393,53.09999999999991,175
3394,126.80000000000064,300
3395,128.70000000000064,300
3396,137.80000000000067,300
3397,136.7000000000007,300
3398,113.60000000000053,300
3399,112.30000000000044,300
3400,121.80000000000061,300
3401,117.90000000000053,300
3402,111.60000000000049,300
3403,110.60000000000056,300
3404,110.5000000000005,300
3405,-10.5,5
3406,120.80000000000071,300
3407,113.30000000000058,300
3408,72.60000000000021,210
3409,111.70000000000053,300
3410,98.00000000000041,300
3411,113.70000000000049,300
3412,117.60000000000056,300
3413,106.40000000000049,300
3414,-1.4999999999999947,30
3415,102.3000000000004,300
3416,-10.2,5
3417,12.099999999999982,110
3418,85.00000000000027,300
3419,104.7000000000004,300
3420,88.9000000000004,270
3421,52.69999999999989,190
3422,54.39999999999997,190
3423,6.500000000000002,50
3424,96.30000000000037,300
3425,83.50000000000038,300
3426,105.8000000000005,300
3427,104.60000000000045,300
3428,104.00000000000051,300
3429,108.20000000000059,300
3430,116.50000000000058,300
3431,5.300000000000006,35
3432,119.3000000000006,300
3433,140.70000000000067,300
3434,113.80000000000054,300
3435,122.90000000000053,300
3436,121.90000000000065,300
3437,128.90000000000066,300
3438,107.5000000000004,300
3439,122.40000000000056,300
3440,120.80000000000068,300
3441,124.40000000000066,300
3442,130.10000000000056,300
3443,113.00000000000048,300
3444,-10.5,5
3445,79.0000000000002,205
3446,140.10000000000065,300
3447,-3.9999999999999982,15
3448,130.40000000000072,300
3449,132.30000000000058,300
3450,-7.0,15
3451,126.40000000000069,300
3452,132.00000000000068,300
3453,-10.5,5
3454,126.80000000000057,300
3455,126.30000000000068,300
3456,125.20000000000061,300
3457,91.50000000000036,235
3458,123.20000000000059,300
3459,11.499999999999977,80
3460,2.8000000000000007,35
3461,118.20000000000071,300
3462,116.20000000000053,300
3463,59.79999999999993,155
3464,-10.5,5
3465,128.60000000000056,300
3466,123.20000000000064,300
3467,125.80000000000067,300
3468,-10.5,5
3469,124.90000000000069,300
3470,124.60000000000069,300
3471,141.1000000000006,300
3472,107.40000000000059,300
3473,45.79999999999992,145
3474,128.90000000000055,300
3475,12.899999999999986,75
3476,26.99999999999995,95
3477,24.199999999999953,95
3478,-6.6,15
3479,140.80000000000067,300
3480,115.60000000000055,300
3481,89.60000000000036,235
3482,131.50000000000068,300
3483,68.40000000000016,195
3484,-10.5,5
3485,135.80000000000067,300
3486,132.20000000000067,300
3487,128.00000000000065,300
3488,129.4000000000007,300
3489,124.80000000000057,300
3490,136.50000000000057,300
3491,139.5000000000006,300
3492,128.9000000000007,300
3493,76.70000000000016,235
3494,55.29999999999995,160
3495,135.0000000000006,300
3496,107.60000000000053,300
3497,130.2000000000006,300
3498,63.69999999999997,160
3499,125.90000000000059,300
3500,124.90000000000066,300
3501,-1.8999999999999986,20
3502,128.10000000000068,300
3503,117.70000000000044,300
3504,122.90000000000063,300
3505,131.40000000000066,300
3506,-10.2,5
3507,137.20000000000067,300
3508,127.90000000000065,300
3509,125.9000000000007,300
3510,135.10000000000068,300
3511,116.80000000000055,300
3512,113.0000000000006,300
3513,132.6000000000007,300
3514,138.50000000000063,300
3515,113.10000000000053,300
3516,125.90000000000065,300
3517,137.7000000000007,300
3518,115.80000000000062,300
3519,128.00000000000068,300
3520,133.40000000000066,300
3521,144.00000000000068,300
3522,124.70000000000061,300
3523,149.80000000000067,300
3524,131.90000000000066,300
3525,134.60000000000065,300
3526,140.50000000000068,300
3527,132.7000000000007,300
3528,131.30000000000064,300
3529,138.4000000000007,300
3530,127.80000000000067,300
3531,135.00000000000065,300
3532,125.10000000000059,300
3533,-5.3999999999999995,10
3534,134.7000000000007,300
3535,137.5000000000008,300
3536,142.30000000000064,300
3537,134.1000000000007,300
3538,70.9000000000002,195
3539,38.79999999999995,130
3540,137.4000000000007,300
3541,140.80000000000067,300
3542,129.8000000000006,300
3543,121.8000000000007,300
3544,142.10000000000065,300
3545,114.70000000000053,300
3546,116.10000000000055,300
3547,-10.5,5
3548,64.90000000000009,190
3549,137.70000000000067,300
3550,126.40000000000069,300
3551,102.1000000000004,300
3552,132.5000000000006,300
3553,121.80000000000052,300
3554,-10.2,5
3555,124.70000000000067,300
3556,128.10000000000062,300
3557,119.00000000000067,300
3558,128.60000000000068,300
3559,140.60000000000068,300
3560,128.60000000000068,300
3561,140.80000000000064,300
3562,121.70000000000056,300
3563,-10.5,5
3564,124.90000000000069,300
3565,119.00000000000057,300
3566,113.00000000000054,300
3567,136.20000000000064,300
3568,120.40000000000059,300
3569,122.40000000000069,300
3570,142.80000000000067,300
3571,124.60000000000063,300
3572,129.30000000000058,300
3573,141.5000000000007,300
3574,143.8000000000007,300
3575,125.50000000000067,300
3576,-10.2,5
3577,131.4000000000007,300
3578,115.70000000000059,275
3579,129.00000000000057,300
3580,128.70000000000067,300
3581,129.8000000000007,300
3582,129.20000000000073,300
3583,134.2000000000007,300
3584,126.80000000000057,300
3585,123.00000000000057,300
3586,131.20000000000059,300
3587,135.40000000000055,300
3588,58.89999999999997,155
3589,129.50000000000068,300
3590,143.10000000000065,300
3591,130.3000000000007,300
3592,83.5000000000003,245
3593,-3.0999999999999988,30
3594,131.1000000000007,300
3595,129.4000000000007,300
3596,62.09999999999997,155
3597,139.50000000000068,300
3598,113.00000000000045,300
3599,122.70000000000064,300
3600,135.8000000000007,300
3601,138.90000000000063,300
3602,134.90000000000066,300
3603,116.70000000000051,300
3604,131.3000000000007,300
3605,120.10000000000055,300
3606,120.20000000000071,300
3607,125.90000000000069,300
3608,115.70000000000054,300
3609,142.7000000000007,300
3610,99.40000000000052,270
3611,130.70000000000067,300
3612,123.60000000000059,300
3613,111.6000000000005,300
3614,124.90000000000072,300
3615,118.6000000000005,300
3616,113.90000000000052,300
3617,114.40000000000056,300
3618,-3.6999999999999966,50
3619,-10.5,5
3620,-5.499999999999999,50
3621,-10.5,5
3622,13.49999999999997,90
3623,34.79999999999997,110
3624,-2.7999999999999963,30
3625,-10.5,5
3626,16.29999999999999,70
3627,18.099999999999987,70
3628,-10.5,5
3629,81.30000000000027,270
3630,-6.199999999999998,10
3631,26.399999999999956,110
3632,44.59999999999995,130
3633,134.40000000000072,300
3634,146.60000000000065,300
3635,112.90000000000052,300
3636,-10.5,5
3637,129.9000000000007,300
3638,119.40000000000053,300
3639,128.5000000000006,300
3640,129.2000000000007,300
3641,129.20000000000067,300
3642,41.5,125
3643,124.3000000000006,300
3644,135.80000000000064,300
3645,126.60000000000069,300
3646,-7.8999999999999995,35
3647,-10.2,5
3648,125.70000000000067,300
3649,123.70000000000067,300
3650,142.9000000000006,300
3651,29.199999999999946,100
3652,35.49999999999996,95
3653,130.3000000000007,300
3654,155.00000000000065,300
3655,123.20000000000068,300
3656,138.70000000000067,300
3657,139.40000000000066,300
3658,118.70000000000067,300
3659,137.10000000000053,300
3660,122.70000000000057,300
3661,-10.5,5
3662,121.80000000000055,300
3663,128.60000000000065,300
3664,128.00000000000063,300
3665,136.00000000000068,300
3666,130.50000000000068,300
3667,140.70000000000067,300
3668,138.40000000000074,300
3669,136.9000000000007,300
3670,3.800000000000006,35
3671,134.00000000000063,300
3672,128.20000000000067,300
3673,138.80000000000064,300
3674,126.80000000000054,300
3675,130.40000000000066,300
3676,131.70000000000067,300
3677,135.80000000000058,300
3678,140.60000000000062,300
3679,124.80000000000065,300
3680,137.80000000000064,300
3681,134.80000000000067,300
3682,130.80000000000055,300
3683,-10.5,5
3684,136.60000000000062,300
3685,146.6000000000006,300
3686,129.80000000000058,300
3687,-10.2,5
3688,131.8000000000007,300
3689,137.30000000000067,300
3690,137.4000000000007,300
3691,141.5000000000007,300
3692,136.60000000000065,300
3693,127.00000000000068,300
3694,144.2000000000007,300
3695,11.799999999999985,65
3696,127.20000000000067,300
3697,143.00000000000063,300
3698,141.20000000000059,300
3699,147.0000000000006,300
3700,47.49999999999993,135
3701,49.39999999999998,125
3702,141.00000000000065,300
3703,139.3000000000007,300
3704,-10.5,5
3705,139.60000000000065,300
3706,141.80000000000064,300
3707,132.10000000000068,300
3708,117.6000000000005,300
3709,136.90000000000066,300
3710,130.60000000000076,300
3711,132.20000000000073,300
3712,120.40000000000055,300
3713,120.20000000000064,300
3714,1.4999999999999982,50
3715,4.600000000000005,50
3716,125.90000000000067,300
3717,117.90000000000056,300
3718,36.79999999999994,130
3719,-10.5,5
3720,131.1000000000007,300
3721,119.2000000000006,300
3722,144.80000000000064,300
3723,140.50000000000065,300
3724,135.20000000000067,300
3725,128.0000000000007,300
3726,108.00000000000054,270
3727,121.00000000000054,300
3728,-10.2,5
3729,129.3000000000007,300
3730,71.90000000000018,190
3731,126.70000000000067,300
3732,129.0000000000007,300
3733,128.4000000000006,300
3734,129.60000000000068,300
3735,119.1000000000005,300
3736,120.20000000000059,300
3737,3.100000000000003,50
3738,132.30000000000072,300
3739,121.90000000000059,300
3740,-10.5,5
3741,126.2000000000007,300
3742,128.8000000000007,300
3743,138.0000000000006,300
3744,135.2000000000007,300
3745,127.40000000000063,300
3746,23.099999999999973,75
3747,131.40000000000072,300
3748,134.30000000000067,300
3749,126.20000000000073,300
3750,39.39999999999996,110
3751,133.40000000000066,300
3752,35.299999999999955,105
3753,33.89999999999993,110
3754,74.30000000000015,190
3755,12.599999999999989,65
3756,6.200000000000005,45
3757,95.5000000000004,235
3758,27.79999999999997,85
3759,66.90000000000003,190
3760,130.70000000000067,300
3761,128.8000000000007,300
3762,-4.899999999999999,15
3763,143.1000000000007,300
3764,8.399999999999993,50
3765,133.2000000000007,300
3766,83.00000000000027,185
3767,118.20000000000053,265
3768,132.9000000000007,300
3769,128.00000000000068,300
3770,138.90000000000066,300
3771,136.70000000000067,300
3772,140.80000000000064,300
3773,136.90000000000066,300
3774,47.599999999999945,135
3775,44.39999999999993,135
3776,22.499999999999957,75
3777,-6.8999999999999995,15
3778,32.39999999999996,100
3779,137.40000000000063,300
3780,129.1000000000006,300
3781,143.20000000000067,300
3782,135.10000000000068,300
3783,146.60000000000068,300
3784,123.40000000000067,300
3785,127.90000000000069,300
3786,125.80000000000068,300
3787,134.10000000000068,300
3788,133.10000000000065,300
3789,135.8000000000007,300
3790,-4.199999999999997,20
3791,131.20000000000067,300
3792,141.00000000000063,300
3793,128.50000000000068,300
3794,116.60000000000049,255
3795,121.20000000000057,300
3796,101.40000000000038,235
3797,95.30000000000032,215
3798,132.8000000000007,300
3799,135.20000000000064,300
3800,128.2000000000006,300
3801,147.50000000000063,300
3802,123.50000000000067,300
3803,142.40000000000063,300
3804,146.2000000000006,300
3805,75.40000000000015,190
3806,51.199999999999925,130
3807,125.70000000000063,300
3808,130.50000000000057,300
3809,153.4000000000006,300
3810,140.40000000000066,300
3811,57.699999999999996,160
3812,131.30000000000067,300
3813,128.70000000000067,300
3814,130.00000000000065,300
3815,139.9000000000006,300
3816,138.5000000000006,300
3817,142.10000000000068,300
3818,133.50000000000065,300
3819,148.70000000000067,300
3820,141.3000000000007,300
3821,139.50000000000068,300
3822,145.90000000000063,300
3823,140.60000000000065,300
3824,139.5000000000007,300
3825,135.20000000000067,300
3826,126.9000000000007,300
3827,138.70000000000064,300
3828,146.90000000000063,300
3829,138.4000000000006,300
3830,140.9000000000007,300
3831,116.70000000000073,300
3832,129.00000000000068,300
3833,138.00000000000065,300
3834,129.50000000000065,300
3835,135.70000000000067,300
3836,-9.0,20
3837,62.09999999999997,160
3838,116.50000000000047,300
3839,139.6000000000007,300
3840,121.40000000000056,300
3841,144.50000000000057,300
3842,141.9000000000007,300
3843,57.1,160
3844,131.4000000000007,300
3845,136.40000000000057,300
3846,31.399999999999956,100
3847,125.50000000000068,300
3848,146.3000000000006,300
3849,134.30000000000067,300
3850,147.60000000000062,300
3851,150.40000000000066,300
3852,-7.9,15
3853,143.4000000000006,300
3854,153.50000000000063,300
3855,137.40000000000066,300
3856,133.50000000000068,300
3857,148.6000000000006,300
3858,138.40000000000066,300
3859,133.90000000000066,300
3860,146.90000000000063,300
3861,150.5000000000007,300
3862,59.900000000000055,190
3863,149.60000000000073,300
3864,125.50000000000068,300
3865,134.70000000000067,300
3866,129.5000000000007,300
3867,-3.799999999999999,15
3868,140.8000000000006,300
3869,137.4000000000006,300
3870,-4.999999999999999,15
3871,118.70000000000044,300
3872,133.5000000000006,300
3873,141.70000000000073,300
3874,127.10000000000058,300
3875,165.40000000000057,300
3876,134.70000000000053,300
3877,130.0000000000006,300
3878,-5.8999999999999995,15
3879,132.60000000000068,300
3880,134.90000000000066,300
3881,-5.799999999999998,20
3882,-6.299999999999999,20
3883,142.7000000000007,300
3884,117.70000000000053,270
3885,139.60000000000056,300
3886,149.90000000000052,300
3887,150.60000000000065,300
3888,144.10000000000062,300
3889,143.20000000000067,300
3890,111.20000000000046,300
3891,-6.5,20
3892,123.0000000000006,300
3893,145.00000000000057,300
3894,142.40000000000055,300
3895,-12.0,20
3896,139.10000000000062,300
3897,-3.799999999999998,20
3898,124.90000000000066,300
3899,113.00000000000038,300
3900,132.80000000000067,300
3901,147.40000000000066,300
3902,61.499999999999964,155
3903,-6.1,15
3904,141.40000000000066,300
3905,127.90000000000062,300
3906,114.50000000000048,300
3907,-10.299999999999999,15
3908,142.5000000000006,300
3909,137.10000000000065,300
3910,137.80000000000064,300
3911,-6.6,15
3912,64.70000000000002,160
3913,138.90000000000063,300
3914,90.80000000000037,240
3915,142.90000000000063,300
3916,-3.799999999999999,15
3917,0.10000000000000142,15
3918,127.50000000000067,300
3919,122.70000000000056,300
3920,125.1000000000006,300
3921,145.5000000000006,300
3922,147.20000000000064,300
3923,137.0000000000005,300
3924,-11.7,20
3925,135.90000000000066,300
3926,135.10000000000048,300
3927,150.90000000000072,300
3928,140.1000000000006,300
3929,122.00000000000045,265
3930,141.00000000000063,300
3931,146.00000000000063,300
3932,150.30000000000064,300
3933,98.90000000000036,215
3934,49.89999999999995,130
3935,77.70000000000022,190
3936,143.10000000000062,300
3937,152.20000000000064,300
3938,141.70000000000064,300
3939,54.89999999999994,155
3940,147.50000000000068,300
3941,141.20000000000067,300
3942,143.10000000000053,300
3943,145.20000000000053,300
3944,153.9000000000006,300
3945,138.1000000000006,300
3946,-10.5,5
3947,-10.5,5
3948,88.00000000000021,205
3949,156.10000000000065,300
3950,149.3000000000007,300
3951,141.0000000000007,300
3952,133.30000000000067,300
3953,132.90000000000063,300
3954,142.50000000000063,300
3955,135.80000000000067,300
3956,153.40000000000072,300
3957,136.7000000000007,300
3958,105.30000000000055,270
3959,131.00000000000065,300
3960,128.60000000000062,300
3961,146.80000000000064,300
3962,155.90000000000055,300
3963,146.90000000000063,300
3964,127.60000000000058,300
3965,135.0000000000007,300
3966,123.90000000000055,300
3967,14.599999999999982,50
3968,33.49999999999995,130
3969,133.90000000000072,300
3970,140.00000000000063,300
3971,144.4000000000007,300
3972,138.3000000000005,300
3973,20.599999999999973,70
3974,123.10000000000066,300
3975,-10.5,5
3976,124.10000000000059,300
3977,130.30000000000064,300
3978,6.299999999999999,50
3979,52.99999999999993,130
3980,-9.9,5
3981,111.00000000000044,300
3982,44.19999999999994,130
3983,34.69999999999995,110
3984,125.20000000000064,300
3985,136.50000000000068,300
3986,149.30000000000067,300
3987,116.30000000000041,300
3988,137.40000000000072,300
3989,118.70000000000064,270
3990,8.999999999999991,50
3991,135.00000000000068,300
3992,146.60000000000065,300
3993,89.20000000000029,210
3994,144.6000000000006,300
3995,42.899999999999935,130
3996,139.00000000000057,300
3997,119.60000000000049,300
3998,129.70000000000064,300
3999,131.60000000000068,300
4000,135.4000000000006,300
4001,-3.0999999999999988,35
4002,139.40000000000063,300
4003,-5.699999999999999,15
4004,142.10000000000065,300
4005,51.49999999999994,135
4006,147.10000000000073,300
4007,155.10000000000065,300
4008,-4.999999999999999,15
4009,147.7000000000007,300
4010,139.10000000000065,300
4011,-7.8,15
4012,51.69999999999994,130
4013,34.49999999999996,110
4014,52.09999999999996,130
4015,70.20000000000014,190
4016,-8.8,15
4017,98.80000000000032,215
4018,61.09999999999997,155
4019,64.80000000000005,175
4020,-0.1999999999999993,35
4021,118.80000000000061,295
4022,125.2000000000007,300
4023,49.59999999999994,150
4024,92.40000000000032,215
4025,113.70000000000056,270
4026,139.90000000000063,300
4027,-5.8999999999999995,30
4028,-7.1,10
4029,146.8000000000007,300
4030,100.90000000000046,250
4031,139.50000000000065,300
4032,18.899999999999963,95
4033,-7.6,15
4034,26.39999999999997,95
4035,52.899999999999906,170
4036,128.40000000000066,300
4037,140.90000000000066,300
4038,143.00000000000063,300
4039,146.00000000000065,300
4040,140.90000000000063,300
4041,136.00000000000065,300
4042,139.20000000000067,300
4043,141.80000000000064,300
4044,146.5000000000006,300
4045,141.60000000000065,300
4046,116.60000000000053,300
4047,112.90000000000056,235
4048,127.40000000000052,300
4049,-11.0,10
4050,147.4000000000006,300
4051,-5.999999999999999,15
4052,137.10000000000062,300
4053,127.70000000000063,300
4054,133.00000000000068,300
4055,133.7000000000007,300
4056,136.10000000000062,300
4057,85.40000000000025,215
4058,132.60000000000062,300
4059,139.10000000000065,300
4060,146.00000000000065,300
4061,138.10000000000062,300
4062,133.5000000000007,300
4063,154.7000000000006,300
4064,136.20000000000064,300
4065,147.00000000000068,300
4066,121.3000000000007,300
4067,144.7000000000007,300
4068,115.20000000000057,275
4069,142.90000000000063,300
4070,141.10000000000062,300
4071,153.5000000000006,300
4072,146.90000000000066,300
4073,144.80000000000052,300
4074,147.60000000000056,300
4075,146.30000000000067,300
4076,143.30000000000067,300
4077,126.20000000000059,300
4078,145.00000000000065,300
4079,138.9000000000007,300
4080,64.49999999999997,160
4081,105.40000000000056,300
4082,133.00000000000065,300
4083,124.60000000000062,300
4084,129.4000000000007,300
4085,29.799999999999955,95
4086,138.6000000000006,300
4087,-6.8,20
4088,144.70000000000059,300
4089,139.50000000000054,300
4090,148.30000000000064,300
4091,146.1000000000006,300
4092,150.50000000000063,300
4093,139.90000000000066,300
4094,135.40000000000063,300
4095,138.3000000000007,300
4096,127.90000000000063,300
4097,140.80000000000067,300
4098,139.20000000000067,300
4099,139.90000000000063,300
4100,154.1000000000006,300
4101,147.50000000000057,300
4102,135.8000000000006,295
4103,135.90000000000066,300
4104,128.5000000000006,300
4105,150.10000000000068,300
4106,142.4000000000007,300
4107,151.10000000000062,300
4108,148.90000000000072,300
4109,-6.299999999999999,15
4110,125.40000000000049,300
4111,142.30000000000067,300
4112,15.099999999999978,70
4113,118.50000000000057,300
4114,75.70000000000023,210
4115,132.10000000000065,300
4116,69.20000000000016,190
4117,128.00000000000057,300
4118,20.99999999999997,70
4119,134.90000000000063,300
4120,141.40000000000057,300
4121,140.60000000000068,300
4122,133.90000000000074,300
4123,123.90000000000057,300
4124,139.40000000000063,300
4125,12.099999999999982,50
4126,132.20000000000067,300
4127,134.60000000000065,300
4128,130.70000000000067,300
4129,139.20000000000064,300
4130,151.10000000000062,300
4131,143.00000000000065,300
4132,77.50000000000016,190
4133,135.50000000000065,300
4134,137.00000000000068,300
4135,153.40000000000077,300
4136,146.00000000000068,300
4137,142.30000000000064,300
4138,142.00000000000063,300
4139,136.10000000000065,300
4140,138.90000000000063,300
4141,107.90000000000042,240
4142,144.2000000000006,300
4143,143.10000000000068,300
4144,145.50000000000048,300
4145,149.4000000000005,300
4146,105.60000000000042,240
4147,147.40000000000072,300
4148,136.00000000000065,300
4149,61.799999999999976,160
4150,145.60000000000065,300
4151,162.80000000000064,300
4152,21.79999999999997,80
4153,-6.9,20
4154,147.80000000000058,300
4155,-10.5,5
4156,155.40000000000052,300
4157,149.10000000000053,300
4158,153.10000000000065,300
4159,99.10000000000028,215
4160,148.7000000000006,300
4161,160.00000000000068,300
4162,149.9000000000006,300
4163,141.50000000000068,300
4164,135.70000000000067,300
4165,131.70000000000067,300
4166,148.30000000000067,300
4167,148.50000000000057,300
4168,150.8000000000006,300
4169,140.20000000000067,300
4170,99.30000000000032,235
4171,42.899999999999935,130
4172,133.10000000000065,300
4173,80.80000000000021,195
4174,30.999999999999936,95
4175,153.00000000000054,300
4176,129.30000000000067,300
4177,155.00000000000063,300
4178,138.70000000000067,300
4179,143.30000000000064,300
4180,139.2000000000006,300
4181,145.2000000000006,300
4182,143.7000000000006,300
4183,-1.0,40
4184,147.8000000000005,300
4185,-9.9,5
4186,145.4000000000007,300
4187,120.60000000000045,260
4188,150.00000000000063,300
4189,146.90000000000066,300
4190,100.90000000000035,215
4191,127.60000000000069,300
4192,147.6000000000006,300
4193,63.999999999999964,160
4194,88.40000000000026,220
4195,127.90000000000057,300
4196,24.499999999999957,75
4197,151.20000000000059,300
4198,143.90000000000055,300
4199,148.10000000000053,300
4200,-1.9000000000000004,20
4201,56.39999999999997,160
4202,94.70000000000039,240
4203,141.0000000000006,300
4204,123.90000000000057,300
4205,140.3000000000006,300
4206,6.100000000000003,40
4207,137.00000000000068,300
4208,4.300000000000004,40
4209,131.6000000000007,300
4210,147.8000000000006,300
4211,138.8000000000007,300
4212,145.70000000000064,300
4213,133.40000000000052,300
4214,148.00000000000045,300
4215,139.7000000000007,300
4216,143.30000000000067,300
4217,145.50000000000063,300
4218,136.50000000000065,300
4219,148.8000000000007,300
4220,146.4000000000007,300
4221,142.50000000000065,300
4222,46.599999999999966,130
4223,102.7000000000004,215
4224,136.70000000000076,300
4225,24.29999999999997,85
4226,125.30000000000068,300
4227,36.49999999999996,125
4228,133.20000000000064,300
4229,49.59999999999993,135
4230,27.199999999999974,95
4231,86.2000000000003,205
4232,23.099999999999973,70
4233,8.699999999999994,50
4234,-10.5,5
4235,138.8000000000007,300
4236,-8.9,10
4237,28.499999999999964,95
4238,131.10000000000068,300
4239,35.59999999999995,110
4240,139.00000000000068,300
4241,131.10000000000068,300
4242,134.70000000000067,300
4243,138.60000000000068,300
4244,137.50000000000068,300
4245,145.70000000000064,300
4246,134.70000000000067,300
4247,-10.5,5
4248,140.80000000000064,300
4249,140.2000000000006,300
4250,135.0000000000007,300
4251,144.10000000000068,300
4252,113.80000000000057,270
4253,148.60000000000068,300
4254,135.00000000000068,300
4255,133.9000000000007,300
4256,134.20000000000064,300
4257,131.9000000000007,300
4258,122.40000000000057,300
4259,124.50000000000067,300
4260,130.90000000000057,300
4261,129.7000000000006,300
4262,131.7000000000007,300
4263,123.70000000000059,300
4264,130.00000000000065,300
4265,82.40000000000023,210
4266,131.80000000000067,300
4267,122.5000000000006,300
4268,129.00000000000074,300
4269,131.90000000000066,300
4270,124.2000000000007,300
4271,126.60000000000066,300
4272,124.20000000000056,300
4273,113.60000000000056,300
4274,119.50000000000058,300
4275,126.40000000000067,300
4276,131.50000000000068,300
4277,127.8000000000006,300
4278,107.30000000000042,300
4279,122.00000000000061,300
4280,135.8000000000006,300
4281,109.4000000000005,300
4282,141.60000000000068,300
4283,135.1000000000006,300
4284,142.50000000000068,300
4285,145.90000000000066,300
4286,43.49999999999996,130
4287,150.60000000000062,300
4288,54.599999999999945,130
4289,141.7000000000006,300
4290,145.40000000000063,300
4291,98.2000000000004,235
4292,140.80000000000058,300
4293,110.50000000000057,270
4294,120.70000000000053,270
4295,140.00000000000068,300
4296,140.60000000000065,300
4297,76.30000000000018,190
4298,-10.5,5
4299,144.40000000000046,300
4300,141.20000000000064,300
4301,0.10000000000000142,15
4302,141.90000000000063,300
4303,136.30000000000067,300
4304,-10.5,5
4305,145.90000000000066,300
4306,144.10000000000065,300
4307,136.30000000000064,300
4308,123.30000000000067,295
4309,136.80000000000067,300
4310,-4.599999999999999,15
4311,144.60000000000065,300
4312,141.90000000000063,300
4313,136.2000000000007,300
4314,144.00000000000065,300
4315,-5.0,15
4316,143.2000000000006,300
4317,141.70000000000059,300
4318,143.3000000000006,300
4319,148.20000000000059,300
4320,151.3000000000006,300
4321,141.80000000000072,300
4322,138.60000000000065,300
4323,145.40000000000066,300
4324,135.4000000000007,300
4325,149.3000000000007,300
4326,141.4000000000007,300
4327,132.20000000000067,300
4328,141.20000000000067,300
4329,147.40000000000063,300
4330,0.40000000000000036,15
4331,97.20000000000041,235
4332,44.799999999999955,135
4333,-4.899999999999999,15
4334,145.3000000000007,300
4335,146.90000000000072,300
4336,119.60000000000059,295
4337,29.299999999999976,75
4338,-10.5,5
4339,144.20000000000056,300
4340,139.00000000000065,300
4341,143.9000000000006,300
4342,55.79999999999993,160
4343,132.80000000000067,300
4344,141.30000000000064,300
4345,135.80000000000067,300
4346,124.40000000000067,300
4347,114.20000000000067,300
4348,86.40000000000026,220
4349,119.50000000000065,300
4350,120.90000000000062,300
4351,-7.199999999999999,20
4352,73.20000000000022,220
4353,118.10000000000055,300
4354,115.7000000000007,300
4355,71.70000000000017,220
4356,127.20000000000063,300
4357,118.00000000000061,300
4358,125.20000000000059,300
4359,119.50000000000065,300
4360,130.50000000000057,300
4361,132.80000000000067,300
4362,122.80000000000067,300
4363,139.7000000000006,300
4364,125.50000000000058,300
4365,139.6000000000006,300
4366,129.70000000000064,300
4367,133.30000000000064,300
4368,123.50000000000057,300
4369,140.10000000000068,300
4370,128.9000000000006,300
4371,137.40000000000055,300
4372,124.40000000000059,300
4373,76.9000000000001,180
4374,129.20000000000067,300
4375,124.00000000000058,300
4376,124.20000000000061,300
4377,121.60000000000053,300
4378,144.10000000000065,300
4379,131.00000000000057,300
4380,133.80000000000055,300
4381,133.80000000000072,300
4382,126.5000000000007,300
4383,128.90000000000066,300
4384,123.90000000000057,300
4385,132.9000000000007,300
4386,137.10000000000065,300
4387,-9.9,5
4388,133.6000000000007,300
4389,135.40000000000066,300
4390,138.2000000000006,300
4391,143.30000000000072,300
4392,142.10000000000062,300
4393,121.10000000000066,300
4394,127.90000000000066,300
4395,135.7000000000006,300
4396,125.70000000000068,300
4397,125.20000000000066,300
4398,132.20000000000067,300
4399,135.60000000000065,300
4400,119.40000000000057,300
4401,-10.5,5
4402,130.80000000000058,300
4403,132.90000000000066,300
4404,135.60000000000065,300
4405,131.00000000000068,300
4406,80.90000000000023,215
4407,132.9000000000007,300
4408,139.8000000000006,300
4409,137.1000000000006,300
4410,124.20000000000057,300
4411,134.40000000000066,300
4412,124.20000000000063,300
4413,128.60000000000068,300
4414,135.70000000000064,300
4415,133.50000000000065,300
4416,51.499999999999936,125
4417,139.00000000000065,300
4418,133.00000000000065,300
4419,125.80000000000065,300
4420,89.50000000000027,240
4421,145.00000000000063,300
4422,135.4000000000006,300
4423,135.4000000000007,300
4424,142.50000000000068,300
4425,129.10000000000062,300
4426,-10.0,15
4427,130.70000000000067,300
4428,126.5000000000007,300
4429,126.70000000000071,300
4430,133.50000000000063,300
4431,147.9000000000006,300
4432,130.1000000000007,300
4433,131.50000000000068,300
4434,131.30000000000067,300
4435,127.0000000000007,300
4436,137.9000000000007,300
4437,137.40000000000066,300
4438,134.70000000000067,300
4439,141.2000000000006,300
4440,120.40000000000067,300
4441,129.10000000000068,300
4442,125.9000000000007,300
4443,127.20000000000071,300
4444,131.4000000000006,300
4445,133.90000000000057,300
4446,121.4000000000006,300
4447,120.30000000000068,300
4448,131.50000000000065,300
4449,138.10000000000062,300
4450,128.4000000000007,300
4451,127.0000000000006,300
4452,125.00000000000067,300
4453,134.70000000000067,300
4454,124.20000000000064,300
4455,126.8000000000006,300
4456,120.2000000000006,300
4457,111.80000000000058,300
4458,135.60000000000062,300
4459,119.40000000000063,300
4460,121.0000000000006,300
4461,125.30000000000061,300
4462,127.60000000000066,300
4463,116.10000000000053,300
4464,129.9000000000007,300
4465,120.8000000000006,300
4466,125.40000000000066,300
4467,123.00000000000057,300
4468,137.00000000000057,300
4469,117.10000000000065,300
4470,122.60000000000069,300
4471,137.7000000000006,300
4472,124.4000000000006,300
4473,130.9000000000007,300
4474,137.00000000000063,300
4475,123.00000000000061,300
4476,129.60000000000065,300
4477,130.60000000000068,300
4478,58.29999999999995,155
4479,127.7000000000007,300
4480,139.50000000000068,300
4481,136.9000000000007,300
4482,136.6000000000007,300
4483,144.00000000000063,300
4484,145.4000000000006,300
4485,141.60000000000062,300
4486,138.50000000000063,300
4487,143.40000000000077,300
4488,131.4000000000007,300
4489,134.10000000000065,300
4490,134.60000000000065,300
4491,141.30000000000064,300
4492,134.20000000000064,300
4493,126.30000000000061,300
4494,130.60000000000068,300
4495,116.80000000000058,270
4496,132.1000000000007,300
4497,135.40000000000063,300
4498,135.9000000000006,300
4499,139.2000000000006,300
4500,131.10000000000065,300
4501,141.5000000000006,300
4502,-10.0,15
4503,132.5000000000006,300
4504,134.50000000000065,300
4505,139.10000000000065,300
4506,130.70000000000067,300
4507,124.60000000000059,300
4508,134.00000000000068,300
4509,-7.299999999999999,15
4510,99.90000000000055,275
4511,120.60000000000059,300
4512,133.60000000000065,300
4513,135.30000000000067,300
4514,130.00000000000057,300
4515,128.9000000000006,300
4516,73.50000000000017,195
4517,135.20000000000059,300
4518,135.20000000000067,300
4519,129.80000000000067,300
4520,132.30000000000067,300
4521,137.10000000000062,300
4522,143.20000000000056,300
4523,135.70000000000067,300
4524,136.40000000000066,300
4525,131.20000000000067,300
4526,132.4000000000006,300
4527,147.8000000000006,300
4528,141.30000000000067,300
4529,147.9000000000007,300
4530,134.50000000000068,300
4531,142.90000000000063,300
4532,141.4000000000006,300
4533,126.60000000000066,300
4534,146.00000000000068,300
4535,104.2000000000004,240
4536,125.2000000000007,300
4537,145.20000000000059,300
4538,136.30000000000064,300
4539,147.40000000000063,300
4540,136.50000000000063,300
4541,137.3000000000006,300
4542,143.9000000000007,300
4543,133.30000000000067,300
4544,136.80000000000067,300
4545,146.7000000000006,300
4546,155.50000000000074,300
4547,147.90000000000057,300
4548,154.00000000000063,300
4549,129.1000000000006,300
4550,144.50000000000065,300
4551,150.9000000000006,300
4552,138.40000000000066,300
4553,153.9000000000007,300
4554,138.40000000000055,300
4555,139.00000000000065,300
4556,139.5000000000007,300
4557,136.40000000000066,300
4558,145.00000000000063,300
4559,27.299999999999947,95
4560,135.4000000000007,300
4561,143.00000000000048,300
4562,143.6000000000006,300
4563,-10.5,5
4564,143.4000000000007,300
4565,-0.1999999999999975,35
4566,149.10000000000065,300
4567,109.70000000000047,255
4568,130.2000000000007,295
4569,134.8000000000007,300
4570,144.60000000000065,300
4571,148.40000000000063,300
4572,150.0000000000006,300
4573,144.2000000000006,300
4574,155.00000000000068,300
4575,124.00000000000054,270
4576,152.70000000000067,300
4577,141.00000000000063,300
4578,150.60000000000062,300
4579,153.90000000000057,300
4580,147.70000000000053,300
4581,146.7000000000007,300
4582,142.60000000000062,300
4583,147.00000000000057,300
4584,148.7000000000006,300
4585,143.90000000000066,300
4586,147.50000000000065,300
4587,157.50000000000057,300
4588,7.000000000000002,35
4589,146.80000000000058,300
4590,148.60000000000068,300
4591,138.30000000000064,300
4592,48.19999999999995,135
4593,138.5000000000005,300
4594,151.20000000000059,300
4595,157.4000000000007,300
4596,149.90000000000063,300
4597,148.10000000000062,300
4598,75.40000000000019,160
4599,150.70000000000067,300
4600,142.5000000000006,300
4601,129.7000000000007,300
4602,161.50000000000054,300
4603,148.20000000000047,300
4604,138.6000000000007,300
4605,154.40000000000066,300
4606,143.50000000000074,300
4607,133.70000000000067,300
4608,18.699999999999974,75
4609,152.30000000000067,300
4610,140.90000000000066,300
4611,138.00000000000065,300
4612,25.99999999999997,75
4613,145.70000000000059,300
4614,144.40000000000055,300
4615,143.10000000000056,300
4616,139.10000000000065,300
4617,130.2000000000007,300
4618,146.90000000000063,300
4619,141.00000000000065,300
4620,128.70000000000067,300
4621,145.40000000000066,300
4622,127.00000000000065,300
4623,133.3000000000007,300
4624,31.79999999999994,130
4625,150.0000000000008,300
4626,133.90000000000066,300
4627,8.999999999999991,50
4628,133.00000000000068,300
4629,10.799999999999992,50
4630,142.00000000000063,300
4631,108.50000000000044,270
4632,74.10000000000021,190
4633,70.10000000000015,190
4634,5.9,50
4635,136.3000000000007,300
4636,85.60000000000034,250
4637,115.60000000000058,270
4638,43.0,130
4639,111.80000000000054,270
4640,104.80000000000054,270
4641,147.8000000000006,300
4642,129.50000000000068,300
4643,147.40000000000066,300
4644,132.10000000000068,300
4645,153.70000000000064,300
4646,149.1000000000006,300
4647,147.3000000000006,300
4648,140.30000000000064,300
4649,137.10000000000065,300
4650,144.10000000000068,300
4651,34.999999999999964,95
4652,147.60000000000062,300
4653,140.60000000000073,300
4654,106.50000000000037,235
4655,67.10000000000016,190
4656,78.20000000000017,185
4657,142.40000000000063,300
4658,148.1000000000007,300
4659,136.40000000000066,300
4660,148.4000000000006,300
4661,143.90000000000066,300
4662,77.00000000000018,185
4663,15.49999999999998,55
4664,135.50000000000068,300
4665,149.4000000000006,300
4666,140.10000000000068,300
4667,146.1000000000006,300
4668,144.80000000000064,300
4669,158.50000000000077,300
4670,150.10000000000068,300
4671,147.30000000000067,300
4672,145.00000000000063,300
4673,145.20000000000067,300
4674,149.90000000000055,300
4675,148.5000000000007,300
4676,151.10000000000062,300
4677,144.70000000000064,300
4678,150.30000000000064,300
4679,142.3000000000006,300
4680,143.3000000000006,300
4681,151.20000000000064,300
4682,145.50000000000063,300
4683,26.599999999999973,75
4684,153.10000000000053,300
4685,141.20000000000064,300
4686,150.6000000000005,300
4687,142.20000000000064,300
4688,134.50000000000065,300
4689,153.20000000000067,300
4690,146.80000000000064,300
4691,131.80000000000067,300
4692,-10.0,15
4693,124.30000000000064,300
4694,137.1000000000007,300
4695,112.90000000000059,275
4696,135.20000000000067,300
4697,3.799999999999999,35
4698,-4.999999999999998,35
4699,80.60000000000025,235
4700,13.499999999999973,75
4701,136.9000000000007,300
4702,118.1000000000006,300
4703,121.60000000000073,300
4704,117.50000000000058,275
4705,24.399999999999956,75
4706,130.50000000000068,300
4707,37.39999999999995,95
4708,133.90000000000066,300
4709,-4.8999999999999995,15
4710,137.60000000000062,300
4711,57.29999999999999,160
4712,54.19999999999994,140
4713,135.30000000000072,300
4714,140.10000000000056,300
4715,134.4000000000007,300
4716,139.5000000000007,300
4717,152.60000000000062,300
4718,137.20000000000064,300
4719,129.30000000000067,300
4720,136.70000000000067,300
4721,136.7000000000006,300
4722,76.10000000000011,160
4723,156.20000000000067,300
4724,134.3000000000007,300
4725,157.0000000000007,300
4726,135.50000000000057,300
4727,136.60000000000062,300
4728,137.20000000000064,300
4729,130.10000000000073,300
4730,140.20000000000064,300
4731,136.90000000000063,300
4732,134.20000000000064,300
4733,145.80000000000075,300
4734,57.90000000000003,130
4735,154.70000000000067,300
4736,150.9000000000006,300
4737,150.9000000000006,300
4738,144.4000000000006,300
4739,143.4000000000006,300
4740,151.2000000000007,300
4741,100.90000000000033,215
4742,151.90000000000072,300
4743,154.80000000000055,300
4744,167.60000000000068,300
4745,156.00000000000068,300
4746,165.3000000000007,300
4747,150.1000000000006,300
4748,141.60000000000065,300
4749,143.00000000000065,300
4750,156.60000000000076,300
4751,156.9000000000006,300
4752,160.20000000000067,300
4753,166.00000000000065,300
4754,153.20000000000059,300
4755,167.70000000000059,300
4756,60.79999999999996,155
4757,153.4000000000006,300
4758,161.90000000000066,300
4759,156.20000000000073,300
4760,157.50000000000057,300
4761,174.5000000000006,300
4762,59.399999999999984,155
4763,150.50000000000057,300
4764,160.70000000000067,300
4765,157.30000000000067,300
4766,152.20000000000056,300
4767,0.40000000000000036,15
4768,158.90000000000063,300
4769,160.50000000000065,300
4770,-6.199999999999999,20
4771,166.4000000000006,300
4772,137.70000000000053,275
4773,157.4000000000006,300
4774,155.40000000000057,300
4775,123.80000000000052,255
4776,172.60000000000076,300
4777,166.70000000000064,300
4778,178.0000000000007,300
4779,161.40000000000066,300
4780,153.10000000000062,300
4781,76.20000000000017,160
4782,161.80000000000067,300
4783,149.3000000000006,300
4784,161.00000000000057,300
4785,32.699999999999974,75
4786,152.40000000000057,300
4787,157.90000000000066,300
4788,3.0000000000000053,35
4789,161.60000000000062,300
4790,41.59999999999998,115
4791,153.40000000000077,300
4792,29.199999999999967,75
4793,143.2000000000006,300
4794,89.00000000000031,175
4795,157.60000000000065,300
4796,153.10000000000053,300
4797,147.90000000000063,300
4798,156.10000000000065,300
4799,153.0000000000006,300
4800,56.80000000000003,135
4801,147.5000000000006,300
4802,148.10000000000056,300
4803,128.50000000000054,285
4804,157.40000000000066,300
4805,157.10000000000042,300
4806,145.90000000000057,300
4807,144.9000000000006,300
4808,3.900000000000004,35
4809,151.20000000000064,300
4810,152.40000000000052,300
4811,14.299999999999992,50
4812,163.60000000000062,300
4813,156.20000000000073,300
4814,166.00000000000063,300
4815,160.90000000000072,300
4816,155.10000000000065,300
4817,161.70000000000056,300
4818,153.90000000000057,300
4819,149.20000000000059,300
4820,166.40000000000057,300
4821,157.70000000000064,300
4822,160.20000000000064,300
4823,144.90000000000063,300
4824,25.199999999999967,70
4825,151.00000000000065,300
4826,150.6000000000005,300
4827,152.10000000000065,300
4828,59.100000000000016,130
4829,159.70000000000073,300
4830,156.50000000000068,300
4831,152.00000000000054,300
4832,22.29999999999997,55
4833,149.10000000000056,300
4834,145.20000000000056,300
4835,155.9000000000006,300
4836,-4.599999999999997,20
4837,-8.7,20
4838,145.3000000000005,300
4839,148.4000000000007,300
4840,145.50000000000057,300
4841,155.70000000000064,300
4842,151.70000000000056,300
4843,149.5000000000007,300
4844,135.30000000000055,300
4845,141.70000000000064,300
4846,146.8000000000006,300
4847,137.60000000000073,300
4848,147.10000000000068,300
4849,-10.5,5
4850,144.10000000000056,300
4851,151.10000000000068,300
4852,131.10000000000068,300
4853,44.59999999999995,130
4854,140.50000000000063,300
4855,139.1000000000006,300
4856,128.20000000000056,270
4857,139.50000000000063,300
4858,8.299999999999999,50
4859,103.3000000000005,265
4860,130.60000000000068,300
4861,48.9,130
4862,9.499999999999991,50
4863,3.0,50
4864,134.30000000000052,300
4865,52.999999999999986,130
4866,113.60000000000062,270
4867,-10.5,5
4868,120.20000000000064,290
4869,134.90000000000063,300
4870,134.3000000000007,300
4871,26.099999999999966,70
4872,44.399999999999956,130
4873,143.6000000000006,300
4874,143.10000000000068,300
4875,142.80000000000064,300
4876,125.50000000000057,270
4877,140.10000000000062,300
4878,85.00000000000023,205
4879,-10.5,5
4880,158.9000000000006,300
4881,144.2000000000006,300
4882,155.20000000000064,300
4883,155.6000000000006,300
4884,154.40000000000066,300
4885,151.50000000000048,300
4886,92.30000000000028,215
4887,154.1000000000005,300
4888,142.9000000000007,300
4889,150.1000000000006,300
4890,139.90000000000057,300
4891,146.40000000000063,300
4892,163.8000000000006,300
4893,148.6000000000006,300
4894,149.70000000000073,300
4895,155.3000000000006,300
4896,142.4000000000007,300
4897,159.30000000000064,300
4898,153.1000000000006,300
4899,156.40000000000063,300
4900,157.6000000000007,300
4901,140.90000000000066,300
4902,155.40000000000063,300
4903,154.50000000000063,300
4904,156.70000000000073,300
4905,157.30000000000055,300
4906,151.80000000000058,300
4907,140.30000000000067,300
4908,152.00000000000054,300
4909,149.70000000000056,300
4910,149.60000000000056,300
4911,158.20000000000056,300
4912,159.60000000000065,300
4913,155.20000000000053,300
4914,160.20000000000067,300
4915,145.50000000000063,300
4916,157.2000000000006,300
4917,157.1000000000006,300
4918,-3.8999999999999986,15
4919,155.2000000000006,300
4920,154.10000000000065,300
4921,161.9000000000006,300
4922,142.3000000000006,300
4923,149.40000000000057,300
4924,145.20000000000067,300
4925,144.30000000000052,300
4926,151.60000000000065,300
4927,148.50000000000065,300
4928,142.90000000000063,300
4929,95.4000000000003,215
4930,154.8000000000007,300
4931,153.30000000000067,300
4932,150.40000000000066,300
4933,154.90000000000066,300
4934,162.2000000000006,300
4935,159.40000000000057,300
4936,148.00000000000063,300
4937,153.90000000000066,300
4938,154.0000000000006,300
4939,128.10000000000048,295
4940,155.20000000000064,300
4941,160.10000000000068,300
4942,53.59999999999996,115
4943,156.30000000000067,300
4944,158.20000000000067,300
4945,133.9000000000007,300
4946,141.60000000000068,300
4947,151.10000000000056,300
4948,100.30000000000031,215
4949,150.50000000000063,300
4950,145.60000000000056,300
4951,163.60000000000076,300
4952,113.40000000000047,215
4953,153.1000000000006,300
4954,162.50000000000054,300
4955,157.40000000000063,300
4956,155.2000000000006,300
4957,150.3000000000006,300
4958,152.90000000000066,300
4959,94.60000000000035,185
4960,152.60000000000062,300
4961,166.20000000000064,300
4962,63.89999999999997,155
4963,142.00000000000065,300
4964,156.30000000000064,300
4965,152.8000000000006,300
4966,148.30000000000058,300
4967,136.40000000000057,300
4968,151.50000000000057,300
4969,154.20000000000059,300
4970,66.50000000000003,160
4971,125.00000000000065,300
4972,-3.599999999999998,20
4973,133.50000000000063,300
4974,135.70000000000059,300
4975,130.50000000000065,300
4976,142.50000000000068,300
4977,25.699999999999974,100
4978,150.7000000000006,300
4979,117.70000000000067,300
4980,121.70000000000061,300
4981,148.2000000000006,300
4982,149.40000000000063,300
4983,152.2000000000006,300
4984,145.9000000000007,300
4985,149.70000000000067,300
4986,34.499999999999964,100
4987,157.20000000000064,300
4988,147.30000000000055,300
4989,150.7000000000006,300
4990,147.30000000000058,300
4991,142.80000000000055,300
4992,145.30000000000064,300
4993,145.50000000000063,300
4994,139.20000000000064,300
4995,140.00000000000065,300
4996,157.20000000000056,300
4997,149.6000000000006,300
4998,147.4000000000006,300
4999,141.90000000000057,300
5000,146.8000000000006,300
