episode,reward,steps
1,-9.3,20
2,-12.0,20
3,-4.499999999999999,15
4,-10.5,5
5,-11.5,15
6,-8.9,10
7,-6.5,20
8,-12.5,25
9,-4.299999999999999,20
10,-11.5,15
11,-6.799999999999999,10
12,-12.0,20
13,-9.6,5
14,-10.5,5
15,-4.899999999999996,20
16,-12.5,25
17,-10.5,5
18,-12.5,25
19,-11.0,10
20,-10.1,20
21,1.1000000000000014,15
22,-11.0,10
23,-9.0,40
24,-1.4999999999999982,35
25,-8.5,45
26,-11.0,10
27,-6.6,20
28,-7.699999999999999,20
29,-10.5,20
30,-11.0,10
31,-10.5,5
32,-11.0,10
33,-10.299999999999999,15
34,-9.299999999999999,5
35,-9.6,20
36,-1.3999999999999986,20
37,-11.5,15
38,-7.199999999999999,20
39,-10.5,5
40,-11.0,10
41,-11.5,15
42,-9.799999999999999,10
43,-5.3,15
44,-9.799999999999999,10
45,-12.0,20
46,-1.1999999999999975,20
47,-10.0,15
48,-12.5,25
49,-5.5,15
50,-12.0,20
51,-10.5,5
52,-10.5,5
53,-11.5,15
54,-9.9,20
55,-10.5,20
56,-10.5,5
57,-11.1,20
58,-11.0,10
59,-0.5,20
60,-10.5,5
61,-10.5,5
62,-0.3999999999999986,20
63,-11.0,10
64,-10.5,5
65,-4.899999999999993,25
66,-11.0,10
67,-10.5,5
68,-6.9,15
69,-5.8,10
70,0.8000000000000043,30
71,-0.3999999999999986,35
72,-11.0,10
73,-11.0,10
74,-10.5,5
75,-3.3999999999999986,10
76,-6.399999999999995,30
77,-10.5,5
78,-11.0,10
79,-8.5,10
80,-11.8,30
81,-11.0,10
82,-11.1,20
83,-10.5,5
84,-11.0,10
85,-10.5,5
86,-11.3,25
87,-10.5,5
88,-6.5,5
89,-11.5,15
90,-6.6,20
91,-12.0,20
92,-10.799999999999999,20
93,-12.0,20
94,-11.4,20
95,-10.7,10
96,0.1000000000000032,65
97,-9.299999999999999,15
98,2.799999999999999,20
99,-12.5,25
100,-7.199999999999999,25
101,-9.3,15
102,7.599999999999982,45
103,-10.0,25
104,-12.0,20
105,-5.499999999999999,10
106,-11.5,15
107,-13.0,30
108,-10.1,10
109,-10.0,15
110,-5.499999999999996,20
111,-5.299999999999999,15
112,-11.5,15
113,-10.5,5
114,-10.299999999999999,15
115,-11.0,10
116,-11.0,10
117,-10.5,5
118,-10.5,5
119,-10.5,5
120,-8.100000000000001,45
121,-7.299999999999999,15
122,-9.5,10
123,-1.9999999999999982,15
124,-9.9,20
125,-11.0,10
126,-11.0,10
127,-0.29999999999999716,15
128,-10.5,5
129,-10.5,5
130,-11.5,15
131,-11.0,10
132,-6.399999999999999,15
133,-10.5,5
134,-8.3,15
135,-5.399999999999999,15
136,-12.0,20
137,-10.4,10
138,2.1000000000000014,20
139,-10.5,5
140,-9.299999999999999,5
141,-10.1,10
142,-9.4,10
143,-7.199999999999999,5
144,-6.5,5
145,-4.199999999999997,20
146,-6.6,20
147,-5.1,10
148,-10.5,5
149,-6.5,10
150,-9.4,15
151,-9.3,20
152,-8.6,5
153,-9.9,5
154,-11.0,10
155,-7.699999999999999,10
156,-11.0,10
157,-9.299999999999999,15
158,-10.0,15
159,4.900000000000006,50
160,-13.0,30
161,-11.5,15
162,-6.5,5
163,13.699999999999987,40
164,-10.0,15
165,-11.5,15
166,-10.5,5
167,-10.5,5
168,-4.999999999999999,20
169,-5.699999999999999,20
170,-10.5,5
171,-11.0,10
172,-10.9,30
173,-3.0999999999999943,35
174,-8.500000000000002,30
175,-11.5,15
176,-11.1,20
177,-12.0,20
178,2.9000000000000075,40
179,-11.7,20
180,-9.6,5
181,-8.8,15
182,-10.5,5
183,-12.5,25
184,-9.299999999999999,5
185,-10.5,5
186,-11.4,20
187,-10.5,5
188,-10.5,5
189,-11.0,10
190,-9.9,5
191,-11.5,15
192,-10.5,5
193,-9.6,15
194,-4.699999999999999,15
195,-11.0,10
196,-7.499999999999998,30
197,-2.399999999999997,20
198,-11.0,10
199,-7.6,10
200,-8.3,15
201,-2.6999999999999984,15
202,-12.4,30
203,-0.8999999999999986,35
204,-12.5,25
205,-9.799999999999999,10
206,-10.5,5
207,-10.5,5
208,-11.5,15
209,3.5,20
210,-10.5,5
211,-10.5,5
212,-10.5,5
213,-7.8,15
214,-0.899999999999995,35
215,-10.5,5
216,1.0000000000000018,40
217,-10.8,20
218,-10.5,5
219,-11.0,10
220,-10.1,10
221,-11.0,10
222,-8.2,5
223,-7.6,10
224,-10.299999999999999,15
225,-4.099999999999999,10
226,-10.5,5
227,-10.6,15
228,-10.5,5
229,-11.5,15
230,-11.5,15
231,-11.5,15
232,-7.099999999999999,20
233,-10.5,5
234,-11.0,10
235,-10.7,10
236,-10.5,5
237,-10.5,5
238,-11.0,10
239,-10.5,5
240,-11.5,15
241,-8.9,5
242,-8.5,30
243,-12.5,25
244,0.7000000000000028,20
245,-4.299999999999994,25
246,-9.299999999999999,15
247,-10.5,5
248,-11.5,15
249,-9.1,10
250,-9.299999999999999,5
251,-11.5,15
252,-6.499999999999996,30
253,-10.6,15
254,-7.1,20
255,-11.0,10
256,-11.0,10
257,-10.9,15
258,-4.899999999999993,25
259,3.200000000000003,20
260,-6.1,10
261,-10.5,5
262,-10.5,5
263,-4.999999999999994,25
264,-10.5,5
265,-6.099999999999999,20
266,1.1000000000000014,15
267,-4.099999999999998,15
268,-6.5,5
269,-11.2,15
270,-9.6,15
271,-10.5,5
272,-10.7,10
273,-10.7,25
274,-8.3,20
275,-3.6999999999999993,15
276,-11.5,15
277,-7.8999999999999995,5
278,10.099999999999978,50
279,-10.5,5
280,3.5000000000000036,20
281,-10.5,20
282,-10.5,5
283,-11.3,25
284,-10.5,5
285,-10.5,5
286,-2.3999999999999986,15
287,-10.5,5
288,-11.5,15
289,-10.5,5
290,-8.8,15
291,-6.499999999999998,15
292,2.200000000000003,20
293,-0.6999999999999993,20
294,-10.5,5
295,-10.5,5
296,0.6000000000000032,20
297,-6.399999999999997,25
298,-7.4,20
299,-4.399999999999999,10
300,-11.0,10
301,-10.799999999999999,20
302,-11.5,15
303,-10.5,5
304,-12.5,25
305,-12.5,25
306,-10.5,5
307,-2.099999999999998,20
308,-6.599999999999994,30
309,-10.5,5
310,-10.5,5
311,-11.0,10
312,-11.5,15
313,-10.5,5
314,-10.5,5
315,-11.0,10
316,-10.5,5
317,-11.0,10
318,-10.5,5
319,-11.0,10
320,-1.5999999999999979,20
321,-10.5,5
322,-10.5,5
323,-10.5,5
324,-3.1999999999999957,20
325,-10.2,20
326,-5.8,20
327,-10.7,10
328,-10.5,5
329,-7.5,20
330,-12.700000000000001,30
331,-11.0,10
332,11.799999999999992,50
333,-2.7999999999999954,20
334,-10.5,5
335,-11.0,10
336,-11.0,10
337,-10.5,5
338,-11.2,15
339,17.09999999999995,85
340,-10.5,5
341,-7.8999999999999995,5
342,-12.4,30
343,-7.8999999999999995,5
344,-12.5,25
345,4.200000000000005,35
346,-4.3,20
347,-10.5,5
348,-9.3,15
349,-0.5999999999999996,35
350,-4.6,20
351,-5.999999999999999,35
352,-1.2999999999999972,20
353,3.200000000000003,20
354,-10.5,5
355,-9.299999999999999,15
356,-0.79999999999999,40
357,-5.9999999999999964,25
358,-8.2,20
359,-1.3000000000000007,30
360,-5.6,20
361,-7.1,10
362,-11.5,15
363,-11.0,10
364,-9.5,10
365,-10.5,5
366,-11.0,10
367,-9.9,25
368,6.999999999999991,70
369,-11.5,15
370,11.999999999999984,35
371,-10.5,5
372,-7.500000000000002,30
373,-11.0,10
374,-10.5,5
375,-9.7,10
376,-11.1,20
377,1.8000000000000025,15
378,-7.199999999999999,5
379,-10.5,5
380,-10.5,5
381,2.8000000000000007,35
382,-11.0,10
383,-5.1,10
384,-10.9,30
385,-11.0,10
386,-10.5,5
387,-11.0,10
388,-11.0,10
389,-11.2,15
390,-10.9,15
391,-10.5,5
392,-3.799999999999998,15
393,-10.5,5
394,-6.1999999999999975,20
395,-10.5,5
396,-6.399999999999999,15
397,-11.0,10
398,-13.0,30
399,-1.3999999999999986,20
400,-11.0,10
401,-10.299999999999999,15
402,-9.2,5
403,-12.5,25
404,-11.0,10
405,0.9000000000000021,20
406,-11.0,10
407,-11.0,10
408,-10.2,5
409,-12.0,20
410,-10.0,15
411,-11.0,10
412,-1.9999999999999964,20
413,-10.2,5
414,7.000000000000002,20
415,-10.5,5
416,11.299999999999988,35
417,-11.4,20
418,-11.0,10
419,-1.6999999999999993,20
420,-11.5,15
421,-11.0,10
422,-10.7,10
423,-9.6,25
424,-10.2,5
425,-1.9999999999999982,15
426,-11.0,10
427,-9.9,5
428,2.200000000000003,20
429,-9.6,15
430,-9.5,20
431,-11.0,10
432,0.9000000000000021,35
433,-6.1,20
434,-10.5,5
435,-10.5,5
436,-8.5,10
437,-10.5,5
438,-10.5,5
439,-10.5,5
440,-13.0,30
441,-2.1999999999999975,20
442,-7.0,10
443,-11.0,10
444,-10.1,10
445,-10.5,5
446,-3.5999999999999988,15
447,12.799999999999981,50
448,-4.799999999999999,10
449,-3.299999999999999,20
450,8.399999999999993,35
451,-5.799999999999999,10
452,-10.5,5
453,-4.699999999999998,15
454,-1.6999999999999993,15
455,-10.5,5
456,-10.5,5
457,-11.2,15
458,-1.5999999999999996,15
459,-6.1,35
460,-10.5,5
461,-10.5,5
462,-6.899999999999999,20
463,-10.5,5
464,-3.1999999999999984,20
465,-12.5,25
466,-10.5,5
467,-9.9,5
468,-12.0,20
469,-13.0,30
470,-8.9,20
471,17.19999999999999,45
472,-7.199999999999999,5
473,5.1,35
474,-4.199999999999999,20
475,-10.5,5
476,-10.1,10
477,-6.199999999999999,20
478,-11.0,10
479,-1.2999999999999972,20
480,-11.0,10
481,-11.0,10
482,-11.0,10
483,-0.9999999999999982,15
484,-10.5,5
485,-9.6,5
486,-7.499999999999999,10
487,0.40000000000000036,20
488,-5.999999999999998,20
489,-4.499999999999997,20
490,-5.1999999999999975,20
491,-3.299999999999998,35
492,-8.2,5
493,-10.5,5
494,-2.6999999999999984,15
495,-1.1999999999999993,20
496,-10.6,30
497,-12.0,20
498,-10.5,5
499,-10.5,5
500,5.600000000000005,20
501,-4.599999999999999,15
502,2.5000000000000036,20
503,-7.900000000000001,45
504,-7.5,15
505,-10.2,5
506,-10.5,5
507,3.700000000000003,50
508,-0.20000000000000107,20
509,-4.599999999999996,20
510,-10.5,5
511,-8.6,15
512,-10.2,5
513,-8.4,15
514,-4.399999999999996,20
515,-11.0,10
516,-10.5,5
517,-12.2,25
518,-11.0,10
519,-10.5,5
520,-10.2,30
521,-10.5,5
522,-11.5,15
523,-10.5,5
524,-10.5,5
525,1.4000000000000004,20
526,-6.5,5
527,-12.5,25
528,-3.4999999999999982,20
529,-8.2,10
530,-8.400000000000002,30
531,-10.4,20
532,-5.699999999999999,15
533,-11.5,15
534,-7.199999999999999,10
535,-7.499999999999999,20
536,-5.799999999999995,20
537,-9.3,20
538,-8.900000000000002,50
539,-10.4,10
540,-10.5,5
541,-4.299999999999994,25
542,-5.0,35
543,-11.1,20
544,-11.5,15
545,-0.8999999999999986,15
546,19.89999999999997,50
547,-10.5,5
548,-10.3,25
549,-10.5,5
550,3.5,20
551,-9.299999999999999,15
552,-9.7,15
553,-11.5,15
554,-4.199999999999997,20
555,-9.9,5
556,-10.9,15
557,-7.499999999999999,15
558,-10.9,15
559,3.5,20
560,-2.2999999999999954,35
561,5.800000000000001,45
562,9.599999999999982,40
563,-11.4,20
564,-10.5,5
565,-0.5,20
566,-7.5,30
567,-9.7,15
568,-6.699999999999997,25
569,-11.7,20
570,-10.5,5
571,-11.5,15
572,-8.4,15
573,-9.5,10
574,-10.5,5
575,-5.6999999999999975,15
576,-9.299999999999999,5
577,-6.9,15
578,-11.0,10
579,-11.5,15
580,-3.5999999999999943,30
581,-8.6,15
582,-12.0,20
583,-11.0,10
584,-5.2,20
585,-7.8999999999999995,5
586,-8.4,20
587,-10.799999999999999,20
588,-8.6,5
589,-6.1,20
590,-1.6999999999999993,15
591,-0.9999999999999982,15
592,-0.8999999999999968,20
593,-10.5,5
594,1.1000000000000014,15
595,-6.2999999999999945,25
596,-7.199999999999999,5
597,1.5,40
598,-10.5,5
599,-10.5,5
600,-10.5,5
601,2.0000000000000018,35
602,-10.299999999999999,15
603,-5.799999999999995,20
604,-4.099999999999995,25
605,-8.2,10
606,-10.5,5
607,-1.9999999999999982,20
608,-11.4,20
609,-4.499999999999999,20
610,-10.5,5
611,-9.5,10
612,-2.899999999999994,30
613,4.900000000000002,20
614,12.999999999999988,35
615,-10.5,5
616,-9.4,10
617,-11.0,10
618,-9.4,20
619,2.5000000000000036,15
620,-11.0,10
621,-6.8,20
622,-12.5,25
623,-10.1,10
624,-2.6999999999999975,15
625,-2.799999999999998,20
626,-8.1,15
627,-11.4,30
628,-0.29999999999999893,15
629,-2.799999999999999,20
630,-11.0,10
631,-9.9,5
632,-11.5,15
633,-11.0,10
634,-12.700000000000001,30
635,-3.1999999999999984,20
636,-12.5,25
637,-10.5,5
638,-10.5,5
639,3.5000000000000018,20
640,-10.7,10
641,-7.1,20
642,-10.9,15
643,-11.5,15
644,5.799999999999999,50
645,-9.9,5
646,-6.200000000000001,35
647,5.6,25
648,-2.6999999999999984,20
649,-10.5,5
650,-11.0,10
651,-10.5,5
652,-11.5,15
653,-10.5,5
654,-0.5,20
655,4.600000000000003,20
656,-11.5,15
657,1.8000000000000025,20
658,-10.5,5
659,-10.5,5
660,-11.5,15
661,-5.999999999999999,20
662,-11.5,15
663,-11.0,10
664,-9.9,5
665,-10.8,20
666,-10.5,5
667,-10.5,5
668,-2.599999999999998,15
669,-9.9,5
670,4.900000000000004,20
671,-11.0,10
672,0.9000000000000021,20
673,-11.0,10
674,-11.5,15
675,1.8000000000000025,15
676,-10.5,5
677,-4.799999999999999,15
678,-10.5,5
679,-10.5,5
680,-10.2,5
681,-0.7999999999999989,20
682,-0.9999999999999982,15
683,-10.5,5
684,-9.5,10
685,-10.5,5
686,-10.1,25
687,-10.5,5
688,-10.9,15
689,-11.5,15
690,-5.299999999999996,20
691,-1.6999999999999975,15
692,-10.5,5
693,-11.5,15
694,-10.2,15
695,12.999999999999966,85
696,-11.0,10
697,-11.5,15
698,-7.099999999999999,30
699,-11.0,10
700,-8.9,10
701,-9.2,15
702,14.099999999999989,45
703,0.1000000000000032,20
704,1.8000000000000025,20
705,1.200000000000001,30
706,0.10000000000000142,15
707,-3.3999999999999986,15
708,-6.299999999999998,20
709,-11.5,15
710,-1.5999999999999996,15
711,-11.0,10
712,-11.0,10
713,-9.9,5
714,-0.9000000000000021,20
715,-4.699999999999999,20
716,-7.8999999999999995,5
717,-10.5,5
718,-10.1,10
719,-2.299999999999997,15
720,-1.1999999999999975,20
721,-4.299999999999999,15
722,-0.7999999999999972,20
723,-3.9999999999999982,15
724,-9.799999999999999,10
725,-4.399999999999999,15
726,-7.3999999999999995,15
727,-10.5,5
728,-2.3999999999999986,20
729,3.5000000000000036,20
730,1.8000000000000025,20
731,-11.0,10
732,-10.5,5
733,9.999999999999998,35
734,-12.0,20
735,-7.6,10
736,0.1000000000000032,20
737,-11.0,10
738,-5.799999999999999,20
739,-10.7,10
740,-0.4999999999999982,20
741,-10.2,5
742,-3.499999999999999,40
743,-10.5,5
744,-11.1,30
745,-7.8999999999999995,5
746,-0.9999999999999982,15
747,-11.4,20
748,-11.0,10
749,-3.299999999999998,20
750,-11.0,10
751,8.499999999999995,40
752,-10.5,5
753,-5.199999999999998,20
754,-10.9,15
755,-2.3999999999999977,15
756,-1.0,15
757,-10.5,5
758,-8.1,10
759,-2.299999999999999,15
760,1.200000000000001,20
761,4.400000000000002,40
762,-5.8999999999999995,15
763,-10.5,5
764,-12.0,20
765,-3.299999999999999,15
766,-4.799999999999999,10
767,2.6000000000000068,35
768,-11.0,10
769,6.3000000000000025,20
770,5.600000000000003,20
771,-0.7000000000000028,20
772,-10.9,15
773,-7.8999999999999995,15
774,-11.7,20
775,-11.0,10
776,-1.1000000000000014,45
777,-11.0,10
778,2.8000000000000007,20
779,-8.1,25
780,-2.2999999999999963,20
781,-1.8999999999999986,15
782,-10.7,25
783,-4.399999999999997,50
784,-9.9,5
785,4.099999999999998,40
786,-11.0,10
787,-11.0,10
788,-9.6,20
789,0.6999999999999993,20
790,-5.599999999999999,20
791,0.40000000000000036,20
792,-12.5,25
793,-10.5,5
794,-8.7,15
795,-11.0,10
796,-11.2,15
797,2.5000000000000036,20
798,-10.6,15
799,-8.9,20
800,-10.5,5
801,-10.7,10
802,0.5,20
803,-10.5,5
804,-11.5,15
805,-12.0,20
806,-0.9000000000000021,20
807,-11.0,10
808,-11.0,10
809,-10.5,5
810,-9.2,5
811,4.200000000000005,20
812,1.1000000000000014,15
813,5.799999999999995,35
814,-3.299999999999989,45
815,-1.299999999999999,15
816,-11.5,15
817,-0.7999999999999972,20
818,1.1000000000000014,15
819,-7.799999999999999,30
820,-11.5,15
821,-2.3999999999999977,15
822,-11.5,15
823,-2.1999999999999975,20
824,0.8000000000000007,40
825,-1.599999999999996,25
826,-10.5,5
827,-9.6,5
828,-2.3999999999999986,20
829,5.600000000000003,20
830,-9.4,15
831,-9.6,5
832,-10.9,15
833,-11.0,10
834,-8.400000000000002,30
835,5.8000000000000025,45
836,2.100000000000003,20
837,-0.3000000000000007,35
838,6.3000000000000025,20
839,-8.9,10
840,-6.5,5
841,-11.0,10
842,-11.5,15
843,-0.40000000000000036,45
844,-7.199999999999999,10
845,-11.0,10
846,-11.5,15
847,-11.5,15
848,-11.0,10
849,-10.9,15
850,4.900000000000002,20
851,-3.2999999999999936,45
852,1.9000000000000021,20
853,1.1000000000000032,15
854,-6.899999999999999,10
855,-10.8,20
856,29.09999999999998,65
857,-6.3999999999999995,20
858,-11.5,15
859,-10.5,5
860,-11.1,20
861,-1.9999999999999982,15
862,-0.29999999999999893,25
863,-11.0,10
864,-6.899999999999996,30
865,-0.9999999999999982,15
866,-10.5,5
867,-11.5,15
868,-11.0,10
869,-11.0,10
870,-11.5,15
871,2.9000000000000004,30
872,-10.5,5
873,5.600000000000005,40
874,-10.9,15
875,7.899999999999993,35
876,4.200000000000003,20
877,-10.4,10
878,-6.5,5
879,-0.899999999999995,25
880,0.9000000000000021,20
881,-0.3999999999999986,20
882,-10.6,15
883,12.599999999999982,40
884,-10.5,5
885,-11.0,10
886,4.299999999999999,45
887,-10.5,5
888,-6.799999999999995,30
889,-12.5,25
890,-11.0,10
891,-11.2,30
892,1.8000000000000025,15
893,13.799999999999974,85
894,-10.5,5
895,-11.0,10
896,-10.5,5
897,-9.2,20
898,-10.5,5
899,-1.8999999999999986,20
900,-1.1999999999999993,20
901,-11.5,15
902,-10.5,5
903,-10.5,5
904,-6.799999999999999,10
905,4.200000000000005,20
906,-9.9,5
907,0.7000000000000028,20
908,-10.5,5
909,-10.5,5
910,0.5000000000000071,35
911,-11.9,25
912,12.699999999999983,35
913,4.000000000000007,35
914,-11.0,10
915,-11.0,10
916,-1.6999999999999993,20
917,-8.6,15
918,-1.9999999999999982,15
919,6.3000000000000025,20
920,-10.1,20
921,-5.899999999999998,25
922,-11.2,15
923,-11.5,15
924,-10.5,5
925,-10.5,5
926,10.299999999999995,45
927,-9.7,20
928,4.600000000000003,20
929,-12.5,25
930,-11.0,10
931,2.1000000000000014,20
932,5.600000000000003,20
933,-10.5,5
934,-6.199999999999994,30
935,-8.6,5
936,-11.5,15
937,-11.0,10
938,-7.799999999999999,10
939,-10.5,5
940,-10.5,5
941,-8.7,15
942,-4.6999999999999975,20
943,8.79999999999997,50
944,-10.5,5
945,-2.399999999999997,20
946,-5.099999999999999,10
947,2.9999999999999982,35
948,-7.499999999999998,30
949,-11.0,10
950,2.600000000000003,20
951,-1.4999999999999982,15
952,-11.2,15
953,0.6000000000000032,20
954,2.000000000000007,45
955,-11.0,10
956,-10.5,5
957,-6.699999999999999,10
958,-11.2,15
959,-7.4,15
960,4.000000000000007,40
961,-11.5,15
962,-0.7999999999999989,20
963,6.799999999999992,45
964,2.900000000000004,20
965,-0.5999999999999979,15
966,-10.5,5
967,24.29999999999999,50
968,1.8000000000000025,20
969,-9.799999999999999,10
970,-9.6,5
971,-8.9,5
972,-10.5,5
973,-9.299999999999999,5
974,-9.9,5
975,-4.3999999999999995,20
976,-9.299999999999999,5
977,-11.5,15
978,-0.29999999999999893,15
979,-11.5,15
980,4.900000000000004,20
981,1.200000000000001,20
982,14.199999999999987,35
983,-11.5,15
984,6.6,30
985,2.900000000000004,20
986,-4.099999999999998,20
987,-1.0000000000000018,20
988,-11.9,25
989,-0.3999999999999986,20
990,-9.7,15
991,-10.4,10
992,-11.0,10
993,-2.5999999999999988,15
994,-10.5,5
995,-11.0,10
996,0.40000000000000213,15
997,-7.7,10
998,-9.799999999999999,10
999,25.500000000000007,65
1000,-10.5,5
1001,-10.5,5
1002,-2.3999999999999986,20
1003,-0.20000000000000107,20
1004,-10.5,5
1005,3.900000000000004,20
1006,5.600000000000005,20
1007,-11.0,10
1008,-11.0,10
1009,-10.7,10
1010,2.900000000000004,20
1011,15.299999999999985,35
1012,-1.9999999999999982,10
1013,-5.099999999999999,20
1014,-11.0,10
1015,3.5000000000000036,20
1016,-12.0,20
1017,4.900000000000004,20
1018,0.8000000000000007,20
1019,-7.699999999999999,10
1020,-3.1999999999999984,15
1021,-9.6,5
1022,-10.4,10
1023,-8.6,5
1024,1.5999999999999996,30
1025,-8.9,5
1026,-5.399999999999999,20
1027,-11.0,10
1028,-4.199999999999996,20
1029,-5.3,15
1030,-2.3999999999999977,15
1031,-8.9,20
1032,-0.29999999999999893,15
1033,3.5000000000000018,20
1034,-10.5,5
1035,-11.0,10
1036,1.4000000000000004,20
1037,-6.699999999999999,20
1038,-11.0,10
1039,-10.5,5
1040,0.5000000000000036,35
1041,-11.0,10
1042,-0.5999999999999979,15
1043,-10.5,5
1044,1.8999999999999968,40
1045,0.1999999999999993,20
1046,-2.9999999999999982,15
1047,4.700000000000003,45
1048,-8.5,10
1049,9.200000000000001,35
1050,-10.1,10
1051,0.1999999999999993,25
1052,-11.0,10
1053,-12.2,25
1054,-2.099999999999998,20
1055,-11.0,10
1056,-2.1999999999999984,20
1057,14.19999999999999,35
1058,2.1000000000000014,20
1059,-10.2,5
1060,-3.1999999999999957,20
1061,1.0000000000000018,25
1062,-0.5999999999999943,25
1063,-10.5,5
1064,-2.7999999999999954,30
1065,-12.5,25
1066,-10.5,5
1067,-11.5,15
1068,-7.699999999999999,15
1069,-6.999999999999998,25
1070,14.899999999999983,45
1071,4.200000000000003,20
1072,-11.0,10
1073,-12.5,25
1074,-12.5,25
1075,-5.299999999999999,15
1076,-11.0,10
1077,2.8000000000000007,20
1078,0.40000000000000036,15
1079,7.000000000000002,20
1080,-11.5,15
1081,-1.1999999999999993,20
1082,-1.0,15
1083,2.5000000000000036,20
1084,-10.5,5
1085,-0.3000000000000007,20
1086,-10.5,5
1087,-10.5,5
1088,-10.5,5
1089,6.899999999999993,35
1090,-4.399999999999998,15
1091,-7.7,10
1092,-11.5,15
1093,-12.0,20
1094,-10.5,5
1095,-11.5,15
1096,-8.2,15
1097,11.39999999999999,40
1098,0.5000000000000018,20
1099,0.8000000000000025,20
1100,2.100000000000003,20
1101,24.39999999999999,65
1102,-6.699999999999999,15
1103,13.399999999999975,50
1104,-10.5,5
1105,-0.8999999999999986,20
1106,-11.5,15
1107,-4.099999999999999,20
1108,-10.5,5
1109,30.79999999999996,90
1110,14.899999999999983,45
1111,-5.499999999999999,10
1112,1.5000000000000018,20
1113,0.40000000000000213,15
1114,-0.5999999999999996,15
1115,5.600000000000003,20
1116,-10.5,5
1117,-12.0,20
1118,-10.5,20
1119,-11.0,10
1120,3.5,20
1121,2.599999999999998,35
1122,-7.199999999999999,5
1123,3.200000000000001,20
1124,-8.6,5
1125,-11.2,15
1126,-0.5,20
1127,11.099999999999993,30
1128,1.8000000000000025,20
1129,-10.5,5
1130,12.599999999999989,35
1131,-11.0,10
1132,-10.2,5
1133,12.999999999999988,40
1134,-9.9,20
1135,-3.9999999999999964,20
1136,-12.5,25
1137,-11.0,10
1138,1.1000000000000032,15
1139,6.100000000000007,35
1140,0.7000000000000028,20
1141,-8.2,5
1142,-0.4999999999999982,20
1143,6.3000000000000025,20
1144,-10.5,5
1145,-5.699999999999999,15
1146,-11.9,25
1147,-11.5,15
1148,5.300000000000004,20
1149,17.99999999999998,50
1150,15.599999999999989,50
1151,-9.4,15
1152,2.900000000000002,20
1153,-5.3999999999999995,20
1154,-10.5,5
1155,-11.0,10
1156,-11.5,15
1157,-11.0,10
1158,-3.3999999999999986,10
1159,-0.40000000000000036,35
1160,0.40000000000000213,20
1161,-9.9,5
1162,-11.0,10
1163,4.900000000000002,20
1164,6.3000000000000025,20
1165,-5.199999999999993,25
1166,-10.5,5
1167,-10.5,5
1168,-9.5,10
1169,-10.5,5
1170,-2.9999999999999982,20
1171,-8.6,5
1172,16.799999999999983,50
1173,-1.0999999999999979,20
1174,17.89999999999997,50
1175,18.399999999999977,45
1176,-1.3999999999999986,20
1177,-10.9,15
1178,-7.4,10
1179,-12.5,25
1180,-10.5,5
1181,3.5000000000000018,20
1182,2.100000000000003,20
1183,-11.0,10
1184,-11.0,10
1185,16.899999999999977,45
1186,-8.299999999999999,15
1187,-10.5,5
1188,-4.399999999999999,20
1189,12.799999999999981,40
1190,2.600000000000003,20
1191,1.9000000000000021,20
1192,7.000000000000002,20
1193,-11.0,10
1194,-11.0,10
1195,-5.3999999999999995,10
1196,6.3000000000000025,20
1197,-10.5,5
1198,-10.5,5
1199,-1.1999999999999975,20
1200,-7.6,20
1201,-11.0,10
1202,18.59999999999998,40
1203,-2.1999999999999984,15
1204,-0.5999999999999996,20
1205,0.5,20
1206,-2.599999999999998,20
1207,14.399999999999986,45
1208,2.600000000000003,20
1209,-11.5,15
1210,-1.5999999999999996,20
1211,-0.4999999999999982,20
1212,-10.4,10
1213,0.40000000000000213,15
1214,-3.3999999999999986,15
1215,-10.5,5
1216,-1.9999999999999982,15
1217,10.699999999999983,40
1218,-11.4,20
1219,-0.9999999999999982,15
1220,2.100000000000003,20
1221,-3.1999999999999984,20
1222,10.299999999999995,35
1223,-2.8999999999999986,15
1224,-0.8999999999999986,20
1225,-7.499999999999999,10
1226,-9.8,45
1227,-1.4000000000000004,20
1228,9.899999999999975,70
1229,-11.5,15
1230,0.20000000000000107,20
1231,-12.5,25
1232,-11.0,10
1233,-13.0,30
1234,-9.0,20
1235,1.8000000000000025,15
1236,4.299999999999994,45
1237,11.899999999999993,70
1238,-10.5,5
1239,-11.5,15
1240,-2.9999999999999982,20
1241,-10.5,5
1242,0.20000000000000284,20
1243,-9.0,15
1244,-12.5,25
1245,11.799999999999985,45
1246,-11.5,15
1247,-3.3999999999999986,10
1248,-10.5,5
1249,-11.5,15
1250,-0.3000000000000007,50
1251,-2.4999999999999964,20
1252,4.900000000000002,40
1253,-11.0,10
1254,-11.0,10
1255,-10.5,5
1256,12.89999999999999,35
1257,-7.399999999999993,45
1258,-4.099999999999999,15
1259,-11.5,15
1260,0.9000000000000021,20
1261,13.199999999999973,45
1262,-4.099999999999999,10
1263,-10.5,5
1264,-5.3,15
1265,-10.6,15
1266,17.799999999999976,65
1267,-12.5,25
1268,-11.5,15
1269,1.2000000000000028,20
1270,-11.0,10
1271,-7.199999999999999,5
1272,7.499999999999995,35
1273,-10.5,5
1274,-10.5,5
1275,-7.299999999999999,15
1276,-10.5,5
1277,11.299999999999985,40
1278,-8.5,20
1279,-10.5,5
1280,-13.0,30
1281,6.3000000000000025,20
1282,-10.5,5
1283,-1.9999999999999982,25
1284,1.3000000000000025,20
1285,-10.5,5
1286,0.600000000000005,20
1287,-3.299999999999999,20
1288,-11.0,10
1289,-2.6999999999999984,15
1290,14.999999999999984,45
1291,-0.7999999999999989,20
1292,-10.9,15
1293,-10.5,5
1294,24.999999999999993,65
1295,5.899999999999988,35
1296,-13.0,30
1297,2.100000000000003,20
1298,-11.0,10
1299,-4.199999999999999,20
1300,15.999999999999977,45
1301,-9.9,5
1302,-9.9,5
1303,38.19999999999999,65
1304,4.600000000000003,20
1305,21.799999999999976,50
1306,-8.4,15
1307,2.900000000000002,20
1308,23.29999999999999,45
1309,-1.4999999999999982,20
1310,-1.8999999999999986,15
1311,7.9,40
1312,-10.9,15
1313,20.29999999999997,50
1314,3.2000000000000046,20
1315,29.10000000000001,65
1316,-6.5,5
1317,-3.099999999999995,20
1318,-1.299999999999999,20
1319,0.8000000000000007,20
1320,-4.099999999999999,20
1321,20.199999999999974,45
1322,2.8000000000000007,20
1323,-3.3999999999999986,20
1324,-14.5,45
1325,2.5000000000000036,15
1326,9.899999999999993,40
1327,-10.5,5
1328,-11.0,10
1329,-1.5,20
1330,-11.0,10
1331,-11.0,10
1332,24.79999999999999,65
1333,-10.5,5
1334,-11.0,10
1335,2.0999999999999996,20
1336,1.8000000000000025,15
1337,-7.499999999999999,30
1338,-9.4,10
1339,-4.7999999999999945,25
1340,4.900000000000004,20
1341,16.299999999999983,35
1342,-10.4,10
1343,-10.5,5
1344,2.9999999999999982,35
1345,-11.5,15
1346,-11.0,10
1347,6.3000000000000025,20
1348,30.49999999999998,65
1349,0.6000000000000032,20
1350,-9.6,5
1351,0.20000000000000107,20
1352,2.900000000000002,20
1353,-11.0,10
1354,-11.0,10
1355,-11.0,10
1356,-2.4999999999999982,20
1357,15.899999999999979,45
1358,-11.5,15
1359,-1.9999999999999982,45
1360,-11.0,10
1361,28.999999999999986,70
1362,-7.699999999999999,15
1363,-10.5,5
1364,-10.5,5
1365,-6.6,15
1366,-8.9,5
1367,3.200000000000003,20
1368,-10.5,5
1369,-2.599999999999996,20
1370,-11.0,10
1371,21.799999999999976,45
1372,13.599999999999989,35
1373,-11.0,10
1374,14.699999999999976,50
1375,28.79999999999996,50
1376,7.000000000000002,20
1377,-10.5,5
1378,2.900000000000004,20
1379,4.900000000000004,20
1380,4.200000000000005,20
1381,2.100000000000003,20
1382,-10.5,5
1383,-10.1,10
1384,-11.0,10
1385,-10.5,5
1386,-8.6,5
1387,32.79999999999997,70
1388,15.199999999999987,50
1389,31.899999999999963,50
1390,7.000000000000002,20
1391,-11.0,10
1392,2.900000000000002,20
1393,21.299999999999976,45
1394,7.6,40
1395,-10.5,5
1396,12.799999999999988,35
1397,-12.5,25
1398,26.69999999999998,50
1399,2.200000000000003,20
1400,9.599999999999982,65
1401,2.900000000000002,20
1402,15.099999999999993,35
1403,-11.0,10
1404,-5.0,15
1405,-10.5,5
1406,15.599999999999985,35
1407,-13.0,30
1408,-12.700000000000001,30
1409,-10.1,10
1410,-3.3999999999999986,15
1411,8.999999999999998,45
1412,0.7000000000000011,20
1413,1.400000000000004,20
1414,9.49999999999998,45
1415,-10.5,5
1416,-11.0,10
1417,-11.0,10
1418,-1.4999999999999982,15
1419,0.8000000000000025,20
1420,-11.5,15
1421,5.600000000000003,20
1422,9.799999999999992,35
1423,-11.0,10
1424,-5.7,20
1425,-11.5,15
1426,2.100000000000003,20
1427,1.1000000000000014,15
1428,-11.5,15
1429,41.499999999999964,70
1430,-0.5,20
1431,10.899999999999975,45
1432,-12.5,25
1433,13.399999999999986,40
1434,-12.5,25
1435,19.299999999999976,50
1436,-11.0,10
1437,17.099999999999973,50
1438,6.3000000000000025,20
1439,9.699999999999962,65
1440,-10.5,5
1441,12.499999999999988,35
1442,41.79999999999999,105
1443,-11.2,15
1444,-11.0,10
1445,-11.0,10
1446,19.199999999999974,50
1447,-10.5,5
1448,13.699999999999983,40
1449,-10.5,5
1450,3.5000000000000018,20
1451,7.39999999999999,50
1452,-5.299999999999999,20
1453,-11.0,10
1454,-8.9,5
1455,-11.0,10
1456,-3.6999999999999975,15
1457,-9.799999999999999,10
1458,-10.5,5
1459,-11.0,10
1460,-10.5,5
1461,-10.5,5
1462,-10.1,10
1463,21.89999999999997,50
1464,7.000000000000002,20
1465,-10.4,10
1466,-10.5,5
1467,-1.1999999999999975,20
1468,14.699999999999987,45
1469,-11.0,10
1470,-10.2,5
1471,2.8000000000000007,20
1472,3.200000000000001,20
1473,-11.0,10
1474,20.29999999999994,70
1475,2.8000000000000025,20
1476,-10.5,5
1477,-8.9,15
1478,-10.5,5
1479,-1.4999999999999982,20
1480,-10.5,5
1481,27.399999999999963,50
1482,-12.2,25
1483,1.1000000000000032,15
1484,-10.4,10
1485,-6.5,5
1486,-11.0,10
1487,-10.5,5
1488,-10.5,5
1489,-7.0,10
1490,-4.099999999999999,10
1491,-10.5,5
1492,26.69999999999996,60
1493,-1.1999999999999975,15
1494,22.199999999999974,50
1495,-10.5,5
1496,20.399999999999963,65
1497,-12.5,25
1498,15.399999999999986,40
1499,13.399999999999983,40
1500,-10.5,5
1501,-0.7999999999999989,20
1502,2.0000000000000036,35
1503,-7.4,10
1504,1.6000000000000032,20
1505,4.900000000000004,20
1506,-10.5,5
1507,-10.5,5
1508,-12.5,25
1509,-7.8999999999999995,5
1510,14.39999999999999,35
1511,-10.5,5
1512,-10.5,5
1513,-10.5,5
1514,21.89999999999997,45
1515,-11.0,10
1516,-11.5,15
1517,-11.0,10
1518,5.799999999999997,40
1519,-7.0,20
1520,-11.0,10
1521,-3.799999999999998,15
1522,-10.5,5
1523,-10.5,5
1524,25.99999999999997,45
1525,-12.0,20
1526,5.700000000000005,35
1527,-10.5,5
1528,-10.5,5
1529,-10.5,5
1530,-4.599999999999995,25
1531,6.7999999999999705,50
1532,-3.6999999999999975,40
1533,-10.5,5
1534,-1.6999999999999975,15
1535,15.499999999999973,45
1536,1.3999999999999986,20
1537,-11.5,15
1538,1.1000000000000032,15
1539,-8.3,20
1540,-11.0,10
1541,-10.5,5
1542,2.5000000000000036,15
1543,14.699999999999987,40
1544,19.199999999999974,40
1545,22.49999999999997,45
1546,29.099999999999966,50
1547,-10.2,5
1548,32.79999999999998,65
1549,15.999999999999984,35
1550,-9.9,5
1551,30.299999999999983,70
1552,-10.5,5
1553,-11.0,10
1554,-12.5,25
1555,-3.4999999999999973,20
1556,1.9000000000000021,20
1557,16.999999999999986,45
1558,-5.3,15
1559,-11.0,10
1560,-4.699999999999999,20
1561,-10.5,5
1562,21.49999999999998,40
1563,-10.5,5
1564,3.900000000000002,20
1565,8.599999999999985,35
1566,-11.2,30
1567,1.3000000000000025,20
1568,-7.199999999999999,5
1569,19.799999999999983,50
1570,22.99999999999998,50
1571,-0.29999999999999716,20
1572,-10.5,5
1573,-10.5,5
1574,13.799999999999988,50
1575,-7.499999999999999,10
1576,-11.0,10
1577,38.499999999999986,65
1578,2.600000000000003,20
1579,38.699999999999996,70
1580,4.400000000000006,40
1581,-0.5999999999999979,15
1582,3.3000000000000043,20
1583,18.899999999999984,50
1584,4.900000000000004,20
1585,-10.5,5
1586,7.000000000000002,20
1587,25.29999999999997,50
1588,8.399999999999983,40
1589,-10.1,10
1590,-12.5,25
1591,11.599999999999993,35
1592,-10.5,5
1593,-11.0,10
1594,-11.0,10
1595,-2.8999999999999986,20
1596,-10.5,5
1597,6.3000000000000025,20
1598,13.699999999999983,40
1599,16.099999999999973,45
1600,-10.5,5
1601,-10.5,5
1602,4.900000000000002,20
1603,-5.299999999999999,20
1604,-2.9999999999999947,25
1605,7.1,35
1606,16.399999999999984,50
1607,10.89999999999999,40
1608,-0.1999999999999975,20
1609,19.399999999999977,50
1610,26.89999999999997,50
1611,2.5,20
1612,-10.5,5
1613,-9.9,20
1614,-10.5,5
1615,-10.5,5
1616,4.600000000000003,20
1617,1.8000000000000007,20
1618,1.1000000000000032,20
1619,25.29999999999997,50
1620,-10.5,5
1621,-12.5,25
1622,-5.1,15
1623,-12.5,25
1624,-11.0,10
1625,28.89999999999997,50
1626,0.9000000000000039,20
1627,-10.5,5
1628,1.5,20
1629,17.69999999999999,35
1630,7.000000000000002,20
1631,-1.9999999999999982,10
1632,-4.499999999999998,15
1633,12.89999999999999,35
1634,-0.4999999999999982,20
1635,12.999999999999984,40
1636,34.59999999999998,65
1637,-11.5,15
1638,-11.0,10
1639,-5.3999999999999995,35
1640,38.29999999999998,70
1641,-1.3999999999999986,20
1642,15.299999999999985,40
1643,-11.5,15
1644,-10.5,5
1645,1.8000000000000025,15
1646,-10.9,15
1647,-14.5,45
1648,27.799999999999976,50
1649,-12.0,20
1650,-11.0,10
1651,-11.0,10
1652,12.799999999999978,40
1653,17.19999999999998,40
1654,-10.5,5
1655,1.6000000000000032,35
1656,-10.5,5
1657,16.999999999999964,65
1658,-11.0,10
1659,-10.5,5
1660,35.99999999999998,70
1661,5.600000000000005,20
1662,11.499999999999991,35
1663,-11.0,10
1664,21.699999999999953,65
1665,-0.9000000000000004,20
1666,1.8000000000000007,20
1667,-11.5,15
1668,-10.5,5
1669,-11.5,15
1670,-11.0,10
1671,-10.5,5
1672,-4.799999999999999,10
1673,3.5000000000000036,20
1674,0.9000000000000021,20
1675,-1.9999999999999982,15
1676,37.999999999999986,70
1677,-11.5,15
1678,-10.5,5
1679,-1.299999999999999,15
1680,-0.29999999999999893,15
1681,10.599999999999989,65
1682,-11.5,15
1683,23.199999999999974,50
1684,-10.5,5
1685,20.09999999999998,45
1686,17.59999999999998,50
1687,30.499999999999964,50
1688,-10.5,5
1689,-10.5,5
1690,-9.9,5
1691,-8.600000000000001,25
1692,-0.5999999999999979,20
1693,-5.799999999999997,25
1694,-11.0,10
1695,33.8,70
1696,15.599999999999989,35
1697,49.29999999999996,70
1698,21.79999999999997,50
1699,3.5000000000000018,20
1700,0.20000000000000284,20
1701,-11.0,10
1702,11.19999999999999,35
1703,32.79999999999995,85
1704,38.999999999999986,65
1705,25.599999999999973,50
1706,-10.5,5
1707,41.999999999999964,70
1708,-7.0,20
1709,23.499999999999993,50
1710,-8.3,15
1711,-1.5999999999999979,30
1712,-11.5,15
1713,1.9000000000000021,20
1714,32.599999999999994,65
1715,14.999999999999952,90
1716,4.600000000000003,20
1717,4.900000000000004,20
1718,-10.4,10
1719,4.200000000000003,20
1720,-10.2,5
1721,-11.0,10
1722,-11.0,10
1723,30.499999999999964,50
1724,-10.5,5
1725,-10.5,5
1726,-10.5,5
1727,2.600000000000003,20
1728,18.99999999999998,50
1729,-11.5,15
1730,-12.5,25
1731,-1.0000000000000018,15
1732,-11.5,15
1733,-11.0,10
1734,-9.4,10
1735,14.699999999999976,50
1736,-6.5,5
1737,4.200000000000001,20
1738,0.40000000000000213,15
1739,-12.0,20
1740,2.8000000000000043,20
1741,20.49999999999998,45
1742,-10.5,5
1743,-12.0,20
1744,18.799999999999983,40
1745,-10.5,5
1746,2.8000000000000025,20
1747,-10.5,5
1748,2.5000000000000036,20
1749,-10.5,5
1750,-5.8,10
1751,27.699999999999974,50
1752,5.600000000000005,20
1753,16.999999999999986,35
1754,32.39999999999996,70
1755,-10.299999999999999,15
1756,-11.0,10
1757,-10.2,5
1758,0.20000000000000107,20
1759,30.49999999999998,65
1760,-12.5,25
1761,15.399999999999983,45
1762,1.5,20
1763,-8.4,20
1764,22.199999999999974,50
1765,2.9999999999999947,35
1766,36.79999999999998,70
1767,-11.0,10
1768,-11.5,15
1769,34.7,90
1770,-3.5999999999999988,15
1771,14.39999999999999,45
1772,-1.0999999999999979,20
1773,1.8000000000000025,15
1774,37.799999999999976,70
1775,27.09999999999998,50
1776,-10.5,5
1777,11.599999999999971,65
1778,30.400000000000006,70
1779,15.599999999999985,35
1780,-4.099999999999999,20
1781,-4.3999999999999995,20
1782,-6.1,20
1783,-7.5,10
1784,-11.0,10
1785,-8.6,5
1786,18.399999999999984,35
1787,-10.2,5
1788,30.499999999999957,65
1789,2.600000000000003,20
1790,-10.5,5
1791,-10.4,25
1792,-10.7,10
1793,2.5000000000000018,20
1794,26.49999999999997,50
1795,-1.299999999999999,15
1796,-9.6,15
1797,-10.5,5
1798,-2.799999999999999,40
1799,-11.5,15
1800,-1.9999999999999982,10
1801,1.8000000000000025,15
1802,1.5000000000000036,20
1803,25.099999999999994,70
1804,39.999999999999964,70
1805,-11.0,10
1806,-12.5,25
1807,-10.5,5
1808,28.099999999999987,60
1809,5.600000000000005,20
1810,-0.1999999999999975,15
1811,26.29999999999997,50
1812,-11.0,10
1813,-11.5,15
1814,52.599999999999966,85
1815,-10.9,15
1816,24.299999999999983,70
1817,23.89999999999997,50
1818,3.200000000000001,20
1819,-10.1,10
1820,-9.6,5
1821,-9.6,5
1822,25.299999999999983,45
1823,-7.8,45
1824,13.89999999999999,45
1825,-9.799999999999999,10
1826,8.499999999999998,30
1827,27.69999999999999,70
1828,36.59999999999997,65
1829,-1.6999999999999993,20
1830,-0.9000000000000004,20
1831,25.39999999999997,50
1832,1.2000000000000028,20
1833,1.6000000000000032,20
1834,19.19999999999994,70
1835,-9.6,5
1836,4.900000000000002,20
1837,43.799999999999976,70
1838,-0.4999999999999982,20
1839,-1.2999999999999972,15
1840,-3.799999999999998,20
1841,-0.1999999999999993,20
1842,-11.0,10
1843,5.600000000000003,20
1844,-11.0,10
1845,2.900000000000002,20
1846,3.600000000000003,20
1847,-0.1999999999999993,20
1848,-9.4,10
1849,-10.5,5
1850,2.600000000000003,20
1851,39.699999999999974,70
1852,12.89999999999999,35
1853,-11.5,15
1854,5.600000000000005,20
1855,20.599999999999973,50
1856,11.199999999999987,40
1857,17.09999999999998,45
1858,-10.5,5
1859,-8.2,15
1860,46.19999999999996,65
1861,3.5000000000000018,20
1862,37.89999999999997,90
1863,2.200000000000001,20
1864,-12.5,25
1865,0.9000000000000021,20
1866,3.5000000000000036,20
1867,-10.2,5
1868,-10.5,5
1869,37.99999999999997,65
1870,24.29999999999997,50
1871,-11.5,15
1872,5.600000000000003,20
1873,-1.5999999999999979,35
1874,47.99999999999994,70
1875,1.1000000000000032,20
1876,41.999999999999964,70
1877,-5.199999999999999,20
1878,-11.0,10
1879,5.300000000000004,20
1880,35.49999999999998,65
1881,50.69999999999997,70
1882,-0.7000000000000011,20
1883,-10.5,5
1884,12.499999999999991,35
1885,6.3000000000000025,20
1886,31.39999999999995,85
1887,21.799999999999976,50
1888,25.999999999999964,50
1889,24.999999999999986,50
1890,-5.099999999999999,20
1891,13.599999999999989,35
1892,-10.5,5
1893,-0.3999999999999986,20
1894,21.09999999999998,45
1895,23.19999999999998,50
1896,27.79999999999997,50
1897,12.299999999999985,40
1898,48.99999999999995,65
1899,13.799999999999988,50
1900,2.200000000000001,20
1901,10.299999999999995,35
1902,2.900000000000004,20
1903,6.799999999999995,35
1904,14.999999999999988,40
1905,-10.5,5
1906,-9.299999999999999,15
1907,10.999999999999995,45
1908,-10.5,5
1909,-8.0,15
1910,34.20000000000001,70
1911,24.99999999999997,50
1912,-11.0,10
1913,-2.799999999999999,20
1914,4.900000000000004,20
1915,16.199999999999974,45
1916,7.399999999999993,40
1917,-10.5,5
1918,18.799999999999976,45
1919,7.89999999999999,50
1920,4.900000000000002,20
1921,6.3000000000000025,20
1922,-11.0,10
1923,3.900000000000002,20
1924,44.89999999999997,70
1925,12.299999999999985,40
1926,38.799999999999955,70
1927,-10.5,5
1928,11.199999999999987,40
1929,-10.5,5
1930,-7.299999999999999,15
1931,10.399999999999975,45
1932,3.5000000000000036,20
1933,3.600000000000003,20
1934,-10.5,5
1935,13.599999999999975,40
1936,-0.3999999999999986,20
1937,2.200000000000001,20
1938,-10.9,15
1939,-10.5,5
1940,0.20000000000000817,70
1941,3.5000000000000036,20
1942,20.599999999999973,50
1943,28.39999999999997,50
1944,4.600000000000003,20
1945,11.999999999999995,35
1946,0.9000000000000021,20
1947,-8.0,15
1948,-11.0,10
1949,24.299999999999976,45
1950,-9.6,5
1951,48.99999999999995,70
1952,-0.3999999999999986,20
1953,-10.5,5
1954,1.900000000000004,20
1955,27.39999999999997,50
1956,-11.0,10
1957,41.09999999999996,70
1958,-11.0,10
1959,26.99999999999997,50
1960,20.399999999999977,45
1961,-10.5,5
1962,6.3000000000000025,20
1963,-0.29999999999999893,15
1964,4.200000000000003,20
1965,-10.5,5
1966,-11.0,10
1967,-12.5,25
1968,10.99999999999996,65
1969,-11.0,10
1970,3.900000000000002,20
1971,18.09999999999998,50
1972,-4.8999999999999995,15
1973,2.1000000000000014,20
1974,45.49999999999993,90
1975,20.19999999999998,50
1976,34.89999999999994,90
1977,21.99999999999998,45
1978,23.99999999999997,45
1979,39.39999999999996,70
1980,4.900000000000002,20
1981,-7.199999999999999,5
1982,-5.8,10
1983,39.999999999999936,90
1984,-12.5,25
1985,1.1000000000000014,15
1986,0.10000000000000142,15
1987,-10.5,5
1988,-9.6,5
1989,15.099999999999989,50
1990,44.19999999999995,90
1991,16.59999999999998,45
1992,25.99999999999997,50
1993,30.199999999999967,50
1994,1.9000000000000021,20
1995,13.299999999999992,35
1996,25.99999999999998,50
1997,-1.9999999999999982,20
1998,-12.5,25
1999,-0.8999999999999968,20
2000,2.100000000000003,20
2001,-11.5,15
2002,-10.5,5
2003,26.299999999999983,50
2004,1.6999999999999993,35
2005,-10.5,5
2006,24.599999999999973,45
2007,4.900000000000002,20
2008,-8.899999999999999,15
2009,2.3000000000000025,20
2010,17.599999999999973,50
2011,46.89999999999997,75
2012,-3.699999999999992,30
2013,40.09999999999996,70
2014,-11.0,10
2015,27.099999999999966,50
2016,25.599999999999966,50
2017,0.3999999999999986,20
2018,-12.5,25
2019,5.600000000000003,20
2020,25.99999999999998,45
2021,-12.5,25
2022,14.89999999999999,35
2023,-3.3999999999999977,15
2024,55.1,85
2025,36.59999999999998,65
2026,-10.2,5
2027,-7.8999999999999995,5
2028,0.6000000000000014,20
2029,-1.799999999999999,20
2030,25.99999999999997,45
2031,-0.4999999999999982,20
2032,19.39999999999997,50
2033,17.999999999999986,45
2034,19.199999999999974,50
2035,-9.9,5
2036,-10.5,5
2037,32.09999999999996,65
2038,-0.3000000000000007,20
2039,-8.6,5
2040,46.899999999999956,70
2041,42.39999999999996,70
2042,-9.299999999999999,5
2043,16.69999999999998,40
2044,21.199999999999974,45
2045,43.399999999999984,85
2046,25.99999999999997,45
2047,-1.6999999999999993,20
2048,29.399999999999984,65
2049,31.199999999999967,50
2050,56.6,90
2051,31.09999999999998,65
2052,-5.3,15
2053,26.99999999999997,50
2054,-5.799999999999999,20
2055,14.999999999999988,40
2056,-10.6,15
2057,24.99999999999997,50
2058,22.499999999999957,65
2059,28.099999999999973,50
2060,22.199999999999974,50
2061,20.199999999999974,45
2062,2.0999999999999996,20
2063,23.09999999999998,50
2064,40.299999999999976,65
2065,-11.0,10
2066,25.59999999999998,70
2067,30.79999999999997,85
2068,-12.5,25
2069,-12.5,25
2070,-10.5,5
2071,-12.5,25
2072,54.9,85
2073,-11.5,15
2074,24.49999999999998,65
2075,5.600000000000005,20
2076,0.5,20
2077,0.8000000000000007,20
2078,17.399999999999984,35
2079,5.300000000000004,20
2080,23.899999999999977,50
2081,-10.5,5
2082,46.19999999999996,70
2083,-4.3999999999999995,10
2084,51.59999999999993,90
2085,38.19999999999999,65
2086,13.599999999999985,40
2087,5.300000000000004,20
2088,-11.0,10
2089,-2.599999999999998,15
2090,5.600000000000005,20
2091,-10.5,5
2092,-10.5,5
2093,34.39999999999996,65
2094,-11.5,15
2095,23.99999999999997,50
2096,-10.5,5
2097,0.5000000000000036,20
2098,-0.1999999999999975,15
2099,15.499999999999984,45
2100,-11.0,10
2101,-9.9,5
2102,9.399999999999979,40
2103,35.99999999999997,85
2104,0.9000000000000021,20
2105,20.699999999999967,45
2106,-11.0,10
2107,24.999999999999964,50
2108,-10.5,5
2109,2.200000000000001,20
2110,-1.9999999999999982,10
2111,0.8000000000000025,20
2112,47.49999999999997,100
2113,24.99999999999998,50
2114,-9.5,10
2115,7.000000000000002,20
2116,4.000000000000002,40
2117,54.39999999999997,105
2118,-11.0,10
2119,-0.9999999999999964,20
2120,6.3000000000000025,20
2121,34.199999999999974,65
2122,-11.0,10
2123,-10.5,5
2124,46.19999999999997,70
2125,1.1000000000000032,20
2126,49.39999999999995,70
2127,-10.5,5
2128,39.6,70
2129,-10.5,5
2130,24.699999999999946,65
2131,-10.5,5
2132,-10.5,5
2133,49.99999999999995,70
2134,-0.29999999999999716,20
2135,3.900000000000004,20
2136,-0.7999999999999989,20
2137,29.499999999999964,50
2138,1.1000000000000014,15
2139,2.5000000000000036,20
2140,-10.5,5
2141,-11.0,10
2142,-10.5,5
2143,-10.5,5
2144,27.799999999999976,50
2145,44.79999999999993,85
2146,5.600000000000005,20
2147,5.300000000000004,20
2148,-9.9,5
2149,12.799999999999988,35
2150,55.69999999999997,90
2151,29.599999999999987,70
2152,2.5000000000000036,20
2153,-9.9,5
2154,24.99999999999998,50
2155,-11.0,10
2156,4.600000000000003,20
2157,-1.4999999999999982,20
2158,-9.6,5
2159,-11.0,10
2160,38.39999999999997,70
2161,-11.0,10
2162,27.79999999999997,50
2163,-8.5,10
2164,39.89999999999997,70
2165,7.000000000000002,20
2166,18.69999999999998,40
2167,1.9000000000000021,20
2168,47.59999999999996,85
2169,20.99999999999997,45
2170,13.399999999999986,40
2171,23.599999999999973,45
2172,-10.5,5
2173,13.69999999999999,35
2174,13.299999999999985,35
2175,22.199999999999946,65
2176,-4.399999999999999,15
2177,-11.0,10
2178,37.09999999999995,65
2179,43.29999999999996,70
2180,-10.5,5
2181,10.199999999999994,35
2182,-11.5,15
2183,-11.5,15
2184,4.200000000000001,20
2185,1.1000000000000014,15
2186,37.79999999999993,90
2187,47.59999999999995,70
2188,9.999999999999984,40
2189,-0.7999999999999989,20
2190,23.599999999999973,45
2191,24.99999999999998,45
2192,4.200000000000003,20
2193,3.900000000000002,20
2194,29.49999999999997,50
2195,72.50000000000007,110
2196,-10.2,5
2197,3.5000000000000018,20
2198,1.200000000000001,20
2199,28.099999999999973,50
2200,-11.0,10
2201,-10.5,5
2202,11.89999999999999,40
2203,16.999999999999986,35
2204,12.899999999999986,35
2205,21.899999999999977,45
2206,-4.699999999999999,20
2207,5.600000000000005,20
2208,-2.9999999999999973,20
2209,17.89999999999997,50
2210,31.899999999999963,50
2211,4.900000000000004,20
2212,-10.5,5
2213,-12.5,25
2214,19.49999999999998,45
2215,-11.5,15
2216,12.999999999999988,35
2217,24.99999999999997,45
2218,-10.5,5
2219,32.3,70
2220,38.59999999999999,70
2221,22.099999999999966,85
2222,2.200000000000003,20
2223,0.40000000000000036,15
2224,-10.5,5
2225,-11.0,10
2226,28.799999999999976,50
2227,33.299999999999976,65
2228,3.6999999999999975,35
2229,16.899999999999984,45
2230,12.19999999999999,50
2231,26.39999999999997,45
2232,17.299999999999983,40
2233,67.00000000000018,145
2234,39.39999999999999,70
2235,14.099999999999982,50
2236,-10.5,5
2237,-10.5,5
2238,20.99999999999998,50
2239,48.99999999999994,70
2240,-11.0,10
2241,-2.1999999999999975,20
2242,30.499999999999964,50
2243,-10.0,15
2244,5.600000000000005,20
2245,-11.0,10
2246,-10.5,5
2247,18.19999999999999,65
2248,38.799999999999976,70
2249,36.89999999999999,65
2250,0.20000000000000462,30
2251,61.50000000000001,95
2252,66.70000000000007,100
2253,30.199999999999967,50
2254,36.999999999999986,70
2255,1.2000000000000028,20
2256,-4.199999999999993,30
2257,30.89999999999997,50
2258,5.600000000000005,20
2259,3.200000000000001,20
2260,-13.0,30
2261,31.299999999999955,70
2262,76.00000000000014,125
2263,2.900000000000002,20
2264,-10.5,5
2265,-4.099999999999999,10
2266,-11.0,10
2267,5.600000000000005,20
2268,37.29999999999999,65
2269,-9.6,5
2270,31.199999999999967,50
2271,38.6,80
2272,-10.799999999999999,20
2273,58.000000000000036,90
2274,42.49999999999997,85
2275,34.79999999999998,70
2276,11.299999999999985,35
2277,31.899999999999963,50
2278,-11.5,15
2279,2.200000000000001,20
2280,16.09999999999998,45
2281,21.199999999999974,50
2282,42.39999999999997,85
2283,-10.5,5
2284,16.999999999999986,35
2285,42.39999999999998,70
2286,11.799999999999985,40
2287,44.9,80
2288,15.999999999999988,45
2289,25.99999999999997,45
2290,5.600000000000005,20
2291,-10.5,5
2292,0.5000000000000018,20
2293,0.20000000000000107,20
2294,2.5,35
2295,24.999999999999964,50
2296,-10.5,5
2297,-11.0,10
2298,23.499999999999986,50
2299,12.299999999999992,35
2300,-10.5,5
2301,-11.5,15
2302,6.3000000000000025,20
2303,0.40000000000000213,15
2304,3.200000000000003,20
2305,23.29999999999997,50
2306,-12.100000000000001,45
2307,26.399999999999984,50
2308,0.5000000000000018,20
2309,38.59999999999997,70
2310,5.600000000000005,20
2311,-11.0,10
2312,46.999999999999964,70
2313,6.3000000000000025,20
2314,3.2000000000000046,20
2315,-1.4999999999999982,20
2316,-6.399999999999999,15
2317,9.599999999999982,50
2318,33.09999999999997,75
2319,-0.20000000000000107,20
2320,-10.5,5
2321,-10.5,5
2322,3.600000000000003,20
2323,36.09999999999996,70
2324,-11.0,10
2325,45.199999999999974,70
2326,23.599999999999987,65
2327,32.89999999999996,65
2328,4.900000000000002,20
2329,59.80000000000002,100
2330,24.299999999999976,45
2331,2.900000000000004,20
2332,0.7999999999999989,20
2333,40.59999999999996,85
2334,4.900000000000002,20
2335,32.3,70
2336,35.599999999999966,70
2337,-12.5,25
2338,49.09999999999998,80
2339,-10.5,5
2340,25.699999999999974,50
2341,25.59999999999998,50
2342,36.59999999999998,70
2343,35.49999999999997,70
2344,-2.099999999999998,20
2345,2.5000000000000036,15
2346,3.600000000000003,20
2347,28.099999999999966,45
2348,53.899999999999956,80
2349,33.599999999999945,70
2350,-12.5,25
2351,-10.5,5
2352,-11.0,10
2353,45.29999999999996,70
2354,4.600000000000003,20
2355,19.399999999999977,45
2356,-11.0,10
2357,6.600000000000007,30
2358,-10.5,5
2359,-11.0,10
2360,37.899999999999984,70
2361,26.79999999999997,50
2362,32.59999999999996,50
2363,3.5000000000000018,20
2364,-10.5,5
2365,-1.4999999999999982,20
2366,-10.5,5
2367,50.29999999999997,85
2368,25.099999999999987,50
2369,2.0999999999999996,20
2370,67.30000000000007,100
2371,5.300000000000004,20
2372,-9.9,5
2373,20.59999999999993,85
2374,-10.5,5
2375,26.39999999999997,50
2376,-1.5999999999999996,15
2377,4.900000000000004,20
2378,74.40000000000023,125
2379,2.3000000000000025,20
2380,7.099999999999985,40
2381,41.99999999999995,70
2382,28.79999999999997,50
2383,22.099999999999966,55
2384,29.79999999999997,50
2385,-8.9,5
2386,-10.5,5
2387,18.699999999999974,45
2388,30.499999999999964,50
2389,21.49999999999997,45
2390,61.100000000000016,100
2391,3.600000000000003,20
2392,-2.299999999999997,20
2393,-1.1999999999999975,20
2394,3.600000000000003,20
2395,47.599999999999945,65
2396,16.999999999999986,35
2397,-11.0,10
2398,53.49999999999994,70
2399,18.399999999999984,35
2400,24.599999999999973,45
2401,-5.999999999999997,15
2402,-10.5,5
2403,32.699999999999996,70
2404,-11.0,10
2405,0.7000000000000011,45
2406,19.09999999999998,45
2407,47.09999999999996,100
2408,-10.5,5
2409,39.599999999999994,65
2410,4.200000000000003,20
2411,-5.1,10
2412,-0.6000000000000014,20
2413,-9.2,15
2414,27.39999999999997,45
2415,20.49999999999998,45
2416,73.2000000000001,105
2417,1.8000000000000043,20
2418,59.600000000000115,105
2419,1.6000000000000032,20
2420,3.5,20
2421,-1.6999999999999993,20
2422,55.70000000000001,100
2423,93.8000000000002,125
2424,19.49999999999998,40
2425,18.799999999999976,45
2426,-9.299999999999999,5
2427,13.299999999999992,35
2428,45.59999999999996,70
2429,-10.4,10
2430,9.099999999999993,35
2431,-10.5,5
2432,22.59999999999998,50
2433,48.09999999999998,80
2434,-0.09999999999999787,20
2435,18.49999999999998,45
2436,70.40000000000009,100
2437,-12.5,25
2438,43.69999999999995,70
2439,13.599999999999985,35
2440,-11.5,15
2441,-13.0,30
2442,30.49999999999997,50
2443,-11.5,15
2444,24.39999999999997,50
2445,56.19999999999995,105
2446,4.200000000000005,20
2447,27.39999999999997,50
2448,21.599999999999973,45
2449,36.999999999999986,70
2450,-1.8999999999999986,15
2451,-10.7,10
2452,12.599999999999985,35
2453,-10.5,5
2454,50.69999999999997,80
2455,38.69999999999995,90
2456,26.399999999999977,45
2457,0.40000000000000036,20
2458,-10.5,5
2459,-10.5,5
2460,1.8000000000000007,20
2461,4.300000000000004,20
2462,1.8000000000000007,20
2463,-12.5,25
2464,-0.09999999999999787,20
2465,-10.5,5
2466,-12.5,25
2467,-10.5,5
2468,48.59999999999997,70
2469,-0.5999999999999979,15
2470,-1.0999999999999996,20
2471,24.699999999999967,60
2472,2.200000000000003,20
2473,-13.0,30
2474,26.299999999999983,50
2475,24.49999999999997,50
2476,3.900000000000002,20
2477,67.10000000000007,100
2478,67.70000000000006,100
2479,4.900000000000002,20
2480,5.300000000000004,20
2481,-5.1,10
2482,17.499999999999993,50
2483,25.99999999999997,50
2484,49.89999999999997,80
2485,-11.0,10
2486,-10.5,5
2487,54.89999999999997,80
2488,78.80000000000008,110
2489,23.299999999999976,50
2490,48.59999999999996,70
2491,42.59999999999996,70
2492,-10.5,5
2493,40.39999999999996,85
2494,-10.2,5
2495,46.49999999999997,70
2496,-3.0999999999999988,20
2497,41.49999999999997,70
2498,11.099999999999996,40
2499,56.99999999999999,95
2500,-10.9,15
2501,-10.5,5
2502,11.799999999999985,40
2503,48.399999999999956,90
2504,25.299999999999976,45
2505,4.900000000000002,20
2506,-9.9,5
2507,-0.5999999999999996,20
2508,20.799999999999976,45
2509,17.399999999999977,70
2510,69.30000000000007,100
2511,33.89999999999996,70
2512,-11.0,10
2513,-4.099999999999999,10
2514,30.599999999999966,50
2515,2.5,20
2516,23.099999999999987,50
2517,-11.0,10
2518,81.0000000000001,110
2519,36.999999999999986,70
2520,20.799999999999976,40
2521,37.599999999999966,70
2522,-11.5,15
2523,9.399999999999986,40
2524,49.89999999999995,90
2525,-7.6,15
2526,2.8000000000000007,20
2527,-1.5999999999999996,20
2528,41.09999999999995,65
2529,24.799999999999983,70
2530,2.799999999999999,20
2531,18.69999999999998,40
2532,-10.5,5
2533,-12.5,25
2534,62.90000000000004,95
2535,-10.5,5
2536,-6.2999999999999945,25
2537,3.600000000000003,20
2538,23.99999999999997,45
2539,2.5000000000000018,20
2540,-0.9000000000000004,20
2541,-11.0,10
2542,20.99999999999998,50
2543,18.399999999999984,40
2544,27.39999999999997,50
2545,-6.199999999999999,15
2546,-10.5,5
2547,55.1,100
2548,77.30000000000017,130
2549,-0.29999999999999893,15
2550,23.699999999999974,50
2551,1.8000000000000025,15
2552,69.10000000000011,110
2553,-10.5,5
2554,1.900000000000004,20
2555,-11.0,10
2556,3.0000000000000018,65
2557,2.600000000000003,20
2558,-10.5,5
2559,0.40000000000000036,20
2560,58.500000000000135,105
2561,-1.5999999999999979,20
2562,19.799999999999983,35
2563,33.19999999999999,70
2564,-8.4,20
2565,42.09999999999998,70
2566,76.80000000000015,125
2567,-11.5,15
2568,16.899999999999977,50
2569,27.699999999999974,50
2570,39.49999999999996,70
2571,52.09999999999995,70
2572,31.899999999999963,50
2573,0.5,20
2574,-10.5,5
2575,20.59999999999998,80
2576,71.90000000000008,100
2577,43.09999999999995,90
2578,45.399999999999956,90
2579,1.5000000000000018,20
2580,23.699999999999974,50
2581,53.09999999999995,75
2582,41.099999999999966,65
2583,-10.5,5
2584,49.69999999999997,80
2585,31.59999999999995,65
2586,51.19999999999995,90
2587,-11.0,10
2588,14.199999999999983,40
2589,21.49999999999997,45
2590,-12.5,25
2591,93.8000000000003,145
2592,-11.5,15
2593,7.000000000000002,20
2594,28.099999999999966,50
2595,50.799999999999955,75
2596,44.99999999999996,70
2597,27.39999999999997,45
2598,67.30000000000005,130
2599,-0.7999999999999989,20
2600,13.19999999999999,35
2601,51.69999999999999,80
2602,23.299999999999983,50
2603,1.8000000000000007,20
2604,58.40000000000004,90
2605,51.59999999999994,90
2606,55.69999999999995,105
2607,52.79999999999994,70
2608,-10.5,5
2609,37.69999999999996,70
2610,7.000000000000002,20
2611,27.399999999999977,50
2612,-10.5,5
2613,25.59999999999998,50
2614,28.099999999999966,50
2615,66.90000000000006,100
2616,-11.0,10
2617,23.39999999999997,50
2618,92.5000000000002,125
2619,43.79999999999998,70
2620,-10.5,5
2621,-11.0,10
2622,1.0999999999999996,20
2623,57.299999999999976,80
2624,-10.5,5
2625,-1.299999999999999,15
2626,29.799999999999976,50
2627,67.80000000000007,100
2628,41.299999999999955,70
2629,11.699999999999994,35
2630,26.699999999999967,45
2631,4.900000000000002,20
2632,-5.599999999999994,25
2633,71.40000000000009,115
2634,-11.0,10
2635,49.19999999999995,80
2636,-1.0999999999999979,20
2637,-10.7,10
2638,21.399999999999977,50
2639,46.399999999999935,85
2640,4.6000000000000085,45
2641,47.599999999999966,70
2642,26.199999999999974,50
2643,-10.5,5
2644,69.70000000000007,100
2645,45.999999999999964,85
2646,3.3000000000000043,20
2647,8.599999999999993,35
2648,28.099999999999966,50
2649,-11.0,10
2650,-9.6,5
2651,-6.4,20
2652,-4.999999999999999,15
2653,36.39999999999998,65
2654,18.69999999999998,40
2655,-10.5,5
2656,69.00000000000007,100
2657,-10.5,5
2658,49.99999999999994,70
2659,51.799999999999955,70
2660,5.600000000000003,20
2661,36.199999999999996,65
2662,106.90000000000032,160
2663,59.59999999999999,100
2664,25.99999999999997,50
2665,66.80000000000005,95
2666,5.600000000000005,20
2667,-11.0,10
2668,-11.5,15
2669,7.699999999999969,50
2670,-10.5,5
2671,83.00000000000021,125
2672,1.8000000000000025,15
2673,46.19999999999997,65
2674,65.40000000000006,100
2675,-1.9999999999999982,15
2676,28.199999999999974,50
2677,29.79999999999997,50
2678,63.100000000000016,100
2679,2.5000000000000036,15
2680,9.099999999999982,40
2681,15.399999999999983,40
2682,-11.0,10
2683,61.600000000000016,95
2684,17.799999999999983,45
2685,32.19999999999997,70
2686,32.69999999999995,70
2687,52.79999999999995,70
2688,56.39999999999997,80
2689,53.49999999999995,75
2690,1.200000000000001,20
2691,30.199999999999967,50
2692,20.49999999999998,40
2693,72.90000000000008,100
2694,-10.5,5
2695,60.100000000000016,100
2696,-10.9,15
2697,-3.0999999999999943,30
2698,60.60000000000003,100
2699,-10.0,25
2700,53.89999999999996,80
2701,5.600000000000003,20
2702,90.90000000000029,145
2703,15.999999999999973,50
2704,6.3000000000000025,20
2705,50.39999999999995,70
2706,49.399999999999956,70
2707,-10.5,5
2708,61.800000000000004,80
2709,41.79999999999996,70
2710,52.09999999999998,100
2711,37.39999999999996,70
2712,2.200000000000003,20
2713,52.799999999999955,90
2714,59.30000000000005,100
2715,51.099999999999945,85
2716,34.09999999999999,70
2717,46.99999999999995,70
2718,14.999999999999984,35
2719,22.899999999999977,40
2720,11.299999999999988,35
2721,0.20000000000000284,20
2722,-14.5,45
2723,34.69999999999998,65
2724,46.599999999999966,75
2725,-11.0,10
2726,-4.3,15
2727,3.600000000000003,20
2728,33.29999999999996,50
2729,22.69999999999998,50
2730,24.19999999999998,50
2731,58.99999999999998,80
2732,24.899999999999984,70
2733,19.299999999999983,45
2734,14.299999999999985,35
2735,5.9,35
2736,12.19999999999999,35
2737,104.8000000000003,160
2738,3.900000000000004,20
2739,16.299999999999983,35
2740,-10.5,5
2741,51.099999999999945,70
2742,-11.0,10
2743,-12.5,25
2744,-10.5,5
2745,48.59999999999997,70
2746,57.29999999999996,80
2747,-10.5,5
2748,-6.8999999999999995,20
2749,-10.5,5
2750,58.999999999999964,80
2751,21.59999999999998,45
2752,62.00000000000002,90
2753,42.89999999999996,65
2754,-11.0,10
2755,-11.0,10
2756,0.20000000000000107,20
2757,2.200000000000003,20
2758,-10.5,5
2759,29.69999999999996,65
2760,92.00000000000031,145
2761,12.399999999999993,35
2762,-11.3,25
2763,224.5000000000006,300
2764,-1.0,15
2765,32.59999999999996,50
2766,91.3000000000002,125
2767,-11.0,10
2768,48.19999999999996,80
2769,-1.6999999999999993,20
2770,3.200000000000003,20
2771,32.79999999999996,60
2772,28.099999999999966,50
2773,-11.0,10
2774,16.69999999999998,35
2775,-11.0,10
2776,7.000000000000002,20
2777,48.29999999999994,70
2778,24.49999999999997,50
2779,55.09999999999999,90
2780,44.899999999999956,70
2781,40.499999999999986,70
2782,37.19999999999997,70
2783,14.199999999999987,45
2784,59.49999999999998,80
2785,28.099999999999966,50
2786,72.20000000000009,100
2787,2.799999999999999,20
2788,-10.5,5
2789,49.99999999999996,70
2790,22.799999999999983,50
2791,37.69999999999997,65
2792,-2.9999999999999964,20
2793,38.49999999999997,90
2794,90.6000000000002,125
2795,56.499999999999964,80
2796,-5.6,20
2797,-11.0,10
2798,31.899999999999963,50
2799,78.00000000000013,110
2800,3.900000000000004,20
2801,47.69999999999995,70
2802,-10.5,5
2803,45.3,80
2804,0.5000000000000018,20
2805,86.50000000000016,125
2806,32.59999999999996,50
2807,65.20000000000007,100
2808,27.999999999999964,65
2809,-3.5999999999999988,15
2810,39.49999999999998,70
2811,-5.699999999999999,20
2812,44.09999999999997,80
2813,-11.0,10
2814,69.10000000000007,100
2815,14.999999999999988,45
2816,29.499999999999964,50
2817,-10.5,5
2818,-10.5,5
2819,26.699999999999974,50
2820,-10.5,5
2821,-11.0,10
2822,-11.0,10
2823,63.50000000000005,100
2824,4.200000000000001,20
2825,62.800000000000004,100
2826,44.49999999999996,65
2827,-1.5999999999999979,15
2828,-10.5,5
2829,1.1000000000000014,15
2830,44.299999999999976,70
2831,-3.8999999999999986,15
2832,-10.5,5
2833,-0.8999999999999986,15
2834,93.70000000000022,125
2835,45.899999999999956,65
2836,1.4000000000000021,20
2837,34.69999999999996,65
2838,60.79999999999999,80
2839,-10.5,5
2840,4.399999999999999,50
2841,47.79999999999995,70
2842,70.10000000000008,100
2843,-12.5,25
2844,46.99999999999995,70
2845,162.30000000000044,205
2846,60.50000000000001,100
2847,80.20000000000019,145
2848,77.30000000000013,110
2849,73.70000000000007,110
2850,23.799999999999976,50
2851,5.600000000000003,20
2852,17.299999999999983,40
2853,-10.5,5
2854,42.39999999999997,65
2855,44.89999999999997,70
2856,0.5,20
2857,4.600000000000003,20
2858,45.49999999999995,65
2859,2.900000000000004,20
2860,12.39999999999999,35
2861,-10.5,5
2862,67.10000000000005,100
2863,30.199999999999967,50
2864,47.59999999999996,70
2865,77.00000000000011,125
2866,46.899999999999956,70
2867,199.30000000000058,270
2868,91.0000000000002,130
2869,3.900000000000002,20
2870,39.39999999999997,70
2871,29.79999999999997,50
2872,-12.5,25
2873,77.20000000000009,105
2874,-11.5,15
2875,43.09999999999994,100
2876,2.900000000000002,20
2877,-1.6000000000000014,20
2878,22.09999999999998,50
2879,63.90000000000004,100
2880,42.39999999999998,70
2881,24.799999999999976,50
2882,5.600000000000005,20
2883,-0.6999999999999975,20
2884,-10.5,5
2885,-12.5,25
2886,171.50000000000065,220
2887,54.19999999999994,70
2888,3.200000000000003,20
2889,3.900000000000002,20
2890,39.39999999999996,65
2891,49.29999999999997,70
2892,93.80000000000021,130
2893,52.09999999999995,70
2894,14.299999999999988,35
2895,-10.2,5
2896,-9.9,5
2897,74.6000000000001,100
2898,-11.0,10
2899,-11.0,10
2900,-11.0,10
2901,7.099999999999978,40
2902,49.69999999999995,65
2903,-11.0,10
2904,174.70000000000056,230
2905,157.20000000000053,210
2906,7.000000000000002,20
2907,85.40000000000018,125
2908,29.799999999999976,55
2909,-10.5,5
2910,12.399999999999986,40
2911,56.29999999999999,95
2912,22.399999999999977,50
2913,1.9000000000000021,20
2914,24.299999999999976,45
2915,84.80000000000015,130
2916,46.899999999999956,70
2917,42.499999999999986,70
2918,17.19999999999998,40
2919,25.299999999999976,50
2920,46.59999999999995,65
2921,65.20000000000013,105
2922,16.599999999999987,45
2923,6.3000000000000025,20
2924,43.19999999999996,70
2925,27.199999999999974,50
2926,-10.5,5
2927,27.49999999999997,50
2928,-2.1999999999999975,20
2929,53.199999999999946,90
2930,-11.0,10
2931,69.30000000000007,100
2932,82.50000000000013,110
2933,52.59999999999995,80
2934,78.7000000000001,110
2935,44.99999999999996,70
2936,-3.3999999999999986,10
2937,0.6000000000000032,20
2938,-10.5,5
2939,23.699999999999974,50
2940,45.29999999999996,70
2941,54.89999999999994,70
2942,27.79999999999997,50
2943,25.99999999999998,45
2944,50.09999999999995,70
2945,0.40000000000000213,15
2946,21.299999999999976,50
2947,7.000000000000002,20
2948,22.09999999999998,45
2949,20.299999999999983,45
2950,55.79999999999999,110
2951,3.900000000000004,20
2952,49.699999999999946,70
2953,14.39999999999999,40
2954,-11.0,10
2955,-11.0,10
2956,15.799999999999978,40
2957,20.99999999999997,50
2958,-10.5,5
2959,53.90000000000001,90
2960,40.79999999999998,65
2961,47.599999999999966,70
2962,24.699999999999974,50
2963,19.399999999999984,40
2964,-11.0,10
2965,3.900000000000002,20
2966,33.49999999999994,70
2967,83.10000000000011,110
2968,39.499999999999936,85
2969,50.69999999999995,70
2970,-6.999999999999999,15
2971,27.39999999999997,45
2972,67.20000000000007,100
2973,-11.0,10
2974,38.09999999999999,65
2975,-7.699999999999999,20
2976,55.30000000000003,90
2977,85.20000000000017,125
2978,0.3000000000000025,20
2979,26.49999999999998,50
2980,86.60000000000015,110
2981,75.10000000000008,110
2982,-11.0,10
2983,26.699999999999967,45
2984,61.800000000000004,80
2985,14.599999999999985,35
2986,26.599999999999966,65
2987,6.700000000000001,35
2988,-10.5,5
2989,49.29999999999997,70
2990,20.59999999999998,45
2991,77.30000000000011,110
2992,3.900000000000002,20
2993,1.3000000000000025,20
2994,-10.5,5
2995,-10.5,5
2996,-1.3000000000000007,15
2997,19.899999999999984,45
2998,-11.0,10
2999,38.59999999999998,65
3000,44.49999999999996,70
3001,44.09999999999996,70
3002,197.7000000000007,240
3003,66.60000000000005,95
3004,53.79999999999995,75
3005,-10.2,5
3006,-10.5,5
3007,6.3000000000000025,20
3008,2.900000000000002,20
3009,53.49999999999994,70
3010,-10.5,5
3011,42.599999999999966,70
3012,49.999999999999964,70
3013,-10.5,5
3014,47.59999999999997,70
3015,14.499999999999988,40
3016,51.799999999999955,70
3017,52.29999999999995,80
3018,-10.5,5
3019,-10.2,5
3020,204.00000000000065,265
3021,-11.0,10
3022,14.599999999999993,35
3023,36.999999999999986,70
3024,72.5000000000001,100
3025,28.499999999999964,50
3026,1.5,20
3027,-0.5999999999999996,20
3028,23.399999999999977,50
3029,172.7000000000005,210
3030,144.30000000000052,185
3031,141.9000000000005,185
3032,-10.2,5
3033,96.30000000000021,130
3034,42.70000000000001,70
3035,4.900000000000004,20
3036,43.199999999999974,70
3037,31.19999999999996,50
3038,29.899999999999963,50
3039,0.9000000000000021,20
3040,-10.5,5
3041,29.79999999999997,50
3042,65.80000000000004,110
3043,51.69999999999996,85
3044,4.600000000000003,20
3045,80.70000000000013,110
3046,87.90000000000018,125
3047,-9.2,10
3048,45.19999999999997,65
3049,121.00000000000034,160
3050,2.200000000000003,20
3051,-12.5,25
3052,41.899999999999935,85
3053,-11.0,10
3054,0.20000000000000284,20
3055,-10.5,5
3056,24.49999999999997,50
3057,210.5000000000007,270
3058,184.60000000000062,250
3059,3.900000000000002,20
3060,1.799999999999999,20
3061,65.50000000000003,100
3062,40.999999999999964,70
3063,59.399999999999984,80
3064,28.099999999999966,45
3065,35.89999999999997,85
3066,23.99999999999998,45
3067,47.99999999999996,70
3068,20.09999999999998,40
3069,174.3000000000005,210
3070,22.799999999999976,50
3071,26.699999999999967,45
3072,99.40000000000023,125
3073,-10.5,5
3074,0.5000000000000018,20
3075,21.899999999999977,40
3076,115.00000000000033,160
3077,-8.6,5
3078,110.40000000000033,150
3079,33.99999999999996,50
3080,13.599999999999985,35
3081,-10.5,5
3082,6.3000000000000025,20
3083,-10.5,5
3084,21.09999999999998,45
3085,208.20000000000059,285
3086,3.900000000000004,20
3087,-11.0,10
3088,2.5000000000000036,20
3089,-10.5,5
3090,46.59999999999997,70
3091,32.59999999999996,50
3092,2.900000000000002,20
3093,39.19999999999995,70
3094,37.99999999999996,65
3095,54.20000000000001,85
3096,18.399999999999984,35
3097,63.9,80
3098,-11.0,10
3099,26.69999999999998,50
3100,70.80000000000007,95
3101,70.50000000000007,95
3102,30.899999999999963,50
3103,84.80000000000013,110
3104,-13.0,30
3105,31.899999999999963,50
3106,4.900000000000004,20
3107,-2.299999999999999,15
3108,84.80000000000013,110
3109,45.19999999999995,65
3110,53.49999999999994,70
3111,77.00000000000013,110
3112,14.099999999999985,40
3113,69.50000000000007,100
3114,98.20000000000022,125
3115,44.29999999999996,70
3116,52.599999999999945,90
3117,6.3000000000000025,20
3118,2.900000000000004,20
3119,227.50000000000054,300
3120,117.50000000000033,160
3121,82.90000000000012,110
3122,65.90000000000005,95
3123,138.50000000000043,190
3124,0.20000000000000284,20
3125,20.899999999999977,40
3126,47.99999999999996,70
3127,21.99999999999998,45
3128,100.30000000000022,125
3129,90.7000000000002,130
3130,28.099999999999966,45
3131,125.90000000000049,185
3132,38.999999999999964,70
3133,22.199999999999974,50
3134,122.50000000000034,160
3135,3.3000000000000043,20
3136,-1.3999999999999986,20
3137,75.00000000000009,100
3138,26.699999999999967,45
3139,31.299999999999955,65
3140,25.39999999999997,45
3141,-11.0,10
3142,53.99999999999995,80
3143,6.3000000000000025,20
3144,49.69999999999998,80
3145,99.70000000000024,130
3146,42.79999999999997,65
3147,156.10000000000053,210
3148,44.89999999999996,80
3149,2.900000000000002,20
3150,-11.0,10
3151,81.00000000000016,125
3152,18.899999999999984,45
3153,31.199999999999967,50
3154,45.59999999999998,70
3155,38.39999999999997,65
3156,25.799999999999976,45
3157,45.699999999999974,90
3158,26.79999999999997,50
3159,47.599999999999966,70
3160,201.0000000000006,250
3161,29.099999999999966,50
3162,174.50000000000063,210
3163,36.29999999999997,65
3164,89.50000000000023,130
3165,165.5000000000005,210
3166,4.200000000000003,20
3167,29.199999999999967,50
3168,-10.5,5
3169,-2.9999999999999982,15
3170,2.8000000000000025,20
3171,69.10000000000008,100
3172,19.099999999999987,35
3173,48.99999999999996,70
3174,-10.5,5
3175,33.99999999999996,50
3176,73.50000000000009,100
3177,45.89999999999998,70
3178,119.30000000000035,155
3179,-10.5,5
3180,119.60000000000034,160
3181,6.3000000000000025,20
3182,24.79999999999997,45
3183,1.3000000000000025,20
3184,6.3000000000000025,20
3185,4.900000000000002,20
3186,23.99999999999997,45
3187,18.399999999999984,35
3188,-2.099999999999998,20
3189,234.90000000000077,300
3190,18.899999999999977,50
3191,-10.5,5
3192,94.80000000000021,145
3193,-10.5,5
3194,66.70000000000006,100
3195,-0.29999999999999893,15
3196,-10.5,5
3197,52.199999999999946,70
3198,29.199999999999967,50
3199,47.09999999999998,80
3200,45.199999999999974,70
3201,49.799999999999955,70
3202,28.099999999999973,45
3203,47.99999999999996,70
3204,19.599999999999973,45
3205,47.99999999999995,65
3206,-10.5,5
3207,145.10000000000042,175
3208,257.40000000000083,300
3209,-11.0,10
3210,196.8000000000006,240
3211,67.00000000000007,100
3212,-0.09999999999999787,20
3213,-12.5,25
3214,21.599999999999973,50
3215,21.599999999999973,45
3216,-10.5,5
3217,43.59999999999997,70
3218,52.19999999999997,80
3219,139.60000000000045,185
3220,83.60000000000021,130
3221,164.6000000000006,245
3222,-10.5,5
3223,19.799999999999976,45
3224,50.799999999999955,70
3225,-0.3999999999999986,20
3226,120.70000000000039,160
3227,-10.5,5
3228,-4.399999999999999,20
3229,57.29999999999996,75
3230,-12.5,25
3231,42.39999999999997,70
3232,-10.5,5
3233,120.20000000000036,160
3234,0.6000000000000014,20
3235,23.199999999999974,50
3236,86.80000000000014,110
3237,71.80000000000008,100
3238,29.49999999999997,50
3239,43.499999999999986,70
3240,23.59999999999998,45
3241,180.20000000000053,220
3242,3.900000000000004,20
3243,2.5,20
3244,71.1000000000001,100
3245,49.599999999999966,80
3246,207.70000000000073,250
3247,-10.5,5
3248,43.29999999999996,70
3249,25.699999999999974,45
3250,84.80000000000013,110
3251,84.80000000000014,110
3252,-11.0,10
3253,-10.5,5
3254,45.69999999999996,85
3255,95.5000000000002,125
3256,51.69999999999999,80
3257,1.9000000000000021,20
3258,198.80000000000052,270
3259,-12.5,25
3260,178.60000000000062,210
3261,75.3000000000001,100
3262,115.20000000000036,160
3263,47.199999999999946,70
3264,91.70000000000016,110
3265,-11.0,10
3266,86.20000000000013,110
3267,69.40000000000006,100
3268,3.600000000000003,20
3269,-9.6,5
3270,80.80000000000011,125
3271,136.10000000000048,190
3272,6.3000000000000025,20
3273,2.5000000000000036,15
3274,92.80000000000018,125
3275,28.79999999999997,50
3276,5.600000000000005,20
3277,25.699999999999974,45
3278,102.50000000000024,130
3279,63.199999999999996,80
3280,6.3000000000000025,20
3281,143.90000000000046,180
3282,201.40000000000063,250
3283,49.99999999999994,70
3284,31.199999999999967,50
3285,5.600000000000003,20
3286,23.299999999999976,45
3287,52.99999999999995,80
3288,75.8000000000001,100
3289,15.699999999999983,35
3290,91.80000000000015,110
3291,28.099999999999973,45
3292,55.599999999999945,70
3293,-5.999999999999999,15
3294,57.699999999999996,110
3295,235.90000000000077,290
3296,59.600000000000016,90
3297,50.39999999999996,70
3298,-10.5,5
3299,-10.5,5
3300,-12.5,25
3301,17.69999999999999,35
3302,-1.0999999999999979,20
3303,-11.0,10
3304,4.600000000000003,20
3305,-10.5,5
3306,-10.5,5
3307,-11.0,10
3308,214.90000000000066,265
3309,121.40000000000035,155
3310,72.1000000000001,100
3311,3.3000000000000043,20
3312,23.49999999999997,50
3313,53.69999999999995,80
3314,5.600000000000005,20
3315,50.49999999999997,75
3316,-10.5,5
3317,21.299999999999976,45
3318,3.900000000000004,20
3319,255.1000000000007,300
3320,173.6000000000005,210
3321,39.999999999999964,65
3322,93.10000000000018,110
3323,69.40000000000006,100
3324,-9.299999999999999,5
3325,19.19999999999998,40
3326,158.80000000000055,205
3327,49.79999999999995,80
3328,-2.8999999999999977,20
3329,51.09999999999994,70
3330,80.80000000000013,110
3331,28.499999999999964,50
3332,50.09999999999995,70
3333,-2.3999999999999986,20
3334,53.49999999999994,70
3335,194.0000000000007,230
3336,-10.5,5
3337,16.399999999999984,35
3338,29.099999999999966,50
3339,48.69999999999995,70
3340,47.99999999999996,70
3341,-2.099999999999998,20
3342,67.10000000000005,100
3343,64.80000000000004,100
3344,100.30000000000024,125
3345,5.600000000000003,20
3346,62.200000000000024,100
3347,128.10000000000036,160
3348,40.49999999999994,85
3349,20.99999999999997,75
3350,200.00000000000065,250
3351,163.30000000000044,205
3352,-11.0,10
3353,3.5000000000000053,40
3354,28.099999999999966,50
3355,-10.5,5
3356,-2.6999999999999984,20
3357,28.79999999999997,50
3358,25.699999999999974,45
3359,-10.5,5
3360,20.799999999999976,40
3361,-11.5,15
3362,49.69999999999996,70
3363,26.89999999999997,50
3364,85.00000000000014,125
3365,121.90000000000038,150
3366,96.4000000000002,125
3367,6.3000000000000025,20
3368,51.39999999999994,70
3369,207.50000000000048,265
3370,-11.5,15
3371,-12.5,25
3372,49.399999999999956,70
3373,92.1000000000002,125
3374,76.10000000000011,125
3375,-10.5,5
3376,66.60000000000011,110
3377,-3.8999999999999986,15
3378,223.80000000000078,270
3379,44.89999999999998,70
3380,142.10000000000042,180
3381,134.00000000000034,160
3382,21.899999999999977,40
3383,97.20000000000023,125
3384,-10.5,5
3385,49.399999999999956,70
3386,198.20000000000073,250
3387,4.200000000000003,20
3388,59.6,100
3389,34.499999999999964,60
3390,27.699999999999974,50
3391,25.999999999999964,60
3392,3.900000000000002,20
3393,210.70000000000067,265
3394,-11.0,10
3395,3.200000000000003,20
3396,2.5000000000000018,20
3397,94.2000000000002,125
3398,58.69999999999998,80
3399,95.50000000000021,125
3400,164.10000000000056,205
3401,52.89999999999994,80
3402,24.199999999999974,50
3403,73.60000000000011,100
3404,83.70000000000014,110
3405,52.099999999999945,70
3406,28.099999999999966,45
3407,95.2000000000002,125
3408,102.10000000000024,125
3409,23.999999999999986,45
3410,61.80000000000005,100
3411,128.60000000000036,160
3412,0.3000000000000025,20
3413,87.70000000000016,125
3414,7.000000000000002,20
3415,125.90000000000049,180
3416,30.19999999999996,50
3417,190.30000000000064,240
3418,30.599999999999966,50
3419,46.599999999999966,90
3420,31.899999999999963,50
3421,169.80000000000047,220
3422,172.30000000000055,210
3423,169.50000000000054,210
3424,133.20000000000036,160
3425,73.60000000000008,100
3426,106.20000000000026,130
3427,-11.0,10
3428,0.8000000000000025,20
3429,87.20000000000024,145
3430,-11.0,10
3431,21.19999999999998,40
3432,-3.299999999999999,15
3433,101.00000000000024,125
3434,29.79999999999997,50
3435,103.20000000000026,130
3436,268.1000000000006,300
3437,84.50000000000011,110
3438,31.89999999999997,50
3439,46.599999999999966,70
3440,50.69999999999997,70
3441,25.09999999999998,50
3442,-10.5,5
3443,6.3000000000000025,20
3444,-10.5,5
3445,4.200000000000003,20
3446,-11.0,10
3447,49.99999999999995,70
3448,70.70000000000009,100
3449,174.90000000000055,230
3450,48.09999999999996,70
3451,-0.4999999999999982,20
3452,50.199999999999946,70
3453,203.80000000000064,250
3454,42.799999999999976,65
3455,31.899999999999977,80
3456,227.9000000000008,270
3457,60.4,80
3458,159.2000000000004,210
3459,-0.1999999999999975,15
3460,2.5,20
3461,1.6000000000000032,20
3462,3.600000000000003,20
3463,46.89999999999997,70
3464,90.00000000000018,125
3465,6.3000000000000025,20
3466,71.20000000000007,100
3467,-10.5,5
3468,62.19999999999998,80
3469,243.10000000000073,300
3470,72.50000000000009,100
3471,67.60000000000007,100
3472,98.60000000000022,125
3473,165.20000000000064,240
3474,5.600000000000003,20
3475,49.799999999999955,70
3476,55.69999999999997,80
3477,32.599999999999966,50
3478,101.40000000000025,130
3479,187.50000000000065,220
3480,-7.8999999999999995,5
3481,69.70000000000006,100
3482,2.900000000000004,20
3483,136.50000000000045,175
3484,4.900000000000004,20
3485,22.99999999999998,45
3486,183.00000000000063,210
3487,15.399999999999983,40
3488,89.30000000000015,110
3489,170.5000000000006,205
3490,42.599999999999966,65
3491,43.69999999999995,65
3492,27.099999999999973,45
3493,95.20000000000024,145
3494,76.0000000000001,100
3495,49.699999999999946,65
3496,95.10000000000022,125
3497,21.49999999999998,40
3498,75.0000000000001,100
3499,-10.5,5
3500,-10.2,5
3501,-10.5,5
3502,-11.0,10
3503,31.199999999999974,50
3504,186.50000000000065,220
3505,86.20000000000017,125
3506,56.40000000000003,90
3507,29.499999999999964,50
3508,25.299999999999976,45
3509,-9.6,5
3510,184.00000000000054,220
3511,-12.5,25
3512,46.199999999999974,70
3513,1.8000000000000025,15
3514,238.10000000000073,300
3515,30.599999999999973,55
3516,-10.5,5
3517,262.70000000000067,300
3518,44.89999999999995,65
3519,168.30000000000055,210
3520,49.09999999999996,70
3521,222.40000000000074,270
3522,4.600000000000003,20
3523,13.399999999999993,35
3524,66.00000000000004,90
3525,247.10000000000085,300
3526,55.99999999999995,80
3527,52.49999999999995,70
3528,18.799999999999976,40
3529,48.299999999999955,70
3530,93.00000000000016,130
3531,-10.5,5
3532,3.600000000000003,20
3533,0.10000000000000497,25
3534,78.80000000000011,100
3535,-10.5,5
3536,80.40000000000022,130
3537,168.70000000000047,220
3538,29.199999999999967,50
3539,127.5000000000004,160
3540,24.799999999999976,50
3541,223.10000000000073,270
3542,-0.7999999999999989,20
3543,95.50000000000023,130
3544,27.099999999999973,45
3545,41.29999999999998,65
3546,52.19999999999994,95
3547,4.200000000000005,20
3548,-10.5,5
3549,46.99999999999995,65
3550,226.80000000000078,265
3551,46.59999999999995,65
3552,4.300000000000004,20
3553,45.39999999999997,70
3554,178.60000000000065,215
3555,-11.0,10
3556,46.19999999999995,70
3557,3.200000000000003,20
3558,61.60000000000003,100
3559,225.30000000000078,265
3560,47.699999999999946,65
3561,25.799999999999983,50
3562,143.60000000000045,185
3563,46.59999999999996,65
3564,200.0000000000007,240
3565,-11.0,10
3566,1.9000000000000021,20
3567,104.50000000000026,130
3568,51.99999999999996,80
3569,50.099999999999945,65
3570,-10.5,5
3571,30.199999999999967,50
3572,26.89999999999997,50
3573,-8.6,5
3574,129.20000000000036,160
3575,89.60000000000025,130
3576,47.69999999999996,70
3577,44.49999999999996,65
3578,69.20000000000006,100
3579,22.899999999999984,45
3580,27.799999999999955,70
3581,60.09999999999999,80
3582,42.89999999999996,70
3583,46.899999999999956,65
3584,47.09999999999995,70
3585,28.099999999999966,45
3586,1.8000000000000025,20
3587,89.80000000000018,125
3588,4.200000000000003,20
3589,94.60000000000022,125
3590,75.0000000000001,100
3591,48.699999999999946,65
3592,-11.0,10
3593,54.29999999999996,80
3594,108.30000000000027,130
3595,-11.0,10
3596,74.60000000000011,100
3597,56.999999999999964,75
3598,217.80000000000067,270
3599,57.00000000000002,90
3600,-10.5,5
3601,28.79999999999997,50
3602,5.600000000000003,20
3603,85.50000000000014,110
3604,30.49999999999997,50
3605,171.70000000000059,205
3606,58.20000000000004,90
3607,3.5000000000000036,20
3608,95.8000000000002,125
3609,67.20000000000007,100
3610,64.90000000000006,100
3611,-10.5,5
3612,42.49999999999997,65
3613,-10.5,5
3614,130.30000000000038,160
3615,74.50000000000009,110
3616,31.89999999999997,50
3617,45.299999999999955,65
3618,127.30000000000035,160
3619,143.60000000000048,185
3620,54.59999999999996,80
3621,48.09999999999995,70
3622,-10.5,5
3623,58.29999999999999,80
3624,96.70000000000019,130
3625,45.99999999999996,65
3626,93.90000000000022,125
3627,-12.5,25
3628,-11.0,10
3629,115.70000000000034,160
3630,100.50000000000023,130
3631,51.49999999999994,70
3632,-10.5,5
3633,-10.5,5
3634,46.999999999999964,70
3635,-3.3999999999999986,10
3636,66.80000000000007,100
3637,50.199999999999946,70
3638,-12.5,25
3639,79.10000000000011,110
3640,50.69999999999995,70
3641,-10.5,5
3642,121.6000000000003,155
3643,15.999999999999984,35
3644,101.90000000000025,130
3645,-0.8999999999999986,20
3646,-10.5,5
3647,-10.5,5
3648,89.30000000000015,110
3649,-10.5,5
3650,49.299999999999926,85
3651,133.7000000000004,160
3652,98.00000000000023,125
3653,-11.0,10
3654,-10.5,5
3655,7.000000000000002,20
3656,94.30000000000022,125
3657,49.69999999999996,70
3658,33.99999999999996,50
3659,57.59999999999997,80
3660,74.80000000000008,100
3661,145.60000000000045,190
3662,7.000000000000002,20
3663,-12.5,25
3664,-10.5,5
3665,154.50000000000054,185
3666,84.70000000000016,125
3667,192.00000000000063,220
3668,-10.5,5
3669,101.80000000000025,130
3670,151.10000000000056,190
3671,250.30000000000078,290
3672,265.90000000000066,300
3673,-6.5,5
3674,31.899999999999963,50
3675,22.19999999999998,40
3676,31.199999999999974,50
3677,60.399999999999984,80
3678,45.09999999999996,70
3679,100.40000000000023,125
3680,269.4000000000006,300
3681,20.599999999999973,40
3682,270.2000000000006,300
3683,252.70000000000087,300
3684,247.60000000000056,300
3685,181.00000000000063,220
3686,90.6000000000002,130
3687,4.200000000000001,20
3688,-10.5,5
3689,26.699999999999974,45
3690,23.99999999999998,45
3691,67.80000000000005,100
3692,105.20000000000026,125
3693,96.2000000000002,130
3694,102.20000000000026,130
3695,49.299999999999976,70
3696,-11.5,15
3697,3.2000000000000046,20
3698,81.80000000000014,110
3699,-10.5,5
3700,20.99999999999998,45
3701,-12.5,25
3702,44.899999999999956,65
3703,91.4000000000002,125
3704,76.70000000000012,100
3705,144.20000000000047,180
3706,-11.0,10
3707,101.30000000000025,130
3708,24.599999999999973,45
3709,93.10000000000021,125
3710,4.600000000000003,20
3711,5.600000000000003,20
3712,-9.6,5
3713,187.10000000000068,240
3714,104.90000000000026,130
3715,27.39999999999997,45
3716,11.699999999999987,40
3717,147.50000000000048,190
3718,166.7000000000006,205
3719,243.60000000000085,300
3720,49.39999999999995,70
3721,143.5000000000005,190
3722,55.59999999999996,80
3723,194.20000000000059,250
3724,87.60000000000015,110
3725,50.69999999999996,70
3726,56.29999999999996,80
3727,50.39999999999995,65
3728,46.89999999999996,65
3729,46.79999999999996,100
3730,61.09999999999999,80
3731,130.7000000000004,160
3732,44.19999999999999,70
3733,210.20000000000064,265
3734,33.599999999999966,55
3735,50.39999999999995,65
3736,99.00000000000024,130
3737,86.50000000000014,110
3738,-10.5,5
3739,33.99999999999996,50
3740,25.099999999999973,45
3741,6.3000000000000025,20
3742,19.899999999999977,45
3743,33.99999999999996,50
3744,11.699999999999994,35
3745,249.40000000000063,300
3746,95.90000000000022,125
3747,81.30000000000013,110
3748,3.900000000000004,20
3749,64.50000000000003,100
3750,83.10000000000012,110
3751,95.50000000000021,125
3752,98.90000000000026,130
3753,1.8000000000000025,15
3754,3.900000000000004,20
3755,-4.399999999999999,10
3756,200.80000000000072,250
3757,-10.5,5
3758,-3.499999999999999,20
3759,3.900000000000002,20
3760,-12.5,25
3761,83.50000000000011,110
3762,47.299999999999955,65
3763,37.79999999999996,65
3764,90.00000000000016,110
3765,46.89999999999996,65
3766,248.90000000000063,300
3767,181.00000000000057,220
3768,-10.5,5
3769,29.49999999999997,50
3770,263.70000000000067,300
3771,102.10000000000026,145
3772,24.699999999999974,50
3773,259.00000000000074,300
3774,163.40000000000055,210
3775,5.600000000000005,20
3776,-12.5,25
3777,101.00000000000024,130
3778,-11.0,10
3779,-9.6,5
3780,264.4000000000008,300
3781,91.8000000000002,130
3782,15.899999999999983,40
3783,84.80000000000014,110
3784,-11.0,10
3785,76.90000000000008,105
3786,55.599999999999945,70
3787,217.3000000000008,270
3788,-11.0,10
3789,151.40000000000046,185
3790,-10.5,5
3791,51.099999999999945,70
3792,48.099999999999945,70
3793,172.40000000000057,205
3794,89.70000000000017,110
3795,3.900000000000004,20
3796,148.30000000000044,190
3797,63.400000000000055,100
3798,62.49999999999999,80
3799,7.000000000000002,20
3800,102.20000000000027,130
3801,31.199999999999974,50
3802,53.49999999999994,70
3803,246.4000000000007,300
3804,5.600000000000005,20
3805,-11.0,10
3806,26.699999999999974,45
3807,26.699999999999974,45
3808,129.80000000000038,160
3809,91.9000000000002,125
3810,67.50000000000009,100
3811,149.6000000000005,185
3812,2.900000000000002,20
3813,82.50000000000013,110
3814,2.600000000000003,20
3815,86.70000000000016,110
3816,-10.5,5
3817,104.50000000000026,125
3818,51.79999999999995,70
3819,238.80000000000084,300
3820,170.50000000000057,220
3821,-10.5,5
3822,4.200000000000001,20
3823,156.2000000000005,190
3824,49.49999999999995,70
3825,71.6000000000001,100
3826,2.600000000000003,20
3827,162.80000000000052,205
3828,-11.0,10
3829,129.9000000000004,160
3830,-11.0,10
3831,29.499999999999964,45
3832,47.599999999999966,70
3833,98.60000000000022,125
3834,-10.5,5
3835,155.60000000000053,190
3836,73.10000000000008,100
3837,273.3000000000005,300
3838,-1.299999999999999,15
3839,233.40000000000077,300
3840,1.8000000000000025,20
3841,100.40000000000023,125
3842,88.30000000000017,125
3843,45.29999999999997,70
3844,59.399999999999984,80
3845,49.69999999999996,70
3846,-11.0,10
3847,75.7000000000001,100
3848,67.10000000000004,100
3849,-10.5,5
3850,217.7000000000007,280
3851,-11.0,10
3852,20.199999999999974,45
3853,104.20000000000026,130
3854,4.600000000000003,20
3855,2.3000000000000025,20
3856,167.70000000000047,210
3857,-10.5,5
3858,-11.0,10
3859,39.79999999999997,65
3860,-10.5,5
3861,233.00000000000085,265
3862,5.600000000000003,20
3863,-1.0999999999999979,20
3864,95.90000000000019,125
3865,55.69999999999995,80
3866,1.200000000000001,20
3867,-10.5,5
3868,89.60000000000015,110
3869,65.40000000000006,100
3870,105.20000000000026,125
3871,-10.5,5
3872,98.5000000000002,130
3873,48.79999999999994,70
3874,175.70000000000059,205
3875,104.50000000000026,130
3876,2.3000000000000025,20
3877,-12.5,25
3878,77.00000000000011,100
3879,75.0000000000001,100
3880,263.6000000000008,300
3881,44.899999999999956,65
3882,61.800000000000004,80
3883,221.10000000000076,270
3884,-10.5,5
3885,257.2000000000008,300
3886,30.499999999999964,50
3887,47.99999999999996,70
3888,74.60000000000008,100
3889,80.70000000000012,110
3890,25.299999999999976,45
3891,-10.5,5
3892,-11.0,10
3893,173.90000000000063,210
3894,160.5000000000005,220
3895,276.2000000000004,300
3896,206.00000000000077,240
3897,123.70000000000036,160
3898,198.90000000000072,240
3899,-10.5,5
3900,264.60000000000076,300
3901,28.89999999999997,50
3902,25.399999999999977,45
3903,-11.0,10
3904,183.70000000000064,210
3905,42.29999999999996,65
3906,92.40000000000016,110
3907,-10.5,5
3908,-10.5,5
3909,-11.5,15
3910,255.40000000000077,300
3911,230.00000000000088,265
3912,158.40000000000052,190
3913,88.20000000000014,110
3914,75.00000000000011,100
3915,206.60000000000076,240
3916,-11.0,10
3917,4.900000000000002,20
3918,261.30000000000086,300
3919,-10.5,5
3920,22.99999999999998,45
3921,-10.5,5
3922,48.49999999999995,70
3923,25.699999999999974,45
3924,60.09999999999997,80
3925,264.50000000000074,300
3926,72.7000000000001,100
3927,41.89999999999998,70
3928,3.900000000000002,20
3929,58.40000000000004,90
3930,71.90000000000009,100
3931,-10.5,5
3932,159.70000000000059,190
3933,-7.8999999999999995,5
3934,50.199999999999946,70
3935,178.60000000000062,210
3936,45.99999999999996,65
3937,-10.5,5
3938,99.10000000000024,125
3939,47.29999999999996,70
3940,101.70000000000026,160
3941,61.800000000000004,80
3942,149.60000000000045,180
3943,169.30000000000058,210
3944,94.60000000000022,125
3945,24.099999999999987,50
3946,102.10000000000024,125
3947,53.199999999999946,70
3948,54.19999999999994,70
3949,237.5000000000008,270
3950,265.10000000000065,300
3951,22.399999999999977,45
3952,51.49999999999995,70
3953,76.1000000000001,100
3954,174.30000000000055,205
3955,273.40000000000055,300
3956,51.399999999999956,70
3957,129.50000000000037,160
3958,-7.8999999999999995,5
3959,270.00000000000057,300
3960,90.5000000000002,125
3961,271.1000000000005,300
3962,167.70000000000056,205
3963,21.299999999999976,45
3964,96.60000000000021,125
3965,51.49999999999995,70
3966,57.99999999999998,80
3967,271.0000000000005,300
3968,3.900000000000002,20
3969,42.199999999999974,65
3970,88.00000000000017,125
3971,72.50000000000009,95
3972,4.200000000000001,20
3973,2.200000000000003,20
3974,74.9000000000001,100
3975,0.5,20
3976,271.70000000000056,300
3977,49.799999999999955,70
3978,138.90000000000043,160
3979,25.39999999999997,45
3980,-7.199999999999999,10
3981,4.200000000000001,20
3982,-8.6,5
3983,182.80000000000067,220
3984,-4.399999999999999,10
3985,30.49999999999997,50
3986,-3.6999999999999984,15
3987,27.699999999999967,50
3988,272.4000000000006,300
3989,56.69999999999997,80
3990,8.700000000000001,35
3991,125.90000000000035,160
3992,-12.5,25
3993,103.80000000000024,125
3994,48.29999999999995,65
3995,269.40000000000066,300
3996,247.4000000000007,300
3997,182.10000000000068,210
3998,2.900000000000002,20
3999,129.9000000000004,160
4000,46.599999999999966,65
4001,12.399999999999993,35
4002,-7.8999999999999995,5
4003,266.0000000000006,300
4004,63.9,80
4005,27.099999999999973,45
4006,185.80000000000067,210
4007,-10.5,5
4008,62.49999999999999,80
4009,62.50000000000001,80
4010,47.29999999999997,70
4011,-10.5,5
4012,-11.0,10
4013,269.0000000000006,300
4014,190.60000000000065,220
4015,3.5000000000000018,20
4016,-10.5,5
4017,2.200000000000001,20
4018,218.10000000000076,270
4019,79.80000000000011,100
4020,-4.399999999999999,10
4021,49.29999999999996,100
4022,257.00000000000085,300
4023,125.40000000000038,160
4024,87.60000000000014,110
4025,-10.5,5
4026,78.80000000000011,100
4027,208.10000000000076,240
4028,257.8000000000008,300
4029,2.5000000000000036,20
4030,1.6000000000000032,20
4031,100.80000000000024,130
4032,-10.5,5
4033,201.00000000000065,240
4034,153.30000000000055,200
4035,1.9000000000000021,20
4036,-10.5,5
4037,27.79999999999997,50
4038,270.6000000000006,300
4039,43.99999999999996,65
4040,-10.5,5
4041,-10.5,5
4042,-7.8999999999999995,5
4043,77.40000000000009,100
4044,19.199999999999974,40
4045,92.10000000000016,110
4046,23.99999999999998,45
4047,1.1000000000000014,15
4048,5.600000000000003,20
4049,171.0000000000006,210
4050,71.60000000000007,100
4051,168.00000000000054,210
4052,-10.5,5
4053,4.900000000000004,20
4054,63.90000000000001,80
4055,-11.0,10
4056,262.1000000000008,300
4057,68.70000000000007,100
4058,57.799999999999976,80
4059,46.69999999999995,70
4060,58.99999999999999,80
4061,2.200000000000003,20
4062,89.00000000000016,110
4063,56.59999999999997,75
4064,180.30000000000055,240
4065,-2.1999999999999975,20
4066,226.70000000000078,270
4067,182.40000000000063,210
4068,56.29999999999995,70
4069,94.9000000000002,125
4070,1.8000000000000025,20
4071,55.599999999999945,80
4072,2.900000000000002,20
4073,79.80000000000011,100
4074,203.9000000000008,240
4075,99.0000000000002,125
4076,52.09999999999995,70
4077,18.399999999999984,35
4078,241.80000000000092,290
4079,89.40000000000015,110
4080,0.8000000000000025,15
4081,80.10000000000012,130
4082,198.50000000000077,235
4083,1.1000000000000014,15
4084,70.80000000000008,100
4085,19.49999999999998,40
4086,60.49999999999999,80
4087,147.0000000000004,190
4088,55.6,90
4089,62.50000000000001,80
4090,262.2000000000008,300
4091,1.6000000000000032,20
4092,159.70000000000056,190
4093,94.0000000000002,130
4094,63.20000000000001,80
4095,49.39999999999995,70
4096,95.10000000000018,125
4097,33.29999999999996,50
4098,130.30000000000038,160
4099,53.899999999999956,80
4100,-12.5,25
4101,272.5000000000005,300
4102,6.3000000000000025,20
4103,78.40000000000012,100
4104,257.8000000000008,300
4105,3.900000000000004,20
4106,86.90000000000015,110
4107,84.10000000000012,130
4108,-10.5,5
4109,78.80000000000011,100
4110,212.40000000000072,265
4111,51.099999999999945,70
4112,103.60000000000026,130
4113,47.29999999999996,70
4114,265.60000000000065,300
4115,72.40000000000008,100
4116,180.00000000000063,250
4117,266.7000000000008,300
4118,190.70000000000076,250
4119,-11.0,10
4120,61.49999999999999,80
4121,61.49999999999999,80
4122,267.4000000000007,300
4123,168.9000000000006,225
4124,23.299999999999983,45
4125,180.40000000000052,220
4126,-10.5,5
4127,189.2000000000007,220
4128,74.30000000000008,100
4129,71.20000000000007,100
4130,32.599999999999966,50
4131,-10.5,5
4132,-10.5,5
4133,104.50000000000024,125
4134,60.4,80
4135,163.2000000000005,210
4136,-0.6999999999999975,20
4137,52.899999999999935,70
4138,3.900000000000004,20
4139,29.199999999999967,50
4140,207.80000000000072,250
4141,74.60000000000008,100
4142,59.799999999999976,80
4143,-0.7999999999999989,20
4144,-10.5,5
4145,77.10000000000011,100
4146,118.00000000000031,155
4147,155.90000000000046,185
4148,72.60000000000008,100
4149,-11.0,10
4150,48.29999999999995,65
4151,259.10000000000076,300
4152,100.20000000000022,125
4153,79.10000000000012,100
4154,32.599999999999966,50
4155,50.49999999999995,70
4156,68.70000000000007,100
4157,48.99999999999996,70
4158,50.499999999999964,80
4159,23.69999999999998,50
4160,270.1000000000006,300
4161,29.499999999999964,45
4162,180.90000000000063,205
4163,150.40000000000052,190
4164,106.30000000000027,130
4165,54.99999999999995,80
4166,271.00000000000057,300
4167,101.70000000000023,125
4168,212.80000000000075,250
4169,134.10000000000036,160
4170,-10.5,5
4171,129.40000000000038,160
4172,47.69999999999997,70
4173,277.30000000000047,300
4174,202.5000000000007,250
4175,52.09999999999995,70
4176,94.8000000000002,125
4177,140.00000000000043,160
4178,0.3000000000000025,20
4179,59.49999999999998,80
4180,48.699999999999946,65
4181,101.20000000000024,130
4182,1.6000000000000032,20
4183,76.7000000000001,100
4184,207.70000000000078,240
4185,107.00000000000026,125
4186,96.70000000000022,125
4187,102.10000000000025,130
4188,283.20000000000033,300
4189,-11.0,10
4190,38.29999999999996,65
4191,3.200000000000003,20
4192,54.29999999999993,80
4193,101.40000000000023,125
4194,156.00000000000054,190
4195,266.70000000000067,300
4196,46.39999999999995,70
4197,63.6,80
4198,72.6000000000001,100
4199,265.4000000000007,300
4200,230.2000000000008,270
4201,57.69999999999997,75
4202,215.20000000000067,265
4203,92.10000000000016,110
4204,279.0000000000003,300
4205,42.799999999999976,65
4206,133.50000000000034,160
4207,59.69999999999998,80
4208,-11.0,10
4209,46.299999999999955,65
4210,268.40000000000066,300
4211,225.00000000000085,265
4212,98.00000000000023,125
4213,60.09999999999999,80
4214,209.60000000000076,240
4215,232.30000000000078,265
4216,273.4000000000006,300
4217,-11.0,10
4218,85.60000000000021,125
4219,27.099999999999973,45
4220,-2.9999999999999982,15
4221,30.199999999999967,60
4222,58.49999999999998,80
4223,103.20000000000024,130
4224,77.0000000000001,100
4225,75.7000000000001,100
4226,73.50000000000009,100
4227,79.80000000000011,100
4228,58.09999999999997,80
4229,10.099999999999996,30
4230,93.80000000000018,110
4231,56.99999999999998,80
4232,161.80000000000055,190
4233,268.1000000000006,300
4234,176.20000000000056,210
4235,280.4000000000004,300
4236,191.80000000000072,220
4237,185.10000000000068,210
4238,178.60000000000065,210
4239,77.80000000000011,100
4240,21.299999999999976,45
4241,110.40000000000028,130
4242,230.6000000000009,265
4243,268.70000000000067,300
4244,53.89999999999994,70
4245,48.89999999999995,70
4246,-12.5,25
4247,44.799999999999955,70
4248,280.1000000000004,300
4249,52.79999999999994,70
4250,-10.5,5
4251,59.79999999999999,80
4252,104.90000000000025,125
4253,271.1000000000004,300
4254,100.40000000000023,130
4255,31.599999999999966,50
4256,54.59999999999997,80
4257,61.49999999999999,80
4258,178.60000000000056,210
4259,271.20000000000056,300
4260,276.70000000000056,300
4261,31.199999999999974,50
4262,-0.09999999999999787,20
4263,273.5000000000005,300
4264,128.6000000000004,160
4265,37.799999999999976,65
4266,157.20000000000047,190
4267,81.90000000000012,100
4268,275.60000000000053,300
4269,7.000000000000002,20
4270,1.200000000000001,20
4271,30.199999999999967,50
4272,-0.1999999999999993,20
4273,92.40000000000018,110
4274,78.10000000000011,100
4275,210.0000000000008,240
4276,31.899999999999963,50
4277,191.3000000000007,220
4278,178.2000000000006,205
4279,198.7000000000007,250
4280,217.6000000000008,250
4281,46.29999999999995,65
4282,90.80000000000017,130
4283,4.900000000000004,20
4284,176.30000000000058,210
4285,3.200000000000001,20
4286,-10.5,5
4287,49.39999999999995,70
4288,-0.29999999999999893,15
4289,269.8000000000006,300
4290,30.89999999999997,50
4291,88.60000000000014,110
4292,93.10000000000016,110
4293,59.69999999999998,80
4294,267.5000000000007,300
4295,205.60000000000068,250
4296,188.20000000000064,210
4297,50.89999999999995,70
4298,246.4000000000008,300
4299,56.09999999999996,80
4300,-11.0,10
4301,-12.5,25
4302,101.50000000000023,130
4303,250.6000000000008,300
4304,22.89999999999997,45
4305,203.5000000000008,240
4306,91.40000000000016,110
4307,55.69999999999995,80
4308,103.80000000000025,130
4309,265.60000000000076,300
4310,93.90000000000025,125
4311,235.4000000000009,265
4312,-9.9,5
4313,159.50000000000057,185
4314,268.00000000000074,300
4315,208.6000000000008,240
4316,135.5000000000004,160
4317,5.600000000000005,20
4318,0.40000000000000036,20
4319,141.70000000000041,160
4320,83.70000000000023,125
4321,259.1000000000008,300
4322,163.80000000000058,190
4323,95.9000000000002,125
4324,43.99999999999995,70
4325,77.4000000000001,95
4326,4.300000000000004,20
4327,1.9000000000000021,20
4328,243.50000000000082,285
4329,181.7000000000006,210
4330,97.60000000000024,130
4331,51.399999999999956,70
4332,79.80000000000011,100
4333,266.5000000000007,300
4334,200.70000000000084,250
4335,269.3000000000005,300
4336,71.40000000000008,100
4337,-10.5,5
4338,30.199999999999967,50
4339,54.499999999999936,80
4340,177.3000000000007,235
4341,158.80000000000052,190
4342,20.899999999999984,50
4343,234.70000000000084,270
4344,-10.5,5
4345,264.6000000000007,300
4346,84.30000000000014,110
4347,170.30000000000064,210
4348,187.20000000000067,210
4349,23.99999999999998,45
4350,32.29999999999996,50
4351,260.0000000000009,300
4352,96.60000000000022,130
4353,58.99999999999999,80
4354,1.1000000000000014,20
4355,23.599999999999973,40
4356,27.399999999999977,45
4357,2.200000000000003,20
4358,131.30000000000038,160
4359,1.6000000000000032,20
4360,200.70000000000064,265
4361,240.40000000000092,270
4362,208.70000000000084,240
4363,80.50000000000011,100
4364,89.80000000000017,130
4365,126.50000000000043,160
4366,270.2000000000007,300
4367,50.39999999999995,70
4368,28.099999999999973,45
4369,53.49999999999994,70
4370,-10.2,5
4371,52.79999999999995,70
4372,25.199999999999974,50
4373,-8.2,5
4374,81.90000000000012,100
4375,63.20000000000001,80
4376,47.09999999999996,70
4377,202.7000000000007,240
4378,27.699999999999967,50
4379,51.79999999999995,70
4380,271.50000000000057,300
4381,27.79999999999997,45
4382,131.30000000000032,160
4383,4.900000000000004,20
4384,54.19999999999994,70
4385,279.40000000000043,300
4386,273.70000000000056,300
4387,5.600000000000003,20
4388,-10.5,5
4389,277.30000000000047,300
4390,90.40000000000015,110
4391,268.6000000000006,300
4392,99.00000000000024,125
4393,183.2000000000007,220
4394,263.9000000000008,300
4395,-10.5,5
4396,-5.699999999999988,45
4397,133.00000000000037,160
4398,63.199999999999996,80
4399,1.6000000000000032,20
4400,28.099999999999966,45
4401,83.80000000000011,110
4402,61.49999999999998,80
4403,99.40000000000023,130
4404,199.6000000000007,240
4405,-11.0,10
4406,204.90000000000074,240
4407,203.20000000000067,250
4408,2.200000000000003,20
4409,29.799999999999976,50
4410,275.60000000000053,300
4411,193.4000000000007,220
4412,5.600000000000005,20
4413,106.60000000000026,130
4414,275.90000000000055,300
4415,0.5000000000000036,20
4416,79.10000000000011,100
4417,134.7000000000004,160
4418,74.00000000000007,95
4419,156.40000000000052,185
4420,180.00000000000065,210
4421,44.59999999999996,65
4422,43.599999999999966,65
4423,7.000000000000002,20
4424,197.80000000000067,240
4425,79.10000000000011,100
4426,276.4000000000005,300
4427,76.20000000000009,100
4428,-10.5,5
4429,129.7000000000004,160
4430,-10.5,5
4431,24.99999999999997,45
4432,-10.5,5
4433,93.50000000000017,110
4434,4.200000000000005,20
4435,18.399999999999984,40
4436,74.20000000000009,100
4437,64.70000000000003,100
4438,272.20000000000044,300
4439,103.50000000000024,125
4440,26.699999999999974,45
4441,52.099999999999945,70
4442,73.40000000000008,100
4443,135.8000000000004,160
4444,-10.5,5
4445,64.60000000000001,80
4446,6.3000000000000025,20
4447,206.90000000000077,240
4448,42.19999999999997,65
4449,19.299999999999983,40
4450,279.1000000000004,300
4451,100.40000000000025,130
4452,279.8000000000004,300
4453,81.90000000000012,100
4454,0.40000000000000213,15
4455,102.20000000000024,130
4456,139.60000000000045,160
4457,60.49999999999998,80
4458,104.20000000000024,130
4459,273.8000000000005,300
4460,233.30000000000084,265
4461,-10.5,5
4462,2.200000000000001,20
4463,1.8000000000000025,20
4464,-11.5,15
4465,55.79999999999995,80
4466,90.00000000000016,110
4467,-10.5,5
4468,76.1000000000001,100
4469,-10.5,5
4470,-6.5,5
4471,235.50000000000085,270
4472,278.80000000000047,300
4473,42.89999999999997,65
4474,263.2000000000008,300
4475,54.89999999999994,70
4476,51.099999999999945,70
4477,138.20000000000041,160
4478,161.40000000000052,190
4479,274.50000000000057,300
4480,-11.0,10
4481,227.1000000000008,265
4482,127.20000000000036,160
4483,-10.5,5
4484,95.20000000000022,125
4485,3.5000000000000036,20
4486,48.799999999999955,70
4487,213.80000000000075,240
4488,-2.4999999999999973,20
4489,94.20000000000017,110
4490,270.4000000000005,300
4491,-10.5,5
4492,77.0000000000001,100
4493,72.6000000000001,100
4494,-10.5,5
4495,48.299999999999955,65
4496,27.399999999999977,45
4497,100.50000000000023,130
4498,276.20000000000044,300
4499,268.80000000000064,300
4500,66.70000000000006,100
4501,62.49999999999999,80
4502,51.79999999999995,70
4503,57.799999999999976,80
4504,75.1000000000001,100
4505,80.50000000000011,100
4506,59.699999999999996,80
4507,27.199999999999967,50
4508,5.600000000000003,20
4509,5.600000000000003,20
4510,178.5000000000006,210
4511,25.39999999999997,45
4512,129.90000000000035,160
4513,140.00000000000043,160
4514,190.6000000000006,240
4515,92.10000000000016,110
4516,4.900000000000002,20
4517,48.99999999999994,70
4518,65.80000000000004,100
4519,40.79999999999998,70
4520,2.200000000000001,20
4521,49.49999999999994,70
4522,268.5000000000006,300
4523,275.30000000000047,300
4524,101.90000000000025,130
4525,44.899999999999956,65
4526,6.3000000000000025,20
4527,80.50000000000011,100
4528,4.200000000000001,20
4529,100.40000000000025,130
4530,1.3000000000000025,20
4531,153.50000000000048,185
4532,268.70000000000056,300
4533,56.99999999999998,80
4534,22.99999999999997,45
4535,61.79999999999999,80
4536,97.4000000000002,125
4537,92.40000000000016,110
4538,135.3000000000004,160
4539,146.30000000000044,180
4540,-10.5,5
4541,103.90000000000026,130
4542,32.59999999999996,50
4543,59.09999999999997,80
4544,60.899999999999984,80
4545,43.19999999999995,65
4546,21.49999999999998,40
4547,4.900000000000004,20
4548,54.899999999999956,70
4549,194.1000000000007,220
4550,93.80000000000017,110
4551,262.60000000000076,300
4552,61.20000000000008,95
4553,283.30000000000035,300
4554,220.40000000000057,270
4555,280.40000000000043,300
4556,58.09999999999997,80
4557,26.699999999999974,45
4558,52.09999999999995,70
4559,199.20000000000073,240
4560,212.70000000000078,250
4561,159.40000000000057,210
4562,277.4000000000005,300
4563,177.50000000000063,205
4564,123.40000000000032,160
4565,272.1000000000006,300
4566,102.10000000000024,125
4567,4.600000000000003,20
4568,93.10000000000016,110
4569,5.600000000000003,20
4570,7.000000000000002,20
4571,3.600000000000003,20
4572,-10.5,5
4573,158.30000000000052,190
4574,270.8000000000006,300
4575,29.199999999999967,50
4576,155.10000000000053,190
4577,101.40000000000025,125
4578,4.600000000000003,20
4579,32.599999999999966,50
4580,71.00000000000006,100
4581,32.599999999999966,50
4582,130.90000000000038,160
4583,186.50000000000063,210
4584,86.70000000000013,110
4585,92.00000000000017,130
4586,186.2000000000007,210
4587,281.2000000000004,300
4588,53.199999999999946,80
4589,52.49999999999994,70
4590,100.70000000000023,130
4591,44.299999999999955,65
4592,86.90000000000015,110
4593,201.70000000000067,240
4594,268.40000000000066,300
4595,268.5000000000006,300
4596,107.30000000000027,130
4597,128.9000000000004,160
4598,72.10000000000007,100
4599,89.00000000000014,110
4600,199.30000000000064,240
4601,63.9,80
4602,280.9000000000004,300
4603,12.69999999999999,40
4604,-0.3999999999999986,20
4605,180.0000000000006,210
4606,254.40000000000086,300
4607,59.89999999999997,80
4608,278.0000000000005,300
4609,70.00000000000007,100
4610,22.899999999999977,40
4611,43.19999999999996,65
4612,73.00000000000007,100
4613,134.1000000000004,160
4614,271.8000000000005,300
4615,79.10000000000011,100
4616,229.20000000000087,270
4617,83.20000000000013,110
4618,-11.0,10
4619,133.5000000000004,160
4620,1.9000000000000021,20
4621,47.299999999999955,65
4622,95.20000000000017,110
4623,-11.0,10
4624,75.30000000000011,100
4625,276.3000000000005,300
4626,32.599999999999966,50
4627,74.3000000000001,100
4628,-10.5,5
4629,6.3000000000000025,20
4630,273.10000000000065,300
4631,85.60000000000014,110
4632,6.3000000000000025,20
4633,25.799999999999983,50
4634,51.099999999999945,65
4635,62.59999999999999,80
4636,254.80000000000067,300
4637,1.5000000000000018,20
4638,164.20000000000056,190
4639,-10.5,5
4640,105.90000000000025,125
4641,77.0000000000001,100
4642,53.89999999999994,70
4643,51.199999999999946,70
4644,279.9000000000005,300
4645,91.80000000000017,110
4646,157.80000000000052,190
4647,100.40000000000022,125
4648,215.80000000000078,250
4649,180.00000000000065,220
4650,49.49999999999995,70
4651,271.80000000000064,300
4652,7.000000000000002,20
4653,-11.0,10
4654,5.600000000000003,20
4655,-10.5,5
4656,278.10000000000053,300
4657,-10.5,5
4658,255.30000000000067,300
4659,278.80000000000047,300
4660,-9.6,5
4661,192.50000000000063,240
4662,59.69999999999998,80
4663,273.2000000000005,300
4664,57.70000000000004,90
4665,7.000000000000002,20
4666,103.80000000000025,130
4667,102.50000000000023,125
4668,275.0000000000005,300
4669,239.60000000000093,270
4670,-10.5,5
4671,96.00000000000021,125
4672,273.2000000000005,300
4673,278.7000000000004,300
4674,236.50000000000094,270
4675,204.4000000000007,235
4676,28.099999999999966,45
4677,25.39999999999997,45
4678,64.60000000000001,80
4679,53.199999999999946,70
4680,5.600000000000005,20
4681,57.99999999999999,80
4682,89.00000000000014,110
4683,-10.5,5
4684,-2.5999999999999988,20
4685,104.20000000000026,130
4686,278.9000000000005,300
4687,136.30000000000038,160
4688,137.5000000000004,160
4689,237.9000000000009,270
4690,91.80000000000015,110
4691,279.5000000000004,300
4692,242.90000000000077,300
4693,-10.5,5
4694,270.0000000000002,300
4695,209.80000000000084,240
4696,78.80000000000011,100
4697,65.10000000000008,100
4698,50.39999999999994,65
4699,51.399999999999956,70
4700,26.79999999999997,45
4701,18.69999999999999,65
4702,82.60000000000012,100
4703,-10.7,10
4704,29.499999999999964,45
4705,-12.5,25
4706,277.8000000000004,300
4707,130.7000000000004,160
4708,275.3000000000006,300
4709,73.70000000000009,100
4710,57.69999999999997,80
4711,270.40000000000055,300
4712,132.00000000000037,160
4713,137.6000000000004,160
4714,208.50000000000077,240
4715,283.6000000000003,300
4716,73.9000000000001,100
4717,237.80000000000086,265
4718,266.3000000000007,300
4719,90.40000000000016,110
4720,32.59999999999996,50
4721,235.8000000000008,270
4722,181.90000000000057,220
4723,168.50000000000063,205
4724,185.40000000000057,220
4725,266.2000000000008,300
4726,4.300000000000004,20
4727,237.5000000000009,270
4728,192.80000000000072,220
4729,281.80000000000035,300
4730,76.10000000000008,100
4731,87.60000000000015,110
4732,199.4000000000007,240
4733,27.099999999999973,45
4734,279.50000000000045,300
4735,77.80000000000008,110
4736,48.699999999999946,70
4737,81.90000000000012,100
4738,64.60000000000001,80
4739,49.099999999999945,70
4740,271.5000000000007,300
4741,93.20000000000016,110
4742,-9.6,5
4743,280.5000000000004,300
4744,272.6000000000006,300
4745,183.0000000000006,205
4746,270.4000000000006,300
4747,268.20000000000067,300
4748,-10.5,5
4749,55.599999999999945,70
4750,25.99999999999997,45
4751,60.09999999999999,80
4752,274.60000000000036,300
4753,220.40000000000086,250
4754,29.499999999999964,45
4755,94.50000000000017,110
4756,273.90000000000055,300
4757,240.00000000000094,270
4758,168.60000000000056,205
4759,-11.0,10
4760,19.799999999999983,40
4761,100.80000000000024,125
4762,130.20000000000041,160
4763,269.9000000000006,300
4764,1.1000000000000014,15
4765,234.00000000000077,265
4766,131.6000000000004,160
4767,271.50000000000057,300
4768,52.49999999999994,70
4769,54.899999999999956,70
4770,89.30000000000017,110
4771,269.0000000000006,300
4772,77.4000000000001,100
4773,49.89999999999995,70
4774,85.90000000000016,110
4775,222.1000000000008,250
4776,132.9000000000004,160
4777,53.49999999999994,70
4778,275.2000000000005,300
4779,283.6000000000003,300
4780,208.6000000000007,250
4781,3.200000000000003,20
4782,280.50000000000045,300
4783,107.10000000000025,130
4784,62.199999999999996,80
4785,96.50000000000021,125
4786,265.3000000000008,300
4787,185.10000000000062,210
4788,93.80000000000017,110
4789,1.5000000000000018,20
4790,4.600000000000003,20
4791,272.10000000000065,300
4792,-0.5,20
4793,273.3000000000006,300
4794,283.3000000000003,300
4795,61.09999999999999,80
4796,275.7000000000005,300
4797,61.49999999999999,80
4798,46.59999999999995,65
4799,53.199999999999946,70
4800,211.70000000000078,240
4801,273.2000000000006,300
4802,184.50000000000065,210
4803,199.30000000000075,220
4804,133.3000000000004,160
4805,58.69999999999998,75
4806,54.899999999999956,80
4807,124.40000000000035,160
4808,255.40000000000057,300
4809,-11.0,10
4810,190.70000000000064,220
4811,102.50000000000024,125
4812,270.50000000000057,300
4813,273.8000000000005,300
4814,45.19999999999997,65
4815,277.3000000000005,300
4816,-10.5,5
4817,157.1000000000005,190
4818,54.599999999999945,70
4819,4.900000000000002,20
4820,92.10000000000016,110
4821,81.20000000000013,100
4822,28.79999999999997,45
4823,105.60000000000025,125
4824,3.200000000000003,20
4825,193.70000000000064,220
4826,91.10000000000016,110
4827,232.60000000000073,270
4828,51.49999999999994,70
4829,270.4000000000006,300
4830,7.000000000000002,20
4831,52.49999999999995,70
4832,1.1000000000000014,15
4833,92.10000000000018,110
4834,72.70000000000007,100
4835,76.8000000000001,100
4836,50.79999999999994,70
4837,80.50000000000011,100
4838,48.69999999999996,70
4839,89.00000000000016,110
4840,-10.5,5
4841,213.70000000000076,250
4842,58.69999999999998,80
4843,-10.5,5
4844,278.3000000000005,300
4845,71.10000000000007,100
4846,54.89999999999994,70
4847,126.60000000000036,160
4848,59.69999999999998,80
4849,46.299999999999955,65
4850,182.10000000000065,210
4851,272.1000000000006,300
4852,-10.5,5
4853,5.600000000000005,20
4854,263.0000000000008,300
4855,53.199999999999946,70
4856,188.8000000000008,230
4857,79.10000000000011,100
4858,55.399999999999956,80
4859,268.0000000000007,300
4860,248.9000000000007,300
4861,102.20000000000024,130
4862,278.20000000000044,300
4863,283.6000000000003,300
4864,262.5000000000007,300
4865,52.89999999999994,70
4866,274.00000000000057,300
4867,4.900000000000004,20
4868,163.5000000000006,190
4869,128.9000000000004,160
4870,6.3000000000000025,20
4871,279.4000000000004,300
4872,184.8000000000006,220
4873,56.59999999999997,80
4874,51.49999999999994,70
4875,271.40000000000055,300
4876,45.49999999999996,65
4877,94.7000000000002,125
4878,98.50000000000021,130
4879,-10.5,5
4880,4.200000000000001,20
4881,50.799999999999955,70
4882,258.90000000000043,300
4883,282.50000000000034,300
4884,4.600000000000003,20
4885,91.2000000000002,125
4886,79.80000000000013,100
4887,32.29999999999996,50
4888,6.3000000000000025,20
4889,63.000000000000064,100
4890,175.70000000000059,205
4891,22.899999999999977,40
4892,2.200000000000003,20
4893,158.70000000000056,190
4894,212.80000000000084,250
4895,105.90000000000026,130
4896,279.0000000000004,300
4897,-10.5,5
4898,213.2000000000008,250
4899,89.70000000000014,110
4900,155.70000000000056,190
4901,275.50000000000045,300
4902,4.200000000000005,20
4903,99.60000000000022,125
4904,17.799999999999983,40
4905,96.8000000000002,125
4906,161.80000000000058,190
4907,265.7000000000007,300
4908,213.2000000000008,240
4909,-10.5,5
4910,273.10000000000053,300
4911,238.50000000000088,270
4912,249.60000000000073,300
4913,-11.5,15
4914,108.00000000000027,130
4915,279.40000000000043,300
4916,4.900000000000002,20
4917,271.60000000000065,300
4918,78.10000000000011,100
4919,270.20000000000067,300
4920,50.49999999999994,70
4921,245.80000000000086,300
4922,266.20000000000067,300
4923,209.6000000000008,250
4924,-10.5,5
4925,271.60000000000053,300
4926,-10.5,5
4927,-10.5,5
4928,207.7000000000008,240
4929,4.200000000000003,20
4930,282.20000000000033,300
4931,4.600000000000003,20
4932,109.40000000000028,130
4933,181.10000000000062,210
4934,73.70000000000009,100
4935,215.50000000000077,250
4936,157.60000000000053,190
4937,91.40000000000015,110
4938,280.2000000000004,300
4939,93.80000000000018,110
4940,52.499999999999936,70
4941,52.49999999999994,70
4942,276.1000000000006,300
4943,-8.7,10
4944,23.299999999999976,40
4945,278.00000000000045,300
4946,183.70000000000064,210
4947,278.2000000000005,300
4948,97.80000000000021,125
4949,282.5000000000004,300
4950,268.90000000000066,300
4951,-10.5,5
4952,61.899999999999984,80
4953,244.40000000000092,270
4954,7.000000000000002,20
4955,49.99999999999995,70
4956,52.49999999999994,70
4957,280.8000000000004,300
4958,120.00000000000034,150
4959,270.7000000000006,300
4960,48.999999999999964,70
4961,5.600000000000003,20
4962,-12.5,25
4963,138.20000000000033,160
4964,202.80000000000075,240
4965,78.4000000000001,100
4966,212.80000000000084,240
4967,274.8000000000005,300
4968,-10.5,5
4969,281.2000000000004,300
4970,279.8000000000004,300
4971,201.4000000000007,240
4972,-10.5,5
4973,140.3000000000004,160
4974,65.30000000000001,80
4975,131.80000000000038,160
4976,77.4000000000001,100
4977,133.80000000000038,160
4978,152.30000000000052,190
4979,284.00000000000034,300
4980,218.00000000000085,250
4981,277.4000000000005,300
4982,-10.5,5
4983,282.20000000000033,300
4984,4.300000000000004,20
4985,27.79999999999997,50
4986,85.30000000000015,110
4987,103.30000000000022,130
4988,282.6000000000004,300
4989,5.600000000000005,20
4990,33.29999999999996,50
4991,268.30000000000064,300
4992,227.50000000000082,265
4993,107.70000000000027,130
4994,5.300000000000004,20
4995,31.899999999999963,50
4996,260.6000000000005,300
4997,277.30000000000047,300
4998,90.40000000000018,110
4999,31.89999999999997,50
5000,263.80000000000047,300
